Index,Close,Volume
2010-01-04,,
2010-01-05,17.463,31033.0
2010-01-06,17.8,33066.0
2010-01-07,18.175,35556.0
2010-01-08,18.345,27484.0
2010-01-11,18.47,35476.0
2010-01-12,18.695,31146.0
2010-01-13,18.255,35423.0
2010-01-14,18.55,31945.0
2010-01-15,18.655,24813.0
2010-01-18,18.427,22837.0
2010-01-19,,
2010-01-20,18.8,35857.0
2010-01-21,17.88,53618.0
2010-01-22,17.51,50924.0
2010-01-25,16.932000000000002,46913.0
2010-01-26,17.145,27773.0
2010-01-27,16.86,46809.0
2010-01-28,16.44,33157.0
2010-01-29,16.212,45229.0
2010-02-01,16.19,34638.0
2010-02-02,16.66,32608.0
2010-02-03,16.743,30476.0
2010-02-04,16.317,39504.0
2010-02-05,15.35,66055.0
2010-02-08,14.83,58180.0
2010-02-09,15.085,34599.0
2010-02-10,15.435,45762.0
2010-02-11,15.3,42715.0
2010-02-12,15.59,40994.0
2010-02-15,15.447000000000001,31992.0
2010-02-16,,
2010-02-17,16.175,11866.0
2010-02-18,16.123,12705.0
2010-02-19,16.085,10529.0
2010-02-22,16.439,7450.0
2010-02-23,16.248,16037.0
2010-02-24,15.913,21793.0
2010-02-25,15.963,30078.0
2010-02-26,16.132,46680.0
2010-03-01,16.521,30203.0
2010-03-02,16.469,25616.0
2010-03-03,17.064,34385.0
2010-03-04,17.329,31912.0
2010-03-05,17.176,29640.0
2010-03-08,17.382,25922.0
2010-03-09,17.272000000000002,27339.0
2010-03-10,17.338,33935.0
2010-03-11,17.018,43769.0
2010-03-12,17.16,29549.0
2010-03-15,17.048,27985.0
2010-03-16,17.108,18346.0
2010-03-17,17.354,26919.0
2010-03-18,17.523,24405.0
2010-03-19,17.422,24390.0
2010-03-22,17.032,34994.0
2010-03-23,16.935,31756.0
2010-03-24,17.027,28490.0
2010-03-25,16.641,27078.0
2010-03-26,16.741,27021.0
2010-03-29,16.906,29725.0
2010-03-30,17.387,31982.0
2010-03-31,17.33,19991.0
2010-04-01,17.526,31007.0
2010-04-02,17.89,29892.0
2010-04-05,,
2010-04-06,18.118,22220.0
2010-04-07,17.930999999999997,28989.0
2010-04-08,18.199,32374.0
2010-04-09,18.127,31800.0
2010-04-12,18.351,33258.0
2010-04-13,18.414,31764.0
2010-04-14,18.249000000000002,44253.0
2010-04-15,18.415,33780.0
2010-04-16,18.463,3159.0
2010-04-19,17.702,8332.0
2010-04-20,17.758,5055.0
2010-04-21,17.851,13534.0
2010-04-22,18.109,9539.0
2010-04-23,18.039,10443.0
2010-04-26,18.223,12885.0
2010-04-27,18.369,20273.0
2010-04-28,18.149,17618.0
2010-04-29,18.135,33437.0
2010-04-30,18.579,37867.0
2010-05-03,18.639,31088.0
2010-05-04,18.84,22953.0
2010-05-05,17.842,52694.0
2010-05-06,17.534000000000002,61742.0
2010-05-07,17.515,51535.0
2010-05-10,18.451,55541.0
2010-05-11,18.552,31061.0
2010-05-12,19.294,55595.0
2010-05-13,19.663,41778.0
2010-05-14,19.499000000000002,41261.0
2010-05-17,19.225,45516.0
2010-05-18,18.859,35218.0
2010-05-19,18.879,36319.0
2010-05-20,18.115,55949.0
2010-05-21,17.715,50571.0
2010-05-24,17.651,38170.0
2010-05-25,18.0,25801.0
2010-05-26,17.781,34394.0
2010-05-27,18.305999999999997,36084.0
2010-05-28,18.468,27464.0
2010-05-31,18.422,25591.0
2010-06-01,,
2010-06-02,18.551,30096.0
2010-06-03,18.315,26784.0
2010-06-04,17.930999999999997,28001.0
2010-06-07,17.299,41852.0
2010-06-08,18.162,47701.0
2010-06-09,18.477,36706.0
2010-06-10,18.189,32719.0
2010-06-11,18.351,32650.0
2010-06-14,18.230999999999998,34038.0
2010-06-15,18.410999999999998,22851.0
2010-06-16,18.623,5405.0
2010-06-17,18.486,10255.0
2010-06-18,18.822,8226.0
2010-06-21,19.230999999999998,14332.0
2010-06-22,18.854,14619.0
2010-06-23,18.947,11257.0
2010-06-24,18.504,17309.0
2010-06-25,18.776,21754.0
2010-06-28,19.152,32911.0
2010-06-29,18.718,29451.0
2010-06-30,18.635,35288.0
2010-07-01,18.708,24481.0
2010-07-02,17.79,45720.0
2010-07-05,17.719,33377.0
2010-07-06,,
2010-07-07,17.857,27525.0
2010-07-08,18.0,26306.0
2010-07-09,17.872,22154.0
2010-07-12,18.073,17328.0
2010-07-13,17.917,18043.0
2010-07-14,18.257,20222.0
2010-07-15,18.29,24718.0
2010-07-16,18.362000000000002,24741.0
2010-07-19,17.788,30802.0
2010-07-20,17.543,30019.0
2010-07-21,17.692999999999998,24619.0
2010-07-22,17.803,23881.0
2010-07-23,18.12,31290.0
2010-07-26,18.101,26282.0
2010-07-27,18.2,19837.0
2010-07-28,17.625999999999998,37010.0
2010-07-29,17.441,34905.0
2010-07-30,17.617,23989.0
2010-08-02,18.003,33073.0
2010-08-03,18.419,38011.0
2010-08-04,18.422,24150.0
2010-08-05,18.278,27647.0
2010-08-06,18.320999999999998,21242.0
2010-08-09,18.472,24813.0
2010-08-10,18.242,18543.0
2010-08-11,18.158,33311.0
2010-08-12,17.902,32136.0
2010-08-13,18.065,27839.0
2010-08-16,18.109,18890.0
2010-08-17,18.483,3993.0
2010-08-18,18.65,7801.0
2010-08-19,18.452,26915.0
2010-08-20,18.379,10195.0
2010-08-23,18.041,11634.0
2010-08-24,18.042,14040.0
2010-08-25,18.428,24824.0
2010-08-26,19.072,29538.0
2010-08-27,19.022000000000002,31815.0
2010-08-30,19.074,38392.0
2010-08-31,19.074,17580.0
2010-09-01,19.432000000000002,28852.0
2010-09-02,19.393,25459.0
2010-09-03,19.672,26868.0
2010-09-06,19.949,32087.0
2010-09-07,,
2010-09-08,19.914,35393.0
2010-09-09,20.009,30910.0
2010-09-10,19.855,33336.0
2010-09-13,19.845,28593.0
2010-09-14,20.151,27797.0
2010-09-15,20.432000000000002,38527.0
2010-09-16,20.570999999999998,29634.0
2010-09-17,20.771,29055.0
2010-09-20,20.816,33742.0
2010-09-21,20.803,23172.0
2010-09-22,20.64,36197.0
2010-09-23,21.055,37238.0
2010-09-24,21.213,31604.0
2010-09-27,21.399,31422.0
2010-09-28,21.471,26919.0
2010-09-29,21.706999999999997,52370.0
2010-09-30,21.951999999999998,39296.0
2010-10-01,21.820999999999998,48893.0
2010-10-04,22.06,38171.0
2010-10-05,22.035999999999998,27334.0
2010-10-06,22.737,55849.0
2010-10-07,23.043000000000003,47916.0
2010-10-08,22.584,85434.0
2010-10-11,23.105,67185.0
2010-10-12,23.349,39724.0
2010-10-13,23.147,49055.0
2010-10-14,23.932,57540.0
2010-10-15,24.435,75396.0
2010-10-18,24.288,68861.0
2010-10-19,24.413,54893.0
2010-10-20,23.78,78074.0
2010-10-21,23.864,53355.0
2010-10-22,23.139,76229.0
2010-10-25,23.118000000000002,49833.0
2010-10-26,23.544,44473.0
2010-10-27,23.83,64287.0
2010-10-28,23.404,59352.0
2010-10-29,23.875,51739.0
2010-11-01,24.564,63336.0
2010-11-02,24.552,52493.0
2010-11-03,24.836,43017.0
2010-11-04,24.436,80500.0
2010-11-05,26.043000000000003,80678.0
2010-11-08,26.748,80678.0
2010-11-09,27.432,89079.0
2010-11-10,28.906,174399.0
2010-11-11,26.865,140678.0
2010-11-12,27.405,84597.0
2010-11-15,25.941999999999997,110643.0
2010-11-16,26.166999999999998,9863.0
2010-11-17,25.305999999999997,13439.0
2010-11-18,25.585,12249.0
2010-11-19,26.909000000000002,10516.0
2010-11-22,27.254,11318.0
2010-11-23,27.535999999999998,15391.0
2010-11-24,27.647,38709.0
2010-11-25,27.603,24516.0
2010-11-26,,
2010-11-29,26.772,43221.0
2010-11-30,27.193,82392.0
2010-12-01,28.212,81317.0
2010-12-02,28.413,66089.0
2010-12-03,28.572,64734.0
2010-12-06,29.271,59924.0
2010-12-07,29.735,79168.0
2010-12-08,29.776999999999997,104213.0
2010-12-09,28.252,103267.0
2010-12-10,28.816999999999997,63142.0
2010-12-13,28.605,58433.0
2010-12-14,29.624000000000002,55049.0
2010-12-15,29.788,60484.0
2010-12-16,29.253,62218.0
2010-12-17,28.781999999999996,65070.0
2010-12-20,29.133000000000003,42381.0
2010-12-21,29.355,44861.0
2010-12-22,29.394000000000002,43160.0
2010-12-23,29.385,23698.0
2010-12-24,29.328000000000003,27660.0
2010-12-27,,
2010-12-28,29.255,17466.0
2010-12-29,30.323,36907.0
2010-12-30,30.704,30064.0
2010-12-31,30.513,27583.0
2011-01-03,30.936999999999998,15992.0
2011-01-04,31.125,41283.0
2011-01-05,29.508000000000003,80878.0
2011-01-06,29.198,81705.0
2011-01-07,29.125999999999998,62887.0
2011-01-10,28.671,86333.0
2011-01-11,28.861,46774.0
2011-01-12,29.499000000000002,51490.0
2011-01-13,29.545,47047.0
2011-01-14,29.263,68071.0
2011-01-17,28.32,78248.0
2011-01-18,,
2011-01-19,28.912,58706.0
2011-01-20,28.801,77586.0
2011-01-21,27.473000000000003,92814.0
2011-01-24,27.427,61642.0
2011-01-25,27.320999999999998,58437.0
2011-01-26,26.805,64485.0
2011-01-27,27.128,52175.0
2011-01-28,27.031,62547.0
2011-01-31,27.919,77481.0
2011-02-01,28.169,55100.0
2011-02-02,28.514,62568.0
2011-02-03,28.289,42636.0
2011-02-04,28.728,67109.0
2011-02-07,29.059,55833.0
2011-02-08,29.343000000000004,43062.0
2011-02-09,30.271,70215.0
2011-02-10,30.276,61613.0
2011-02-11,30.094,57500.0
2011-02-14,29.995,58902.0
2011-02-15,30.534000000000002,52913.0
2011-02-16,30.721,7508.0
2011-02-17,30.644000000000002,21251.0
2011-02-18,31.581,24166.0
2011-02-21,32.285,24160.0
2011-02-22,,
2011-02-23,32.856,41095.0
2011-02-24,33.304,42167.0
2011-02-25,33.18,53762.0
2011-02-28,32.923,61035.0
2011-03-01,33.82,56446.0
2011-03-02,34.427,55982.0
2011-03-03,34.835,51111.0
2011-03-04,34.327,63916.0
2011-03-07,35.327,62971.0
2011-03-08,35.865,83244.0
2011-03-09,35.658,68251.0
2011-03-10,36.047,62985.0
2011-03-11,35.066,79709.0
2011-03-14,35.935,97895.0
2011-03-15,35.84,55849.0
2011-03-16,34.117,105109.0
2011-03-17,34.472,80946.0
2011-03-18,34.258,56777.0
2011-03-21,35.058,58065.0
2011-03-22,36.001,50728.0
2011-03-23,36.269,58178.0
2011-03-24,37.198,61452.0
2011-03-25,37.375,93262.0
2011-03-28,37.049,70937.0
2011-03-29,37.088,60412.0
2011-03-30,36.986999999999995,56625.0
2011-03-31,37.510999999999996,69244.0
2011-04-01,37.888000000000005,52152.0
2011-04-04,37.732,75651.0
2011-04-05,38.494,47213.0
2011-04-06,39.183,79389.0
2011-04-07,39.387,72001.0
2011-04-08,39.552,62611.0
2011-04-11,40.608000000000004,69426.0
2011-04-12,40.611999999999995,114562.0
2011-04-13,40.066,122887.0
2011-04-14,40.236999999999995,87465.0
2011-04-15,41.663999999999994,99886.0
2011-04-18,42.599,17804.0
2011-04-19,42.98,27865.0
2011-04-20,43.927,18725.0
2011-04-21,44.477,23359.0
2011-04-22,46.077,41626.0
2011-04-25,,
2011-04-26,47.173,83425.0
2011-04-27,45.07899999999999,95423.0
2011-04-28,45.986999999999995,127848.0
2011-04-29,47.541000000000004,170645.0
2011-05-02,48.599,95219.0
2011-05-03,46.083999999999996,177804.0
2011-05-04,42.585,162613.0
2011-05-05,39.388000000000005,161412.0
2011-05-06,36.24,195073.0
2011-05-09,35.287,178981.0
2011-05-10,37.116,96763.0
2011-05-11,38.486,89894.0
2011-05-12,35.515,137582.0
2011-05-13,34.797,149061.0
2011-05-16,35.013000000000005,114371.0
2011-05-17,34.132,81496.0
2011-05-18,33.491,81915.0
2011-05-19,35.097,73993.0
2011-05-20,34.931999999999995,61347.0
2011-05-23,35.086999999999996,69709.0
2011-05-24,34.904,41533.0
2011-05-25,36.128,78124.0
2011-05-26,37.641999999999996,79189.0
2011-05-27,37.33,78870.0
2011-05-30,37.863,48528.0
2011-05-31,,
2011-06-01,38.305,57366.0
2011-06-02,37.694,81087.0
2011-06-03,36.202,84564.0
2011-06-06,36.191,77855.0
2011-06-07,36.782,52996.0
2011-06-08,37.046,62329.0
2011-06-09,36.62,53551.0
2011-06-10,37.424,45819.0
2011-06-13,36.327,62371.0
2011-06-14,34.736999999999995,73660.0
2011-06-15,35.411,65679.0
2011-06-16,35.421,5945.0
2011-06-17,35.571999999999996,8791.0
2011-06-20,35.759,14636.0
2011-06-21,36.084,8959.0
2011-06-22,36.393,12140.0
2011-06-23,36.754,6365.0
2011-06-24,35.016,28058.0
2011-06-27,34.65,19877.0
2011-06-28,33.597,31680.0
2011-06-29,33.652,40137.0
2011-06-30,34.769,61820.0
2011-07-01,34.832,43755.0
2011-07-04,33.705,46214.0
2011-07-05,,
2011-07-06,35.41,57238.0
2011-07-07,35.916,63139.0
2011-07-08,36.536,48418.0
2011-07-11,36.543,44291.0
2011-07-12,35.698,56772.0
2011-07-13,35.634,58158.0
2011-07-14,38.150999999999996,89971.0
2011-07-15,38.694,78054.0
2011-07-18,39.071,54164.0
2011-07-19,40.342,71052.0
2011-07-20,40.221,75393.0
2011-07-21,39.558,66670.0
2011-07-22,38.946999999999996,71667.0
2011-07-25,40.122,54735.0
2011-07-26,40.361,62387.0
2011-07-27,40.698,51311.0
2011-07-28,40.568000000000005,77251.0
2011-07-29,39.794000000000004,55076.0
2011-08-01,40.106,45689.0
2011-08-02,39.309,44352.0
2011-08-03,40.092,45261.0
2011-08-04,41.758,74374.0
2011-08-05,39.431,113358.0
2011-08-08,38.211,85738.0
2011-08-09,39.38,72949.0
2011-08-10,37.883,90833.0
2011-08-11,39.327,63775.0
2011-08-12,38.669000000000004,56142.0
2011-08-15,39.114000000000004,31934.0
2011-08-16,39.336999999999996,9636.0
2011-08-17,39.848,12047.0
2011-08-18,40.378,14995.0
2011-08-19,40.716,16099.0
2011-08-22,42.467,23715.0
2011-08-23,43.365,33980.0
2011-08-24,42.33,36915.0
2011-08-25,39.201,48704.0
2011-08-26,40.793,39983.0
2011-08-29,41.001000000000005,47955.0
2011-08-30,40.601,37421.0
2011-08-31,41.464,45895.0
2011-09-01,41.768,37868.0
2011-09-02,41.532,27885.0
2011-09-05,43.068999999999996,39343.0
2011-09-06,,
2011-09-07,41.868,66820.0
2011-09-08,41.631,41675.0
2011-09-09,42.53,34441.0
2011-09-12,41.623999999999995,41042.0
2011-09-13,40.217,44635.0
2011-09-14,41.193000000000005,38175.0
2011-09-15,40.533,37555.0
2011-09-16,39.501,47361.0
2011-09-19,40.830999999999996,35314.0
2011-09-20,39.163000000000004,46847.0
2011-09-21,40.137,43515.0
2011-09-22,40.469,42602.0
2011-09-23,36.578,84689.0
2011-09-26,30.101,120503.0
2011-09-27,29.976,112615.0
2011-09-28,31.535999999999998,79663.0
2011-09-29,30.134,63280.0
2011-09-30,30.522,51467.0
2011-10-03,30.083000000000002,41074.0
2011-10-04,30.795,40889.0
2011-10-05,29.839000000000002,52148.0
2011-10-06,30.351999999999997,48592.0
2011-10-07,32.005,51588.0
2011-10-10,30.993000000000002,41990.0
2011-10-11,31.98,23649.0
2011-10-12,31.998,33404.0
2011-10-13,32.789,37494.0
2011-10-14,31.666999999999998,30573.0
2011-10-17,32.173,29296.0
2011-10-18,31.820999999999998,37334.0
2011-10-19,31.831,55972.0
2011-10-20,31.276999999999997,49507.0
2011-10-21,30.281,53262.0
2011-10-24,31.193,32805.0
2011-10-25,31.644000000000002,29122.0
2011-10-26,33.052,52769.0
2011-10-27,33.31,39072.0
2011-10-28,35.111999999999995,50172.0
2011-10-31,35.288000000000004,35761.0
2011-11-01,34.354,31996.0
2011-11-02,32.731,51692.0
2011-11-03,33.943000000000005,37882.0
2011-11-04,34.498000000000005,40275.0
2011-11-07,34.084,29728.0
2011-11-08,34.828,35145.0
2011-11-09,35.153,45051.0
2011-11-10,34.361,52723.0
2011-11-11,34.106,46338.0
2011-11-14,34.681999999999995,37626.0
2011-11-15,34.024,34009.0
2011-11-16,34.525999999999996,8138.0
2011-11-17,33.894,11822.0
2011-11-18,31.569000000000003,11085.0
2011-11-21,32.489000000000004,15027.0
2011-11-22,31.186999999999998,13631.0
2011-11-23,33.031,20284.0
2011-11-24,31.964000000000002,31026.0
2011-11-25,,
2011-11-28,31.092,26827.0
2011-11-29,32.242,31185.0
2011-11-30,31.95,34558.0
2011-12-01,32.804,49804.0
2011-12-02,32.759,32523.0
2011-12-05,32.686,33546.0
2011-12-06,32.372,30957.0
2011-12-07,32.744,37193.0
2011-12-08,32.626999999999995,30969.0
2011-12-09,31.538,51194.0
2011-12-12,32.253,30861.0
2011-12-13,31.002,37744.0
2011-12-14,31.26,40300.0
2011-12-15,28.935,80388.0
2011-12-16,29.274,44295.0
2011-12-19,29.671,29657.0
2011-12-20,28.874000000000002,50533.0
2011-12-21,29.535999999999998,23979.0
2011-12-22,29.249000000000002,26237.0
2011-12-23,29.046999999999997,20236.0
2011-12-26,29.084,10066.0
2011-12-27,,
2011-12-28,28.74,11568.0
2011-12-29,27.234,32357.0
2011-12-30,27.315,37097.0
2012-01-02,27.915,24891.0
2012-01-03,,
2012-01-04,29.572,35827.0
2012-01-05,29.096999999999998,36121.0
2012-01-06,29.296,39296.0
2012-01-09,28.683000000000003,38605.0
2012-01-10,28.781999999999996,30254.0
2012-01-11,29.815,40675.0
2012-01-12,29.89,36831.0
2012-01-13,30.124000000000002,35512.0
2012-01-16,29.522,35182.0
2012-01-17,,
2012-01-18,30.135,39656.0
2012-01-19,30.543000000000003,42425.0
2012-01-20,30.509,32459.0
2012-01-23,31.675,42779.0
2012-01-24,32.27,41520.0
2012-01-25,31.975,29385.0
2012-01-26,33.121,51802.0
2012-01-27,33.743,38182.0
2012-01-30,33.79,32296.0
2012-01-31,33.527,30573.0
2012-02-01,33.262,45220.0
2012-02-02,33.806999999999995,40833.0
2012-02-03,34.175,51297.0
2012-02-06,33.749,48264.0
2012-02-07,33.75,38211.0
2012-02-08,34.194,50080.0
2012-02-09,33.704,55084.0
2012-02-10,33.917,47457.0
2012-02-13,33.604,47692.0
2012-02-14,33.722,37639.0
2012-02-15,33.348,42475.0
2012-02-16,33.474000000000004,13606.0
2012-02-17,33.437,5873.0
2012-02-20,33.282,8698.0
2012-02-21,,
2012-02-22,34.5,16144.0
2012-02-23,34.328,26179.0
2012-02-24,35.635999999999996,24374.0
2012-02-27,35.42,28402.0
2012-02-28,35.604,55781.0
2012-02-29,37.205,72811.0
2012-03-01,34.641999999999996,114770.0
2012-03-02,35.661,61365.0
2012-03-05,34.525,39355.0
2012-03-06,33.695,53048.0
2012-03-07,32.783,67849.0
2012-03-08,33.585,44181.0
2012-03-09,33.830999999999996,38918.0
2012-03-12,34.211999999999996,55803.0
2012-03-13,33.413000000000004,33999.0
2012-03-14,33.580999999999996,50386.0
2012-03-15,32.181,74283.0
2012-03-16,32.726,52824.0
2012-03-19,32.604,36722.0
2012-03-20,32.955,31081.0
2012-03-21,31.834,43973.0
2012-03-22,32.227,36604.0
2012-03-23,31.345,51616.0
2012-03-26,32.272,36574.0
2012-03-27,32.75,31716.0
2012-03-28,32.616,33102.0
2012-03-29,31.831,38344.0
2012-03-30,31.991999999999997,33862.0
2012-04-02,32.484,29982.0
2012-04-03,33.098,38384.0
2012-04-04,33.265,45605.0
2012-04-05,31.044,63200.0
2012-04-06,31.73,37971.0
2012-04-09,,
2012-04-10,31.524,34702.0
2012-04-11,31.679000000000002,51439.0
2012-04-12,31.521,38912.0
2012-04-13,32.525,46624.0
2012-04-16,31.39,47896.0
2012-04-17,31.439,7652.0
2012-04-18,31.741,7825.0
2012-04-19,31.553,6754.0
2012-04-20,31.846999999999998,8743.0
2012-04-23,31.72,15361.0
2012-04-24,30.599,23667.0
2012-04-25,30.815,21937.0
2012-04-26,30.425,34601.0
2012-04-27,31.276,32167.0
2012-04-30,31.410999999999998,36734.0
2012-05-01,31.016,33899.0
2012-05-02,30.93,24868.0
2012-05-03,30.645,38348.0
2012-05-04,30.01,41564.0
2012-05-07,30.432,42379.0
2012-05-08,30.122,28351.0
2012-05-09,29.459,45481.0
2012-05-10,29.241,46846.0
2012-05-11,29.178,33021.0
2012-05-14,28.89,35664.0
2012-05-15,28.353,36417.0
2012-05-16,28.08,40316.0
2012-05-17,27.195999999999998,60320.0
2012-05-18,28.02,47897.0
2012-05-21,28.715,44463.0
2012-05-22,28.320999999999998,35869.0
2012-05-23,28.179000000000002,42130.0
2012-05-24,27.519000000000002,59168.0
2012-05-25,28.156999999999996,46683.0
2012-05-28,28.386,31473.0
2012-05-29,,
2012-05-30,27.791,55600.0
2012-05-31,27.983,47762.0
2012-06-01,27.756999999999998,44716.0
2012-06-04,28.511999999999997,65094.0
2012-06-05,28.006999999999998,32417.0
2012-06-06,28.405,35742.0
2012-06-07,29.488000000000003,63114.0
2012-06-08,28.529,73325.0
2012-06-11,28.471,42126.0
2012-06-12,28.616,35865.0
2012-06-13,28.949,42080.0
2012-06-14,28.941,34046.0
2012-06-15,28.406999999999996,42381.0
2012-06-18,28.805,5732.0
2012-06-19,28.737,5257.0
2012-06-20,28.433000000000003,6150.0
2012-06-21,28.453000000000003,12372.0
2012-06-22,26.9,18183.0
2012-06-25,26.724,19547.0
2012-06-26,27.587,47206.0
2012-06-27,27.103,36559.0
2012-06-28,27.0,46378.0
2012-06-29,26.291,62691.0
2012-07-02,27.612,55491.0
2012-07-03,27.499000000000002,24139.0
2012-07-04,28.28,31630.0
2012-07-05,,
2012-07-06,27.671999999999997,45194.0
2012-07-09,26.92,39755.0
2012-07-10,27.444000000000003,22101.0
2012-07-11,26.881999999999998,34626.0
2012-07-12,27.023000000000003,33516.0
2012-07-13,27.160999999999998,41613.0
2012-07-16,27.369,27263.0
2012-07-17,27.320999999999998,25481.0
2012-07-18,27.316,38337.0
2012-07-19,27.095,24787.0
2012-07-20,27.217,31619.0
2012-07-23,27.302,39273.0
2012-07-24,27.041999999999998,35626.0
2012-07-25,26.811,39414.0
2012-07-26,27.465999999999998,42546.0
2012-07-27,27.445999999999998,42526.0
2012-07-30,27.498,34317.0
2012-07-31,28.033,30744.0
2012-08-01,27.914,36104.0
2012-08-02,27.535,44101.0
2012-08-03,26.995,43002.0
2012-08-06,27.801,37445.0
2012-08-07,27.863000000000003,21865.0
2012-08-08,28.086,29271.0
2012-08-09,28.075,36277.0
2012-08-10,28.096999999999998,24210.0
2012-08-13,28.061999999999998,40803.0
2012-08-14,27.767,28031.0
2012-08-15,27.763,21720.0
2012-08-16,27.896,10432.0
2012-08-17,28.298000000000002,15346.0
2012-08-20,28.087,4603.0
2012-08-21,28.678,6711.0
2012-08-22,29.514,7067.0
2012-08-23,29.641,14032.0
2012-08-24,30.541999999999998,26744.0
2012-08-27,30.709,18788.0
2012-08-28,31.136999999999997,40420.0
2012-08-29,30.963,30012.0
2012-08-30,30.921999999999997,37346.0
2012-08-31,30.445999999999998,46709.0
2012-09-03,31.441999999999997,58817.0
2012-09-04,,15043.0
2012-09-05,32.411,58174.0
2012-09-06,32.329,32363.0
2012-09-07,32.674,52750.0
2012-09-10,33.69,59211.0
2012-09-11,33.633,42219.0
2012-09-12,33.566,35539.0
2012-09-13,33.292,67025.0
2012-09-14,34.778,86221.0
2012-09-17,34.656,52960.0
2012-09-18,34.367,43928.0
2012-09-19,34.718,59582.0
2012-09-20,34.588,43836.0
2012-09-21,34.681999999999995,46831.0
2012-09-24,34.638000000000005,63594.0
2012-09-25,33.984,46792.0
2012-09-26,33.948,47279.0
2012-09-27,33.94,48678.0
2012-09-28,34.666,46757.0
2012-10-01,34.577,48178.0
2012-10-02,34.952,58158.0
2012-10-03,34.669000000000004,33950.0
2012-10-04,34.69,32355.0
2012-10-05,35.101,34973.0
2012-10-08,34.571999999999996,42872.0
2012-10-09,34.016999999999996,33187.0
2012-10-10,33.985,38651.0
2012-10-11,34.109,37533.0
2012-10-12,34.082,33580.0
2012-10-15,33.669000000000004,38299.0
2012-10-16,32.743,41790.0
2012-10-17,32.959,29109.0
2012-10-18,33.232,26210.0
2012-10-19,32.868,30690.0
2012-10-22,32.097,47774.0
2012-10-23,32.251999999999995,30194.0
2012-10-24,31.793000000000003,39930.0
2012-10-25,31.62,38997.0
2012-10-26,32.078,35484.0
2012-10-29,32.036,35150.0
2012-10-30,31.745,16226.0
2012-10-31,31.816,14462.0
2012-11-01,32.316,29549.0
2012-11-02,32.248000000000005,30535.0
2012-11-05,30.857,62648.0
2012-11-06,31.128,35628.0
2012-11-07,32.034,49537.0
2012-11-08,31.660999999999998,65303.0
2012-11-09,32.24,43057.0
2012-11-12,32.599000000000004,49296.0
2012-11-13,32.522,32821.0
2012-11-14,32.486999999999995,46457.0
2012-11-15,32.88,44597.0
2012-11-16,32.759,13860.0
2012-11-19,32.452,10415.0
2012-11-20,33.274,11989.0
2012-11-21,33.016999999999996,16446.0
2012-11-22,33.439,14478.0
2012-11-23,,2550.0
2012-11-26,34.205999999999996,11614.0
2012-11-27,34.229,38350.0
2012-11-28,34.074,36898.0
2012-11-29,33.77,68220.0
2012-11-30,34.431,59535.0
2012-12-03,33.279,53331.0
2012-12-04,33.759,31721.0
2012-12-05,32.808,48639.0
2012-12-06,32.957,39488.0
2012-12-07,33.114000000000004,38644.0
2012-12-10,33.131,40752.0
2012-12-11,33.376999999999995,24949.0
2012-12-12,33.016999999999996,26518.0
2012-12-13,33.782,46760.0
2012-12-14,32.355,60389.0
2012-12-17,32.299,28647.0
2012-12-18,32.28,28031.0
2012-12-19,31.669,43558.0
2012-12-20,31.116,45053.0
2012-12-21,29.678,80015.0
2012-12-24,30.203000000000003,40684.0
2012-12-25,29.897,13072.0
2012-12-26,,
2012-12-27,30.035,15022.0
2012-12-28,30.24,31211.0
2012-12-31,29.975,18925.0
2013-01-01,30.226999999999997,18657.0
2013-01-02,,
2013-01-03,31.006999999999998,36529.0
2013-01-04,30.72,40793.0
2013-01-07,29.945999999999998,64245.0
2013-01-08,30.081999999999997,35265.0
2013-01-09,30.465,42573.0
2013-01-10,30.249000000000002,34148.0
2013-01-11,30.918000000000003,41341.0
2013-01-14,30.408,44255.0
2013-01-15,31.11,41865.0
2013-01-16,31.529,42639.0
2013-01-17,31.541999999999998,31577.0
2013-01-18,31.81,51105.0
2013-01-21,31.932,36766.0
2013-01-22,,11132.0
2013-01-23,32.177,44667.0
2013-01-24,32.439,35337.0
2013-01-25,31.721999999999998,48656.0
2013-01-28,31.206,42376.0
2013-01-29,30.78,37829.0
2013-01-30,31.184,32350.0
2013-01-31,32.177,56691.0
2013-02-01,31.351,56110.0
2013-02-04,31.958000000000002,53464.0
2013-02-05,31.715999999999998,33889.0
2013-02-06,31.875,42498.0
2013-02-07,31.877,28250.0
2013-02-08,31.403000000000002,56558.0
2013-02-11,31.441,36366.0
2013-02-12,30.91,35758.0
2013-02-13,31.019000000000002,41467.0
2013-02-14,30.869,35077.0
2013-02-15,30.353,48445.0
2013-02-18,29.909000000000002,20515.0
2013-02-19,,4334.0
2013-02-20,29.482,18582.0
2013-02-21,28.680999999999997,29045.0
2013-02-22,28.761,27383.0
2013-02-25,28.52,12982.0
2013-02-26,29.046999999999997,26679.0
2013-02-27,29.32,49693.0
2013-02-28,28.985,54373.0
2013-03-01,28.432,47177.0
2013-03-04,28.49,54219.0
2013-03-05,28.496,27313.0
2013-03-06,28.604,33646.0
2013-03-07,28.803,38686.0
2013-03-08,28.808000000000003,29523.0
2013-03-11,28.948,50432.0
2013-03-12,28.853,22867.0
2013-03-13,29.171,26727.0
2013-03-14,28.958000000000002,33467.0
2013-03-15,28.807,38839.0
2013-03-18,28.851,23096.0
2013-03-19,28.874000000000002,34416.0
2013-03-20,28.843000000000004,33371.0
2013-03-21,28.816999999999997,26944.0
2013-03-22,29.212,35667.0
2013-03-25,28.698,39182.0
2013-03-26,28.815,35086.0
2013-03-27,28.679000000000002,23152.0
2013-03-28,28.612,46774.0
2013-03-29,28.323,35709.0
2013-04-01,28.323,35709.0
2013-04-02,27.944000000000003,34514.0
2013-04-03,27.248,57907.0
2013-04-04,26.796999999999997,63681.0
2013-04-05,26.767,51524.0
2013-04-08,27.22,44760.0
2013-04-09,27.138,31784.0
2013-04-10,27.881,52480.0
2013-04-11,27.653000000000002,52664.0
2013-04-12,27.697,39491.0
2013-04-15,26.331,102652.0
2013-04-16,23.401,19298.0
2013-04-17,23.666999999999998,20194.0
2013-04-18,23.349,21354.0
2013-04-19,23.293000000000003,12252.0
2013-04-22,23.01,7865.0
2013-04-23,23.374000000000002,17416.0
2013-04-24,22.866,25603.0
2013-04-25,22.878,33290.0
2013-04-26,24.182,32082.0
2013-04-29,23.788,64605.0
2013-04-30,24.166,47452.0
2013-05-01,24.185,34736.0
2013-05-02,23.343000000000004,48280.0
2013-05-03,23.83,44953.0
2013-05-06,24.014,55365.0
2013-05-07,23.955,21925.0
2013-05-08,23.805999999999997,44440.0
2013-05-09,23.927,35668.0
2013-05-10,23.910999999999998,37226.0
2013-05-13,23.658,50250.0
2013-05-14,23.695999999999998,31154.0
2013-05-15,23.379,39972.0
2013-05-16,22.658,60478.0
2013-05-17,22.659000000000002,45647.0
2013-05-20,22.351999999999997,43264.0
2013-05-21,22.581999999999997,84790.0
2013-05-22,22.455,56680.0
2013-05-23,22.471999999999998,73271.0
2013-05-24,22.508000000000003,43871.0
2013-05-27,22.496,25101.0
2013-05-28,,5999.0
2013-05-29,22.193,50235.0
2013-05-30,22.453000000000003,27485.0
2013-05-31,22.69,49465.0
2013-06-03,22.243000000000002,42739.0
2013-06-04,22.721,42543.0
2013-06-05,22.409000000000002,33345.0
2013-06-06,22.471999999999998,34051.0
2013-06-07,22.706999999999997,56720.0
2013-06-10,21.743000000000002,78505.0
2013-06-11,21.925,39817.0
2013-06-12,21.646,43736.0
2013-06-13,21.796,35439.0
2013-06-14,21.583000000000002,49367.0
2013-06-17,21.954,42222.0
2013-06-18,21.805,11028.0
2013-06-19,21.724,15948.0
2013-06-20,21.671,11435.0
2013-06-21,19.865,36652.0
2013-06-24,20.000999999999998,16558.0
2013-06-25,19.523,22729.0
2013-06-26,19.552,38659.0
2013-06-27,18.613,58641.0
2013-06-28,18.553,61659.0
2013-07-01,19.47,78112.0
2013-07-02,19.578,51822.0
2013-07-03,19.309,31353.0
2013-07-04,19.7,36189.0
2013-07-05,,9359.0
2013-07-08,18.736,55511.0
2013-07-09,19.038,29268.0
2013-07-10,19.137999999999998,33331.0
2013-07-11,19.165,36747.0
2013-07-12,19.956,53662.0
2013-07-15,19.792,27167.0
2013-07-16,19.839000000000002,25175.0
2013-07-17,19.935,28078.0
2013-07-18,19.42,57575.0
2013-07-19,19.389,38130.0
2013-07-22,19.46,22255.0
2013-07-23,20.509,50294.0
2013-07-24,20.254,37249.0
2013-07-25,20.02,38460.0
2013-07-26,20.154,32824.0
2013-07-29,19.771,40463.0
2013-07-30,19.864,31454.0
2013-07-31,19.68,29689.0
2013-08-01,19.628,52163.0
2013-08-02,19.624000000000002,37307.0
2013-08-05,19.912,59687.0
2013-08-06,19.72,30039.0
2013-08-07,19.523,34225.0
2013-08-08,19.508,41517.0
2013-08-09,20.192999999999998,58327.0
2013-08-12,20.407,51125.0
2013-08-13,21.339000000000002,68775.0
2013-08-14,21.343000000000004,61970.0
2013-08-15,21.787,52190.0
2013-08-16,22.985,14280.0
2013-08-19,23.372,12518.0
2013-08-20,23.215,8959.0
2013-08-21,23.118000000000002,14806.0
2013-08-22,23.009,8782.0
2013-08-23,23.08,14259.0
2013-08-26,23.781,20481.0
2013-08-27,24.055,21815.0
2013-08-28,24.7,43120.0
2013-08-29,24.439,63197.0
2013-08-30,24.14,69575.0
2013-09-02,23.513,43239.0
2013-09-03,,24863.0
2013-09-04,24.429000000000002,68628.0
2013-09-05,23.415,48382.0
2013-09-06,23.255,42362.0
2013-09-09,23.891,40268.0
2013-09-10,23.717,26675.0
2013-09-11,23.016,41652.0
2013-09-12,23.171999999999997,32382.0
2013-09-13,22.149,51279.0
2013-09-16,21.72,48779.0
2013-09-17,22.009,42755.0
2013-09-18,21.784000000000002,34560.0
2013-09-19,21.564,68278.0
2013-09-20,23.291999999999998,54992.0
2013-09-23,21.927,57601.0
2013-09-24,21.857,45370.0
2013-09-25,21.586,44314.0
2013-09-26,21.886,39631.0
2013-09-27,21.766,37709.0
2013-09-30,21.831,35106.0
2013-10-01,21.708000000000002,32680.0
2013-10-02,21.175,54183.0
2013-10-03,21.897,40568.0
2013-10-04,21.785999999999998,30075.0
2013-10-07,21.752,22804.0
2013-10-08,22.386,31839.0
2013-10-09,22.443,32224.0
2013-10-10,21.891,38874.0
2013-10-11,21.896,34658.0
2013-10-14,21.259,47942.0
2013-10-15,21.354,28238.0
2013-10-16,21.191,59509.0
2013-10-17,21.365,35610.0
2013-10-18,21.947,56660.0
2013-10-21,21.913,24610.0
2013-10-22,22.278000000000002,30295.0
2013-10-23,22.79,45453.0
2013-10-24,22.616999999999997,27158.0
2013-10-25,22.822,32853.0
2013-10-28,22.639,38217.0
2013-10-29,22.538,27838.0
2013-10-30,22.491999999999997,31388.0
2013-10-31,22.983,53587.0
2013-11-01,21.866999999999997,52836.0
2013-11-04,21.837,35996.0
2013-11-05,21.7,22164.0
2013-11-06,21.636,26047.0
2013-11-07,21.768,33189.0
2013-11-08,21.656999999999996,54856.0
2013-11-11,21.316999999999997,51495.0
2013-11-12,21.281999999999996,27544.0
2013-11-13,20.778000000000002,55872.0
2013-11-14,20.442,69833.0
2013-11-15,20.721999999999998,54262.0
2013-11-18,20.776999999999997,6276.0
2013-11-19,20.402,18181.0
2013-11-20,20.377,17017.0
2013-11-21,20.102999999999998,16735.0
2013-11-22,19.976,27280.0
2013-11-25,19.901,22782.0
2013-11-26,19.926,28616.0
2013-11-27,19.893,38315.0
2013-11-28,19.682000000000002,46117.0
2013-11-29,,8937.0
2013-12-02,20.033,30274.0
2013-12-03,19.289,47754.0
2013-12-04,19.065,38632.0
2013-12-05,19.83,55030.0
2013-12-06,19.57,43425.0
2013-12-09,19.523,39756.0
2013-12-10,19.701,27756.0
2013-12-11,20.315,50130.0
2013-12-12,20.355999999999998,32199.0
2013-12-13,19.453,47365.0
2013-12-16,19.604,34478.0
2013-12-17,20.101,36130.0
2013-12-18,19.84,42566.0
2013-12-19,20.059,42803.0
2013-12-20,19.186,48505.0
2013-12-23,19.453,35831.0
2013-12-24,19.413,18059.0
2013-12-25,19.484,11307.0
2013-12-26,,
2013-12-27,19.916,19216.0
2013-12-30,20.049,23728.0
2013-12-31,19.615,28235.0
2014-01-01,19.37,44338.0
2014-01-02,,
2014-01-03,20.128,44686.0
2014-01-06,20.211,30025.0
2014-01-07,20.102999999999998,38845.0
2014-01-08,19.787,38356.0
2014-01-09,19.539,45235.0
2014-01-10,19.683,33060.0
2014-01-13,20.223,52337.0
2014-01-14,20.385,36679.0
2014-01-15,20.282,48791.0
2014-01-16,20.134,29791.0
2014-01-17,20.054000000000002,27857.0
2014-01-20,20.304000000000002,32152.0
2014-01-21,,7756.0
2014-01-22,19.87,45891.0
2014-01-23,19.839000000000002,17972.0
2014-01-24,20.01,49947.0
2014-01-27,19.765,42716.0
2014-01-28,19.793,36453.0
2014-01-29,19.503,35157.0
2014-01-30,19.552,43346.0
2014-01-31,19.125999999999998,46372.0
2014-02-03,19.12,34256.0
2014-02-04,19.409000000000002,35666.0
2014-02-05,19.422,26096.0
2014-02-06,19.805,49127.0
2014-02-07,19.928,37597.0
2014-02-10,19.936,45554.0
2014-02-11,20.112000000000002,46084.0
2014-02-12,20.153,56199.0
2014-02-13,20.340999999999998,61862.0
2014-02-14,20.395,42797.0
2014-02-17,21.421,75402.0
2014-02-18,,4922.0
2014-02-19,21.933000000000003,15032.0
2014-02-20,21.883000000000003,15382.0
2014-02-21,21.717,17734.0
2014-02-24,21.815,24261.0
2014-02-25,22.089000000000002,33002.0
2014-02-26,22.000999999999998,42593.0
2014-02-27,21.289,65936.0
2014-02-28,21.351999999999997,52639.0
2014-03-03,21.241,37007.0
2014-03-04,21.485,45842.0
2014-03-05,21.221999999999998,43764.0
2014-03-06,21.271,24442.0
2014-03-07,21.574,36310.0
2014-03-10,20.928,59343.0
2014-03-11,20.91,40324.0
2014-03-12,20.815,47302.0
2014-03-13,21.358,58041.0
2014-03-14,21.198,41707.0
2014-03-17,21.413,50788.0
2014-03-18,21.275,33937.0
2014-03-19,20.862,46679.0
2014-03-20,20.826,52653.0
2014-03-21,20.43,46874.0
2014-03-24,20.31,28419.0
2014-03-25,20.067,42850.0
2014-03-26,19.979,36860.0
2014-03-27,19.78,37670.0
2014-03-28,19.708,33838.0
2014-03-31,19.79,39218.0
2014-04-01,19.752,32429.0
2014-04-02,19.688,31247.0
2014-04-03,20.05,46390.0
2014-04-04,19.805,32825.0
2014-04-07,19.945999999999998,41025.0
2014-04-08,19.907,27771.0
2014-04-09,20.057000000000002,47573.0
2014-04-10,19.77,59556.0
2014-04-11,20.090999999999998,59959.0
2014-04-14,19.945999999999998,38714.0
2014-04-15,20.01,34864.0
2014-04-16,19.52,12013.0
2014-04-17,19.665,7305.0
2014-04-18,19.629,9446.0
2014-04-21,19.629,
2014-04-22,19.381,8288.0
2014-04-23,19.387999999999998,20205.0
2014-04-24,19.467,18943.0
2014-04-25,19.714000000000002,38542.0
2014-04-28,19.718,35542.0
2014-04-29,19.619,40883.0
2014-04-30,19.538,49382.0
2014-05-01,19.174,50753.0
2014-05-02,19.043,36489.0
2014-05-05,19.546,52011.0
2014-05-06,19.570999999999998,27729.0
2014-05-07,19.645,30188.0
2014-05-08,19.342,44059.0
2014-05-09,19.137999999999998,33122.0
2014-05-12,19.121,29971.0
2014-05-13,19.543,43186.0
2014-05-14,19.547,27536.0
2014-05-15,19.775,43826.0
2014-05-16,19.484,44615.0
2014-05-19,19.329,32303.0
2014-05-20,19.352999999999998,34145.0
2014-05-21,19.399,30274.0
2014-05-22,19.338,29180.0
2014-05-23,19.52,43747.0
2014-05-26,19.418,28736.0
2014-05-27,,4713.0
2014-05-28,19.067,56717.0
2014-05-29,19.059,36465.0
2014-05-30,19.014,44897.0
2014-06-02,18.682000000000002,43634.0
2014-06-03,18.739,26966.0
2014-06-04,18.762999999999998,31806.0
2014-06-05,18.792,23660.0
2014-06-06,19.083,45755.0
2014-06-09,18.991,46762.0
2014-06-10,19.066,34582.0
2014-06-11,19.168,40750.0
2014-06-12,19.172,39950.0
2014-06-13,19.533,62665.0
2014-06-16,19.655,48726.0
2014-06-17,19.759,11920.0
2014-06-18,19.776,8855.0
2014-06-19,19.820999999999998,7232.0
2014-06-20,20.691999999999997,14114.0
2014-06-23,20.994,19998.0
2014-06-24,20.964000000000002,22637.0
2014-06-25,21.096999999999998,33373.0
2014-06-26,21.171,38036.0
2014-06-27,21.162,45345.0
2014-06-30,21.134,50421.0
2014-07-01,21.055999999999997,48884.0
2014-07-02,21.116999999999997,46011.0
2014-07-03,21.302,42623.0
2014-07-04,21.136999999999997,41652.0
2014-07-07,,9905.0
2014-07-08,21.014,39998.0
2014-07-09,21.013,40314.0
2014-07-10,21.068,36404.0
2014-07-11,21.508000000000003,54604.0
2014-07-14,21.461,30117.0
2014-07-15,20.914,53819.0
2014-07-16,20.889,52557.0
2014-07-17,20.775,35306.0
2014-07-18,21.134,49403.0
2014-07-21,20.886,34671.0
2014-07-22,21.011999999999997,21749.0
2014-07-23,21.008000000000003,35994.0
2014-07-24,20.995,24128.0
2014-07-25,20.415,59354.0
2014-07-28,20.636,40395.0
2014-07-29,20.566999999999997,31660.0
2014-07-30,20.583000000000002,35802.0
2014-07-31,20.596999999999998,31465.0
2014-08-01,20.412,41493.0
2014-08-04,20.371,46452.0
2014-08-05,20.233,32959.0
2014-08-06,19.833,56371.0
2014-08-07,20.024,54380.0
2014-08-08,19.99,42139.0
2014-08-11,19.941,49696.0
2014-08-12,20.095,31057.0
2014-08-13,19.905,43736.0
2014-08-14,19.845,48703.0
2014-08-15,19.906,36087.0
2014-08-18,19.59,7620.0
2014-08-19,19.7,5278.0
2014-08-20,19.476,10703.0
2014-08-21,19.567,18103.0
2014-08-22,19.487000000000002,16077.0
2014-08-25,19.459,21230.0
2014-08-26,19.430999999999997,17801.0
2014-08-27,19.459,33656.0
2014-08-28,19.475,36407.0
2014-08-29,19.609,58212.0
2014-09-01,19.492,31221.0
2014-09-02,,8449.0
2014-09-03,19.152,54206.0
2014-09-04,19.189,28035.0
2014-09-05,19.137999999999998,40515.0
2014-09-08,19.156,26620.0
2014-09-09,18.961,29560.0
2014-09-10,18.92,32555.0
2014-09-11,18.926,33966.0
2014-09-12,18.599,59092.0
2014-09-15,18.605999999999998,42608.0
2014-09-16,18.62,26314.0
2014-09-17,18.721,40741.0
2014-09-18,18.734,33292.0
2014-09-19,18.517,44856.0
2014-09-22,17.844,66513.0
2014-09-23,17.774,76993.0
2014-09-24,17.779,48466.0
2014-09-25,17.702,51459.0
2014-09-26,17.438,54829.0
2014-09-29,17.537,38520.0
2014-09-30,17.567,27885.0
2014-10-01,17.057000000000002,65186.0
2014-10-02,17.259,49855.0
2014-10-03,17.047,40699.0
2014-10-06,16.826,49086.0
2014-10-07,17.225,39327.0
2014-10-08,17.24,43604.0
2014-10-09,17.064,46890.0
2014-10-10,17.418,52087.0
2014-10-13,17.303,32062.0
2014-10-14,17.345,28589.0
2014-10-15,17.403,25578.0
2014-10-16,17.464000000000002,66541.0
2014-10-17,17.437,37546.0
2014-10-20,17.331,26078.0
2014-10-21,17.354,23437.0
2014-10-22,17.549,34429.0
2014-10-23,17.230999999999998,37618.0
2014-10-24,17.158,30342.0
2014-10-27,17.182000000000002,28616.0
2014-10-28,17.160999999999998,20799.0
2014-10-29,17.226,31468.0
2014-10-30,17.264,32278.0
2014-10-31,16.42,83428.0
2014-11-03,16.105999999999998,82131.0
2014-11-04,16.201,40942.0
2014-11-05,15.953,36422.0
2014-11-06,15.439,83754.0
2014-11-07,15.413,47554.0
2014-11-10,15.714,74108.0
2014-11-11,15.671,49089.0
2014-11-12,15.677999999999999,43829.0
2014-11-13,15.623,48949.0
2014-11-14,15.620999999999999,37515.0
2014-11-17,16.314,82628.0
2014-11-18,16.108,11113.0
2014-11-19,16.225,12010.0
2014-11-20,16.35,24698.0
2014-11-21,16.192999999999998,14029.0
2014-11-24,16.459,22513.0
2014-11-25,16.435,34858.0
2014-11-26,16.611,50840.0
2014-11-27,16.605999999999998,35280.0
2014-11-28,,20894.0
2014-12-01,15.556,72003.0
2014-12-02,16.692,119906.0
2014-12-03,16.456,60805.0
2014-12-04,16.412,37717.0
2014-12-05,16.575,32407.0
2014-12-08,16.258,38179.0
2014-12-09,16.276,24599.0
2014-12-10,17.134,66809.0
2014-12-11,17.187,47676.0
2014-12-12,17.112000000000002,34163.0
2014-12-15,17.057000000000002,29513.0
2014-12-16,16.563,43609.0
2014-12-17,15.752,73530.0
2014-12-18,15.927999999999999,47393.0
2014-12-19,15.934000000000001,33972.0
2014-12-22,16.03,22629.0
2014-12-23,15.687999999999999,33486.0
2014-12-24,15.767000000000001,24379.0
2014-12-25,15.71,11181.0
2014-12-26,,
2014-12-29,16.147000000000002,16673.0
2014-12-30,15.779000000000002,26819.0
2014-12-31,16.276,36735.0
2015-01-01,15.599,26622.0
2015-01-02,,
2015-01-05,15.767999999999999,31561.0
2015-01-06,16.213,47134.0
2015-01-07,16.637,43728.0
2015-01-08,16.544,35680.0
2015-01-09,16.385,27837.0
2015-01-12,16.419,33055.0
2015-01-13,16.564,25302.0
2015-01-14,17.156,64870.0
2015-01-15,16.988,47980.0
2015-01-16,17.102,58854.0
2015-01-19,17.75,66276.0
2015-01-20,,16932.0
2015-01-21,17.956,61293.0
2015-01-22,18.192999999999998,58031.0
2015-01-23,18.36,44485.0
2015-01-26,18.3,32916.0
2015-01-27,17.983,35514.0
2015-01-28,18.084,33457.0
2015-01-29,18.088,28312.0
2015-01-30,16.773,76053.0
2015-02-02,17.208,45052.0
2015-02-03,17.250999999999998,31081.0
2015-02-04,17.320999999999998,49859.0
2015-02-05,17.395,40738.0
2015-02-06,17.195999999999998,40581.0
2015-02-09,16.694000000000003,61739.0
2015-02-10,17.07,39554.0
2015-02-11,16.873,38627.0
2015-02-12,16.761,40356.0
2015-02-13,16.794,39397.0
2015-02-16,17.294,49504.0
2015-02-17,,3057.0
2015-02-18,16.42,21759.0
2015-02-19,16.31,22348.0
2015-02-20,16.428,12805.0
2015-02-23,16.32,21492.0
2015-02-24,16.299,18520.0
2015-02-25,16.233,23032.0
2015-02-26,16.474,40961.0
2015-02-27,16.624000000000002,41415.0
2015-03-02,16.558,28820.0
2015-03-03,16.451,26911.0
2015-03-04,16.296,41769.0
2015-03-05,16.158,25616.0
2015-03-06,16.158,22400.0
2015-03-09,15.807,44539.0
2015-03-10,15.776,24406.0
2015-03-11,15.633,33403.0
2015-03-12,15.365,40737.0
2015-03-13,15.515999999999998,29534.0
2015-03-16,15.494000000000002,22867.0
2015-03-17,15.617,26219.0
2015-03-18,15.578,35465.0
2015-03-19,15.540999999999999,38295.0
2015-03-20,16.114,40543.0
2015-03-23,16.883,60334.0
2015-03-24,16.891,43227.0
2015-03-25,16.983,36515.0
2015-03-26,17.0,29960.0
2015-03-27,17.14,45162.0
2015-03-30,17.069000000000003,40122.0
2015-03-31,16.674,32062.0
2015-04-01,16.598,35811.0
2015-04-02,17.059,42377.0
2015-04-03,16.701,37297.0
2015-04-06,16.701,
2015-04-07,17.11,33619.0
2015-04-08,16.84,29741.0
2015-04-09,16.454,48351.0
2015-04-10,16.176,46100.0
2015-04-13,16.382,50099.0
2015-04-14,16.291,35535.0
2015-04-15,16.160999999999998,45454.0
2015-04-16,16.323,12732.0
2015-04-17,16.329,10469.0
2015-04-20,16.273,11634.0
2015-04-21,15.929,14046.0
2015-04-22,16.048,24773.0
2015-04-23,15.835999999999999,21232.0
2015-04-24,15.870999999999999,20776.0
2015-04-27,15.68,33272.0
2015-04-28,16.439,42316.0
2015-04-29,16.63,49736.0
2015-04-30,16.702,55487.0
2015-05-01,16.153,63637.0
2015-05-04,16.135,32286.0
2015-05-05,16.441,46035.0
2015-05-06,16.579,32828.0
2015-05-07,16.506,31191.0
2015-05-08,16.297,37264.0
2015-05-11,16.465,32980.0
2015-05-12,16.314,33892.0
2015-05-13,16.526,38559.0
2015-05-14,17.221,77187.0
2015-05-15,17.465,63924.0
2015-05-18,17.563,47597.0
2015-05-19,17.732,39804.0
2015-05-20,17.070999999999998,59140.0
2015-05-21,17.113,34826.0
2015-05-22,17.132,21286.0
2015-05-25,17.051,31247.0
2015-05-26,,3089.0
2015-05-27,16.746,48457.0
2015-05-28,16.647000000000002,31979.0
2015-05-29,16.669,35366.0
2015-06-01,16.701,30474.0
2015-06-02,16.68,56485.0
2015-06-03,16.799,41683.0
2015-06-04,16.48,56525.0
2015-06-05,16.102999999999998,54533.0
2015-06-08,15.984000000000002,59676.0
2015-06-09,15.959000000000001,46033.0
2015-06-10,15.957,45738.0
2015-06-11,15.959000000000001,45246.0
2015-06-12,15.96,49747.0
2015-06-15,15.825,37562.0
2015-06-16,16.125999999999998,11485.0
2015-06-17,16.004,8259.0
2015-06-18,15.985,9151.0
2015-06-19,16.192,14791.0
2015-06-22,16.146,12658.0
2015-06-23,16.177,27223.0
2015-06-24,15.772,34403.0
2015-06-25,15.89,24460.0
2015-06-26,15.841,32734.0
2015-06-29,15.767999999999999,46939.0
2015-06-30,15.695,52415.0
2015-07-01,15.581,59454.0
2015-07-02,15.577,31339.0
2015-07-03,15.562000000000001,35020.0
2015-07-06,15.562000000000001,4414.0
2015-07-07,15.753,39919.0
2015-07-08,14.969000000000001,95490.0
2015-07-09,15.163,65789.0
2015-07-10,15.360999999999999,46019.0
2015-07-13,15.481,30252.0
2015-07-14,15.457,37582.0
2015-07-15,15.315,28080.0
2015-07-16,15.048,34768.0
2015-07-17,14.984000000000002,30835.0
2015-07-20,14.834000000000001,27753.0
2015-07-21,14.758,59333.0
2015-07-22,14.785,30462.0
2015-07-23,14.73,34469.0
2015-07-24,14.700999999999999,28246.0
2015-07-27,14.488,54030.0
2015-07-28,14.605,31236.0
2015-07-29,14.642000000000001,27410.0
2015-07-30,14.743,36947.0
2015-07-31,14.696,32479.0
2015-08-03,14.745,46312.0
2015-08-04,14.515,37737.0
2015-08-05,14.557,35563.0
2015-08-06,14.552999999999999,34445.0
2015-08-07,14.677,32730.0
2015-08-10,14.821,62034.0
2015-08-11,15.292,57542.0
2015-08-12,15.284,64514.0
2015-08-13,15.475999999999999,67362.0
2015-08-14,15.399000000000001,48729.0
2015-08-17,15.213,46381.0
2015-08-18,15.347999999999999,6791.0
2015-08-19,14.834000000000001,11205.0
2015-08-20,15.222000000000001,13459.0
2015-08-21,15.562000000000001,13024.0
2015-08-24,15.347999999999999,17639.0
2015-08-25,14.798,38243.0
2015-08-26,14.651,37507.0
2015-08-27,14.078,35469.0
2015-08-28,14.437000000000001,58642.0
2015-08-31,14.549000000000001,46525.0
2015-09-01,14.585999999999999,29890.0
2015-09-02,14.62,36884.0
2015-09-03,14.667,38221.0
2015-09-04,14.707,32236.0
2015-09-07,14.549000000000001,26611.0
2015-09-08,,4932.0
2015-09-09,14.755,42657.0
2015-09-10,14.575999999999999,34421.0
2015-09-11,14.645,33327.0
2015-09-14,14.505,41110.0
2015-09-15,14.363,24504.0
2015-09-16,14.325999999999999,22256.0
2015-09-17,14.885,51336.0
2015-09-18,14.984000000000002,42376.0
2015-09-21,15.163,46418.0
2015-09-22,15.220999999999998,22245.0
2015-09-23,14.755999999999998,45914.0
2015-09-24,14.789000000000001,26772.0
2015-09-25,15.13,45678.0
2015-09-28,15.110999999999999,29903.0
2015-09-29,14.538,57207.0
2015-09-30,14.573,33134.0
2015-10-01,14.517999999999999,37056.0
2015-10-02,14.511,28153.0
2015-10-05,15.263,70556.0
2015-10-06,15.708,61892.0
2015-10-07,15.984000000000002,60224.0
2015-10-08,16.094,44104.0
2015-10-09,15.765999999999998,59343.0
2015-10-12,15.818,41668.0
2015-10-13,15.864,36444.0
2015-10-14,15.907,40665.0
2015-10-15,16.117,60334.0
2015-10-16,16.164,47364.0
2015-10-19,16.114,32338.0
2015-10-20,15.841,35462.0
2015-10-21,15.917,38767.0
2015-10-22,15.71,40330.0
2015-10-23,15.837,33495.0
2015-10-26,15.827,48550.0
2015-10-27,15.905,24971.0
2015-10-28,15.863,27445.0
2015-10-29,16.293,72128.0
2015-10-30,15.55,62481.0
2015-11-02,15.567,40004.0
2015-11-03,15.408,40797.0
2015-11-04,15.239,35435.0
2015-11-05,15.058,39663.0
2015-11-06,14.982999999999999,42796.0
2015-11-09,14.690999999999999,54954.0
2015-11-10,14.413,50392.0
2015-11-11,14.356,58427.0
2015-11-12,14.263,50926.0
2015-11-13,14.225,67760.0
2015-11-16,14.204,39517.0
2015-11-17,14.252,8505.0
2015-11-18,14.200999999999999,7279.0
2015-11-19,14.115,13374.0
2015-11-20,14.253,11333.0
2015-11-23,14.126,15849.0
2015-11-24,14.061,26147.0
2015-11-25,14.187999999999999,34586.0
2015-11-26,14.175,40146.0
2015-11-27,,7655.0
2015-11-30,14.048,53213.0
2015-12-01,14.085999999999999,27922.0
2015-12-02,14.083,31412.0
2015-12-03,14.009,36161.0
2015-12-04,14.077,46119.0
2015-12-07,14.527999999999999,59702.0
2015-12-08,14.332,41322.0
2015-12-09,14.116,38788.0
2015-12-10,14.189,38025.0
2015-12-11,14.11,22051.0
2015-12-14,13.884,53106.0
2015-12-15,13.695,43041.0
2015-12-16,13.77,38120.0
2015-12-17,14.248,55179.0
2015-12-18,13.703,48010.0
2015-12-21,14.095999999999998,45144.0
2015-12-22,14.315,38608.0
2015-12-23,14.314,31870.0
2015-12-24,14.287,22402.0
2015-12-25,14.379000000000001,13689.0
2015-12-28,,
2015-12-29,13.884,34871.0
2015-12-30,13.927999999999999,24702.0
2015-12-31,13.842,24313.0
2016-01-01,13.802999999999999,17244.0
2016-01-04,,
2016-01-05,13.841,51627.0
2016-01-06,13.970999999999998,29584.0
2016-01-07,13.975999999999999,40052.0
2016-01-08,14.344000000000001,68535.0
2016-01-11,13.918,52186.0
2016-01-12,13.866,41858.0
2016-01-13,13.751,38755.0
2016-01-14,14.155999999999999,50024.0
2016-01-15,13.748,50729.0
2016-01-18,13.895999999999999,44607.0
2016-01-19,,4890.0
2016-01-20,14.120999999999999,46360.0
2016-01-21,14.16,39848.0
2016-01-22,14.094000000000001,48797.0
2016-01-25,14.057,45772.0
2016-01-26,14.254000000000001,37400.0
2016-01-27,14.564,56610.0
2016-01-28,14.459000000000001,37694.0
2016-01-29,14.232000000000001,43768.0
2016-02-01,14.243,32360.0
2016-02-02,14.343,35147.0
2016-02-03,14.289000000000001,34182.0
2016-02-04,14.734000000000002,65068.0
2016-02-05,14.85,52524.0
2016-02-08,14.777999999999999,53899.0
2016-02-09,15.425999999999998,69518.0
2016-02-10,15.449000000000002,54349.0
2016-02-11,15.282,57397.0
2016-02-12,15.794,93359.0
2016-02-15,15.79,53860.0
2016-02-16,,5369.0
2016-02-17,15.357999999999999,19081.0
2016-02-18,15.402000000000001,22155.0
2016-02-19,15.460999999999999,25147.0
2016-02-22,15.404000000000002,15331.0
2016-02-23,15.220999999999998,29459.0
2016-02-24,15.28,33829.0
2016-02-25,15.332,46222.0
2016-02-26,15.199000000000002,53126.0
2016-02-29,14.714,72788.0
2016-03-01,14.918,52668.0
2016-03-02,14.755999999999998,40657.0
2016-03-03,15.022,39822.0
2016-03-04,15.145999999999999,43618.0
2016-03-07,15.694,85078.0
2016-03-08,15.633,48852.0
2016-03-09,15.39,52201.0
2016-03-10,15.366,44004.0
2016-03-11,15.549000000000001,63692.0
2016-03-14,15.605,45379.0
2016-03-15,15.520999999999999,58167.0
2016-03-16,15.261,38695.0
2016-03-17,15.219000000000001,47236.0
2016-03-18,16.033,79229.0
2016-03-21,15.811,46014.0
2016-03-22,15.847000000000001,33913.0
2016-03-23,15.885,46578.0
2016-03-24,15.272,76678.0
2016-03-25,15.199000000000002,41065.0
2016-03-28,15.199000000000002,41065.0
2016-03-29,15.19,27238.0
2016-03-30,15.232999999999999,47509.0
2016-03-31,15.210999999999999,45023.0
2016-04-01,15.464,40380.0
2016-04-04,15.046,71485.0
2016-04-05,14.944,36396.0
2016-04-06,15.116,40471.0
2016-04-07,15.054,41545.0
2016-04-08,15.158,51593.0
2016-04-11,15.384,43343.0
2016-04-12,15.975999999999999,74212.0
2016-04-13,16.222,75570.0
2016-04-14,16.325,68654.0
2016-04-15,16.173,60581.0
2016-04-18,16.352,7440.0
2016-04-19,16.293,10017.0
2016-04-20,17.014,30138.0
2016-04-21,17.183,30468.0
2016-04-22,17.141,56358.0
2016-04-25,16.95,37384.0
2016-04-26,17.059,25596.0
2016-04-27,17.159000000000002,43023.0
2016-04-28,17.335,60505.0
2016-04-29,17.588,72240.0
2016-05-02,17.819000000000003,66179.0
2016-05-03,17.682000000000002,55822.0
2016-05-04,17.499000000000002,61625.0
2016-05-05,17.301,51199.0
2016-05-06,17.327,55052.0
2016-05-09,17.527,52447.0
2016-05-10,17.089000000000002,56675.0
2016-05-11,17.092,43222.0
2016-05-12,17.319000000000003,49965.0
2016-05-13,17.102999999999998,53793.0
2016-05-16,17.132,48013.0
2016-05-17,17.154,47425.0
2016-05-18,17.25,40690.0
2016-05-19,17.132,61958.0
2016-05-20,16.493,76514.0
2016-05-23,16.532,39218.0
2016-05-24,16.423,38865.0
2016-05-25,16.254,45128.0
2016-05-26,16.261,47068.0
2016-05-27,16.343,50577.0
2016-05-30,16.269000000000002,38776.0
2016-05-31,16.269000000000002,15650.0
2016-06-01,15.994000000000002,68822.0
2016-06-02,15.927,56796.0
2016-06-03,16.025,39218.0
2016-06-06,16.365,59397.0
2016-06-07,16.447,45693.0
2016-06-08,16.394000000000002,54579.0
2016-06-09,16.985,74543.0
2016-06-10,17.268,62725.0
2016-06-13,17.33,52619.0
2016-06-14,17.442999999999998,62180.0
2016-06-15,17.424,49003.0
2016-06-16,17.553,7578.0
2016-06-17,17.658,13057.0
2016-06-20,17.461,13138.0
2016-06-21,17.567,17563.0
2016-06-22,17.374000000000002,28509.0
2016-06-23,17.367,29460.0
2016-06-24,17.41,22929.0
2016-06-27,17.839000000000002,25995.0
2016-06-28,17.785999999999998,47400.0
2016-06-29,17.889,50982.0
2016-06-30,18.407,90510.0
2016-07-01,18.623,56077.0
2016-07-04,19.588,90850.0
2016-07-05,19.588,40672.0
2016-07-06,19.907,172612.0
2016-07-07,20.203,77469.0
2016-07-08,19.838,68735.0
2016-07-11,20.099,81312.0
2016-07-12,20.304000000000002,73602.0
2016-07-13,20.171,82198.0
2016-07-14,20.413,61328.0
2016-07-15,20.322,61947.0
2016-07-18,20.165,51470.0
2016-07-19,20.075,49920.0
2016-07-20,20.007,36198.0
2016-07-21,19.613,60504.0
2016-07-22,19.815,62356.0
2016-07-25,19.689,45736.0
2016-07-26,19.647000000000002,44996.0
2016-07-27,19.683,33528.0
2016-07-28,19.995,71222.0
2016-07-29,20.192,64914.0
2016-08-01,20.347,65046.0
2016-08-02,20.5,57831.0
2016-08-03,20.701,64984.0
2016-08-04,20.471,45736.0
2016-08-05,20.442999999999998,58935.0
2016-08-08,19.817,81161.0
2016-08-09,19.805,49353.0
2016-08-10,19.85,44727.0
2016-08-11,20.17,73110.0
2016-08-12,20.02,73469.0
2016-08-15,19.703,77228.0
2016-08-16,19.965,6858.0
2016-08-17,19.992,6666.0
2016-08-18,19.766,16686.0
2016-08-19,19.868,22486.0
2016-08-22,19.449,24948.0
2016-08-23,18.998,37235.0
2016-08-24,19.065,28980.0
2016-08-25,18.688,31186.0
2016-08-26,18.615,24473.0
2016-08-29,18.745,46198.0
2016-08-30,18.859,49480.0
2016-08-31,18.673,55575.0
2016-09-01,18.707,43363.0
2016-09-02,18.942999999999998,46527.0
2016-09-05,19.366,69380.0
2016-09-06,19.366,12350.0
2016-09-07,20.137999999999998,99642.0
2016-09-08,19.848,54324.0
2016-09-09,19.678,51477.0
2016-09-12,19.368,54917.0
2016-09-13,19.0,82094.0
2016-09-14,18.975,60570.0
2016-09-15,19.066,37246.0
2016-09-16,19.041,46085.0
2016-09-19,18.862000000000002,42330.0
2016-09-20,19.29,48785.0
2016-09-21,19.277,35849.0
2016-09-22,19.768,86743.0
2016-09-23,20.099,72408.0
2016-09-26,19.81,48150.0
2016-09-27,19.596,54905.0
2016-09-28,19.165,66947.0
2016-09-29,19.121,51262.0
2016-09-30,19.188,54074.0
2016-10-03,19.214000000000002,71481.0
2016-10-04,18.868,54286.0
2016-10-05,17.775,103458.0
2016-10-06,17.695,76915.0
2016-10-07,17.345,70900.0
2016-10-10,17.38,88858.0
2016-10-11,17.659000000000002,58017.0
2016-10-12,17.509,59880.0
2016-10-13,17.505,45845.0
2016-10-14,17.458,49804.0
2016-10-17,17.441,53584.0
2016-10-18,17.474,32935.0
2016-10-19,17.637999999999998,58369.0
2016-10-20,17.663,43322.0
2016-10-21,17.549,50751.0
2016-10-24,17.493,34289.0
2016-10-25,17.604,62957.0
2016-10-26,17.78,50473.0
2016-10-27,17.625999999999998,50238.0
2016-10-28,17.639,44878.0
2016-10-31,17.796,69831.0
2016-11-01,17.796,48489.0
2016-11-02,18.418,92623.0
2016-11-03,18.692999999999998,78454.0
2016-11-04,18.416,81281.0
2016-11-07,18.371,56398.0
2016-11-08,18.151,60418.0
2016-11-09,18.355999999999998,82833.0
2016-11-10,18.378,156618.0
2016-11-11,18.737000000000002,115364.0
2016-11-14,17.382,171369.0
2016-11-15,16.893,129848.0
2016-11-16,17.143,6405.0
2016-11-17,17.03,13225.0
2016-11-18,16.875,13319.0
2016-11-21,16.721,19402.0
2016-11-22,16.621,18729.0
2016-11-23,16.735,21136.0
2016-11-24,16.485,28432.0
2016-11-25,16.485,4455.0
2016-11-28,16.554000000000002,42955.0
2016-11-29,16.675,55241.0
2016-11-30,16.74,61485.0
2016-12-01,16.482,59655.0
2016-12-02,16.506,61519.0
2016-12-05,16.832,62618.0
2016-12-06,16.899,55811.0
2016-12-07,16.81,46293.0
2016-12-08,17.275,65161.0
2016-12-09,17.096,46673.0
2016-12-12,16.967,45837.0
2016-12-13,17.187,53316.0
2016-12-14,16.977,46345.0
2016-12-15,17.221,63167.0
2016-12-16,15.958,106120.0
2016-12-19,16.215,56461.0
2016-12-20,16.089000000000002,37658.0
2016-12-21,16.117,58270.0
2016-12-22,15.979000000000001,44954.0
2016-12-23,15.870999999999999,42779.0
2016-12-26,15.759,25171.0
2016-12-27,15.759,
2016-12-28,15.989,31243.0
2016-12-29,16.038,33568.0
2016-12-30,16.218,41876.0
2017-01-02,15.989,44624.0
2017-01-03,15.989,
2017-01-04,16.409000000000002,81143.0
2017-01-05,16.552,52451.0
2017-01-06,16.637,67641.0
2017-01-09,16.519000000000002,68136.0
2017-01-10,16.683,46502.0
2017-01-11,16.848,69884.0
2017-01-12,16.828,82615.0
2017-01-13,16.825,63040.0
2017-01-16,16.765,60844.0
2017-01-17,16.765,11400.0
2017-01-18,17.148,89801.0
2017-01-19,17.274,59036.0
2017-01-20,17.002,79090.0
2017-01-23,17.032,64625.0
2017-01-24,17.186,51759.0
2017-01-25,17.185,51739.0
2017-01-26,16.98,63421.0
2017-01-27,16.85,53182.0
2017-01-30,17.136,64594.0
2017-01-31,17.152,57157.0
2017-02-01,17.543,73621.0
2017-02-02,17.45,66309.0
2017-02-03,17.429000000000002,63072.0
2017-02-06,17.479,65765.0
2017-02-07,17.692999999999998,46826.0
2017-02-08,17.756,55463.0
2017-02-09,17.705,66254.0
2017-02-10,17.741,65787.0
2017-02-13,17.933,90401.0
2017-02-14,17.820999999999998,59326.0
2017-02-15,17.889,78313.0
2017-02-16,18.033,25843.0
2017-02-17,18.146,19432.0
2017-02-20,18.102999999999998,18553.0
2017-02-21,18.102999999999998,3393.0
2017-02-22,18.074,45451.0
2017-02-23,18.022000000000002,30298.0
2017-02-24,18.185,57587.0
2017-02-27,18.406,59071.0
2017-02-28,18.417,70994.0
2017-03-01,18.469,63458.0
2017-03-02,18.489,77477.0
2017-03-03,17.748,98439.0
2017-03-06,17.74,81257.0
2017-03-07,17.773,49103.0
2017-03-08,17.535999999999998,55268.0
2017-03-09,17.298,59436.0
2017-03-10,17.035999999999998,67226.0
2017-03-13,16.923,75847.0
2017-03-14,16.972,49017.0
2017-03-15,16.923,48424.0
2017-03-16,16.923,72905.0
2017-03-17,17.33,77175.0
2017-03-20,17.413,39665.0
2017-03-21,17.438,29238.0
2017-03-22,17.583,56000.0
2017-03-23,17.578,42978.0
2017-03-24,17.593,51803.0
2017-03-27,17.748,42178.0
2017-03-28,18.108,59649.0
2017-03-29,18.252,72055.0
2017-03-30,18.252,58005.0
2017-03-31,18.206,63765.0
2017-04-03,18.256,53639.0
2017-04-04,18.212,47761.0
2017-04-05,18.323,49053.0
2017-04-06,18.187,74381.0
2017-04-07,18.246,50602.0
2017-04-10,18.151,118604.0
2017-04-11,17.915,72882.0
2017-04-12,18.254,80612.0
2017-04-13,18.3,77025.0
2017-04-14,18.51,83592.0
2017-04-17,18.585,
2017-04-18,18.59,12418.0
2017-04-19,18.35,36120.0
2017-04-20,18.24,22212.0
2017-04-21,18.098,41780.0
2017-04-24,17.937,42179.0
2017-04-25,17.932000000000002,46779.0
2017-04-26,17.659000000000002,61723.0
2017-04-27,17.430999999999997,67568.0
2017-04-28,17.334,96192.0
2017-05-01,17.262,65784.0
2017-05-02,16.842,72465.0
2017-05-03,16.831,63428.0
2017-05-04,16.546,90349.0
2017-05-05,16.303,103602.0
2017-05-08,16.274,88650.0
2017-05-09,16.258,55076.0
2017-05-10,16.067,71187.0
2017-05-11,16.207,78419.0
2017-05-12,16.265,66282.0
2017-05-15,16.402,59660.0
2017-05-16,16.602999999999998,80986.0
2017-05-17,16.747,71849.0
2017-05-18,16.906,121338.0
2017-05-19,16.67,115491.0
2017-05-22,16.796,75945.0
2017-05-23,17.191,78642.0
2017-05-24,17.139,92733.0
2017-05-25,17.117,82156.0
2017-05-26,17.192999999999998,57923.0
2017-05-29,17.323,67807.0
2017-05-30,17.323,4008.0
2017-05-31,17.427,75848.0
2017-06-01,17.406,73255.0
2017-06-02,17.281,88524.0
2017-06-05,17.525,104145.0
2017-06-06,17.581,49618.0
2017-06-07,17.71,75065.0
2017-06-08,17.62,67362.0
2017-06-09,17.414,86639.0
2017-06-12,17.223,70493.0
2017-06-13,16.944000000000003,91829.0
2017-06-14,16.767,97805.0
2017-06-15,17.136,127359.0
2017-06-16,16.782,22279.0
2017-06-19,16.721,18202.0
2017-06-20,16.565,22236.0
2017-06-21,16.476,25115.0
2017-06-22,16.434,31729.0
2017-06-23,16.573,36390.0
2017-06-26,16.707,32108.0
2017-06-27,16.631,27890.0
2017-06-28,16.651,51953.0
2017-06-29,16.791,48632.0
2017-06-30,16.654,97137.0
2017-07-03,16.627,71271.0
2017-07-04,16.092,94295.0
2017-07-05,16.092,27318.0
2017-07-06,15.895999999999999,138592.0
2017-07-07,15.982999999999999,68308.0
2017-07-10,15.425,156691.0
2017-07-11,15.629000000000001,125082.0
2017-07-12,15.745,96430.0
2017-07-13,15.887,96478.0
2017-07-14,15.690999999999999,76087.0
2017-07-17,15.933,92367.0
2017-07-18,16.099,78608.0
2017-07-19,16.268,91035.0
2017-07-20,16.297,81902.0
2017-07-21,16.345,84808.0
2017-07-24,16.457,59691.0
2017-07-25,16.442999999999998,62922.0
2017-07-26,16.542,76166.0
2017-07-27,16.459,67137.0
2017-07-28,16.573,69334.0
2017-07-31,16.695,49950.0
2017-08-01,16.785999999999998,56466.0
2017-08-02,16.764,61891.0
2017-08-03,16.733,77865.0
2017-08-04,16.63,57971.0
2017-08-07,16.252,97422.0
2017-08-08,16.250999999999998,58149.0
2017-08-09,16.389,79109.0
2017-08-10,16.863,106928.0
2017-08-11,17.065,105220.0
2017-08-14,17.07,94477.0
2017-08-15,17.122,73466.0
2017-08-16,16.801,10606.0
2017-08-17,17.026,10838.0
2017-08-18,17.14,9749.0
2017-08-21,17.087,14334.0
2017-08-22,17.096,23188.0
2017-08-23,17.06,17718.0
2017-08-24,17.125999999999998,23775.0
2017-08-25,17.046,44241.0
2017-08-28,17.132,43787.0
2017-08-29,17.529,56193.0
2017-08-30,17.516,84983.0
2017-08-31,17.503,84983.0
2017-09-01,17.575,88593.0
2017-09-04,17.816,81507.0
2017-09-05,17.816,23816.0
2017-09-06,17.941,101152.0
2017-09-07,17.91,72628.0
2017-09-08,18.116,89911.0
2017-09-11,18.123,85953.0
2017-09-12,17.902,79828.0
2017-09-13,17.89,62456.0
2017-09-14,17.867,81840.0
2017-09-15,17.789,85703.0
2017-09-18,17.701,74825.0
2017-09-19,17.156,86394.0
2017-09-20,17.279,69527.0
2017-09-21,17.334,81010.0
2017-09-22,17.018,87133.0
2017-09-25,16.984,53772.0
2017-09-26,17.147000000000002,89513.0
2017-09-27,16.883,88630.0
2017-09-28,16.827,84696.0
2017-09-29,16.847,68131.0
2017-10-02,16.676,71453.0
2017-10-03,16.654,63042.0
2017-10-04,16.65,48229.0
2017-10-05,16.624000000000002,72038.0
2017-10-06,16.637999999999998,53456.0
2017-10-09,16.79,104598.0
2017-10-10,16.971,55687.0
2017-10-11,17.207,89443.0
2017-10-12,17.133,65765.0
2017-10-13,17.266,59835.0
2017-10-16,17.410999999999998,78065.0
2017-10-17,17.369,77736.0
2017-10-18,17.041,89382.0
2017-10-19,16.997,69756.0
2017-10-20,17.255,107472.0
2017-10-23,17.078,98342.0
2017-10-24,17.075,90651.0
2017-10-25,16.965999999999998,86623.0
2017-10-26,16.925,92343.0
2017-10-27,16.811,90880.0
2017-10-30,16.752,104868.0
2017-10-31,16.847,62105.0
2017-11-01,16.692999999999998,70526.0
2017-11-02,17.176,122164.0
2017-11-03,17.137,103693.0
2017-11-06,16.834,106702.0
2017-11-07,17.235,100583.0
2017-11-08,16.94,94388.0
2017-11-09,17.137999999999998,91195.0
2017-11-10,16.975,101133.0
2017-11-13,16.871,92239.0
2017-11-14,17.047,71765.0
2017-11-15,17.073,74762.0
2017-11-16,17.066,16335.0
2017-11-17,17.168,17137.0
2017-11-20,17.471,20093.0
2017-11-21,16.941,38757.0
2017-11-22,17.062,28044.0
2017-11-23,17.215999999999998,32706.0
2017-11-24,17.215999999999998,4077.0
2017-11-27,17.093,32454.0
2017-11-28,17.119,42323.0
2017-11-29,16.918,82978.0
2017-11-30,16.561,112596.0
2017-12-01,16.474,93591.0
2017-12-04,16.387999999999998,99978.0
2017-12-05,16.373,71483.0
2017-12-06,16.067999999999998,85983.0
2017-12-07,15.955,71284.0
2017-12-08,15.802,76247.0
2017-12-11,15.823,75623.0
2017-12-12,15.785,57101.0
2017-12-13,15.668,64633.0
2017-12-14,15.869000000000002,84811.0
2017-12-15,15.934000000000001,72915.0
2017-12-18,16.063,59071.0
2017-12-19,16.205,47264.0
2017-12-20,16.153,55048.0
2017-12-21,16.275,57403.0
2017-12-22,16.239,46179.0
2017-12-25,16.444000000000003,52819.0
2017-12-26,16.444000000000003,
2017-12-27,16.604,42298.0
2017-12-28,16.756,58144.0
2017-12-29,16.923,63435.0
2018-01-01,17.145,74515.0
2018-01-02,17.145,
2018-01-03,17.206,78644.0
2018-01-04,17.267,91813.0
2018-01-05,17.269000000000002,96729.0
2018-01-08,17.285,85387.0
2018-01-09,17.144000000000002,85867.0
2018-01-10,17.01,93764.0
2018-01-11,17.035,112061.0
2018-01-12,16.965999999999998,111343.0
2018-01-15,17.141,117337.0
2018-01-16,17.141,30174.0
2018-01-17,17.189,178831.0
2018-01-18,17.166,101592.0
2018-01-19,16.954,91128.0
2018-01-22,17.035999999999998,59282.0
2018-01-23,16.989,55133.0
2018-01-24,16.913,89802.0
2018-01-25,17.489,122201.0
2018-01-26,17.615,132609.0
2018-01-29,17.441,81597.0
2018-01-30,17.127,86258.0
2018-01-31,17.058,82042.0
2018-02-01,17.241,102774.0
2018-02-02,17.155,87758.0
2018-02-05,16.709,135339.0
2018-02-06,16.671,94881.0
2018-02-07,16.58,100240.0
2018-02-08,16.238,118215.0
2018-02-09,16.340999999999998,99839.0
2018-02-12,16.139,90657.0
2018-02-13,16.57,80178.0
2018-02-14,16.528,72463.0
2018-02-15,16.878,105019.0
2018-02-16,16.879,15608.0
2018-02-19,16.796,31096.0
2018-02-20,16.796,747.0
2018-02-21,16.512999999999998,35431.0
2018-02-22,16.678,36500.0
2018-02-23,16.637999999999998,34581.0
2018-02-26,16.549,30664.0
2018-02-27,16.622,57364.0
2018-02-28,16.434,102322.0
2018-03-01,16.407,58937.0
2018-03-02,16.276,100435.0
2018-03-05,16.465999999999998,73628.0
2018-03-06,16.412,55301.0
2018-03-07,16.784000000000002,99502.0
2018-03-08,16.494,93850.0
2018-03-09,16.5,67644.0
2018-03-12,16.608,91563.0
2018-03-13,16.535999999999998,50514.0
2018-03-14,16.627,70994.0
2018-03-15,16.537,59932.0
2018-03-16,16.422,71441.0
2018-03-19,16.272000000000002,73372.0
2018-03-20,16.325,65289.0
2018-03-21,16.185,69859.0
2018-03-22,16.419,111653.0
2018-03-23,16.387,81211.0
2018-03-26,16.582,98376.0
2018-03-27,16.684,81048.0
2018-03-28,16.541,98533.0
2018-03-29,16.253,95081.0
2018-03-30,16.268,76951.0
2018-04-02,16.268,
2018-04-03,16.672,79434.0
2018-04-04,16.392,87045.0
2018-04-05,16.254,100824.0
2018-04-06,16.355,76784.0
2018-04-09,16.362000000000002,84720.0
2018-04-10,16.529,74343.0
2018-04-11,16.596,93601.0
2018-04-12,16.768,141790.0
2018-04-13,16.473,106204.0
2018-04-16,16.658,65165.0
2018-04-17,16.738,12758.0
2018-04-18,16.845,14606.0
2018-04-19,17.315,38744.0
2018-04-20,17.305,27208.0
2018-04-23,17.221,29717.0
2018-04-24,16.658,52422.0
2018-04-25,16.787,55646.0
2018-04-26,16.577,43007.0
2018-04-27,16.567,53743.0
2018-04-30,16.497,65077.0
2018-05-01,16.401,72623.0
2018-05-02,16.127,83167.0
2018-05-03,16.375,100224.0
2018-05-04,16.447,68255.0
2018-05-07,16.519000000000002,47809.0
2018-05-08,16.495,42533.0
2018-05-09,16.472,76501.0
2018-05-10,16.539,73200.0
2018-05-11,16.759,86181.0
2018-05-14,16.752,58621.0
2018-05-15,16.645,54336.0
2018-05-16,16.269000000000002,94150.0
2018-05-17,16.371,63078.0
2018-05-18,16.480999999999998,65785.0
2018-05-21,16.455,44049.0
2018-05-22,16.52,63888.0
2018-05-23,16.575,73530.0
2018-05-24,16.405,89459.0
2018-05-25,16.687,91016.0
2018-05-28,16.546,72709.0
2018-05-29,16.546,11829.0
2018-05-30,16.373,104493.0
2018-05-31,16.544,65128.0
2018-06-01,16.458,74056.0
2018-06-04,16.441,72769.0
2018-06-05,16.430999999999997,55723.0
2018-06-06,16.543,77131.0
2018-06-07,16.694000000000003,116383.0
2018-06-08,16.815,123775.0
2018-06-11,16.741,73288.0
2018-06-12,16.952,79696.0
2018-06-13,16.891,80921.0
2018-06-14,16.991,109681.0
2018-06-15,17.262,143012.0
2018-06-18,16.557000000000002,25739.0
2018-06-19,16.516,13631.0
2018-06-20,16.396,24305.0
2018-06-21,16.382,22643.0
2018-06-22,16.404,29777.0
2018-06-25,16.539,26357.0
2018-06-26,16.407,30135.0
2018-06-27,16.331,49472.0
2018-06-28,16.237000000000002,70092.0
2018-06-29,16.041,109587.0
2018-07-02,16.198,70393.0
2018-07-03,15.835,82699.0
2018-07-04,16.043,69835.0
2018-07-05,16.043,24072.0
2018-07-06,16.097,89467.0
2018-07-09,16.069000000000003,58125.0
2018-07-10,16.139,62138.0
2018-07-11,16.087,68888.0
2018-07-12,15.817,86972.0
2018-07-13,15.977,64138.0
2018-07-16,15.815,78398.0
2018-07-17,15.812000000000001,47295.0
2018-07-18,15.617,80889.0
2018-07-19,15.574000000000002,71769.0
2018-07-20,15.402000000000001,103529.0
2018-07-23,15.549000000000001,81070.0
2018-07-24,15.425,61389.0
2018-07-25,15.52,70890.0
2018-07-26,15.589,60419.0
2018-07-27,15.495,56666.0
2018-07-30,15.493,59413.0
2018-07-31,15.537,42335.0
2018-08-01,15.559000000000001,75389.0
2018-08-02,15.452,58314.0
2018-08-03,15.385,62233.0
2018-08-06,15.462,73617.0
2018-08-07,15.347999999999999,52411.0
2018-08-08,15.373,61167.0
2018-08-09,15.432,59943.0
2018-08-10,15.462,63858.0
2018-08-13,15.295,83077.0
2018-08-14,14.982000000000001,104734.0
2018-08-15,15.052999999999999,66777.0
2018-08-16,14.549000000000001,23681.0
2018-08-17,14.808,17815.0
2018-08-20,14.725,12914.0
2018-08-21,14.762,19745.0
2018-08-22,14.86,25745.0
2018-08-23,14.85,41107.0
2018-08-24,14.642000000000001,33035.0
2018-08-27,14.901,42814.0
2018-08-28,14.972000000000001,35011.0
2018-08-29,14.899000000000001,63002.0
2018-08-30,14.81,63742.0
2018-08-31,14.594000000000001,81127.0
2018-09-03,14.557,62895.0
2018-09-04,14.557,18125.0
2018-09-05,14.18,141416.0
2018-09-06,14.22,67288.0
2018-09-07,14.181,72884.0
2018-09-10,14.17,81294.0
2018-09-11,14.181,54121.0
2018-09-12,14.152999999999999,81308.0
2018-09-13,14.293,83948.0
2018-09-14,14.244000000000002,82527.0
2018-09-17,14.142000000000001,63978.0
2018-09-18,14.222999999999999,56906.0
2018-09-19,14.185,69075.0
2018-09-20,14.28,79411.0
2018-09-21,14.305,87102.0
2018-09-24,14.359000000000002,103373.0
2018-09-25,14.341,65873.0
2018-09-26,14.493,97950.0
2018-09-27,14.401,88576.0
2018-09-28,14.29,87457.0
2018-10-01,14.712,117067.0
2018-10-02,14.507,84966.0
2018-10-03,14.693,106105.0
2018-10-04,14.67,66411.0
2018-10-05,14.59,77160.0
2018-10-08,14.649000000000001,61929.0
2018-10-09,14.329,88556.0
2018-10-10,14.4,65016.0
2018-10-11,14.325999999999999,61498.0
2018-10-12,14.606,97854.0
2018-10-15,14.635,70703.0
2018-10-16,14.727,64042.0
2018-10-17,14.700999999999999,67283.0
2018-10-18,14.663,59830.0
2018-10-19,14.604000000000001,76137.0
2018-10-22,14.65,57026.0
2018-10-23,14.587,57806.0
2018-10-24,14.793,86175.0
2018-10-25,14.675999999999998,64151.0
2018-10-26,14.63,70469.0
2018-10-29,14.7,84751.0
2018-10-30,14.442,93783.0
2018-10-31,14.462,76301.0
2018-11-01,14.282,79224.0
2018-11-02,14.777000000000001,121884.0
2018-11-05,14.755999999999998,106742.0
2018-11-06,14.647,67835.0
2018-11-07,14.5,69778.0
2018-11-08,14.569,83277.0
2018-11-09,14.423,91310.0
2018-11-12,14.14,116982.0
2018-11-13,14.011,72075.0
2018-11-14,13.977,90145.0
2018-11-15,14.08,93281.0
2018-11-16,14.386,11621.0
2018-11-19,14.509,15518.0
2018-11-20,14.527000000000001,15156.0
2018-11-21,14.389000000000001,36254.0
2018-11-22,14.625,21113.0
2018-11-23,14.625,4606.0
2018-11-26,14.367,35628.0
2018-11-27,14.343,44139.0
2018-11-28,14.220999999999998,41220.0
2018-11-29,14.455,60277.0
2018-11-30,14.402000000000001,78085.0
2018-12-03,14.217,78674.0
2018-12-04,14.499,96836.0
2018-12-05,14.64,76605.0
2018-12-06,14.582,32859.0
2018-12-07,14.509,64479.0
2018-12-10,14.696,65066.0
2018-12-11,14.605,53620.0
2018-12-12,14.628,75441.0
2018-12-13,14.850999999999999,65799.0
2018-12-14,14.855,50191.0
2018-12-17,14.637,66409.0
2018-12-18,14.759,42580.0
2018-12-19,14.700999999999999,45545.0
2018-12-20,14.818,70301.0
2018-12-21,14.869000000000002,76597.0
2018-12-24,14.702,52328.0
2018-12-25,14.82,30107.0
2018-12-26,14.82,
2018-12-27,15.123,76656.0
2018-12-28,15.31,78861.0
2018-12-31,15.436,60780.0
2019-01-01,15.54,53731.0
2019-01-02,15.54,
2019-01-03,15.649000000000001,89234.0
2019-01-04,15.797,90481.0
2019-01-07,15.786,99935.0
2019-01-08,15.755999999999998,54182.0
2019-01-09,15.713,64407.0
2019-01-10,15.735,78689.0
2019-01-11,15.642999999999999,63405.0
2019-01-14,15.655999999999999,65329.0
2019-01-15,15.686,48105.0
2019-01-16,15.62,61682.0
2019-01-17,15.638,49138.0
2019-01-18,15.536,54252.0
2019-01-21,15.399000000000001,55592.0
2019-01-22,15.399000000000001,30561.0
2019-01-23,15.325,82298.0
2019-01-24,15.38,56859.0
2019-01-25,15.3,47642.0
2019-01-28,15.699000000000002,80953.0
2019-01-29,15.765,57718.0
2019-01-30,15.839,60000.0
2019-01-31,15.927,80538.0
2019-02-01,16.072,80262.0
2019-02-04,15.931,69768.0
2019-02-05,15.886,60373.0
2019-02-06,15.835999999999999,44222.0
2019-02-07,15.700999999999999,53184.0
2019-02-08,15.713,58366.0
2019-02-11,15.809000000000001,55473.0
2019-02-12,15.69,52057.0
2019-02-13,15.69,60668.0
2019-02-14,15.652000000000001,77484.0
2019-02-15,15.527999999999999,80459.0
2019-02-18,15.84,19618.0
2019-02-19,15.84,3734.0
2019-02-20,16.067,35709.0
2019-02-21,16.281,41690.0
2019-02-22,15.905999999999999,42161.0
2019-02-25,16.012,31844.0
2019-02-26,15.927999999999999,34574.0
2019-02-27,15.925999999999998,38499.0
2019-02-28,15.765999999999998,69162.0
2019-03-01,15.634,65412.0
2019-03-04,15.255999999999998,102859.0
2019-03-05,15.105,90698.0
2019-03-06,15.105,67836.0
2019-03-07,15.085,56765.0
2019-03-08,15.04,61270.0
2019-03-11,15.349,73174.0
2019-03-12,15.274000000000001,47785.0
2019-03-13,15.413,53984.0
2019-03-14,15.456,46358.0
2019-03-15,15.171,69841.0
2019-03-18,15.324000000000002,58860.0
2019-03-19,15.322000000000001,44445.0
2019-03-20,15.372,39610.0
2019-03-21,15.318,65902.0
2019-03-22,15.437000000000001,72414.0
2019-03-25,15.407,53659.0
2019-03-26,15.567,50184.0
2019-03-27,15.429,53095.0
2019-03-28,15.298,58950.0
2019-03-29,14.972999999999999,86591.0
2019-04-01,15.11,72204.0
2019-04-02,15.099,66021.0
2019-04-03,15.061,69931.0
2019-04-04,15.102,59923.0
2019-04-05,15.084000000000001,74190.0
2019-04-08,15.085999999999999,66860.0
2019-04-09,15.216,55228.0
2019-04-10,15.210999999999999,61098.0
2019-04-11,15.244000000000002,63273.0
2019-04-12,14.867,106243.0
2019-04-15,14.963,70740.0
2019-04-16,15.062000000000001,13376.0
2019-04-17,14.998,11865.0
2019-04-18,15.017999999999999,22224.0
2019-04-19,15.038,19184.0
2019-04-22,15.038,
2019-04-23,15.058,22962.0
2019-04-24,14.865,36522.0
2019-04-25,14.995999999999999,32454.0
2019-04-26,14.96,34199.0
2019-04-29,15.088,52256.0
2019-04-30,14.933,65249.0
2019-05-01,14.984000000000002,62083.0
2019-05-02,14.729000000000001,85721.0
2019-05-03,14.617,64585.0
2019-05-06,14.978,84554.0
2019-05-07,14.927,64546.0
2019-05-08,14.925999999999998,55909.0
2019-05-09,14.862,53108.0
2019-05-10,14.773,59559.0
2019-05-13,14.79,45824.0
2019-05-14,14.777000000000001,63985.0
2019-05-15,14.812000000000001,47640.0
2019-05-16,14.812000000000001,43225.0
2019-05-17,14.539000000000001,69175.0
2019-05-20,14.388,63192.0
2019-05-21,14.445,44600.0
2019-05-22,14.41,47466.0
2019-05-23,14.449000000000002,36914.0
2019-05-24,14.613,68449.0
2019-05-27,14.555,40682.0
2019-05-28,14.555,15132.0
2019-05-29,14.32,105611.0
2019-05-30,14.411,72666.0
2019-05-31,14.491,58636.0
2019-06-03,14.567,88362.0
2019-06-04,14.74,112117.0
2019-06-05,14.769,96390.0
2019-06-06,14.790999999999999,132019.0
2019-06-07,14.905,80741.0
2019-06-10,15.030999999999999,104804.0
2019-06-11,14.639000000000001,94689.0
2019-06-12,14.74,79799.0
2019-06-13,14.753,71980.0
2019-06-14,14.892000000000001,76053.0
2019-06-17,14.802999999999999,115808.0
2019-06-18,14.902000000000001,9796.0
2019-06-19,15.067,21581.0
2019-06-20,15.032,20482.0
2019-06-21,15.568,56563.0
2019-06-24,15.37,43990.0
2019-06-25,15.460999999999999,51718.0
2019-06-26,15.383,82565.0
2019-06-27,15.375,76035.0
2019-06-28,15.294,74816.0
2019-07-01,15.341,57102.0
2019-07-02,15.193,69998.0
2019-07-03,15.238,71308.0
2019-07-04,15.335999999999999,66804.0
2019-07-05,15.335999999999999,16202.0
2019-07-08,15.001,109252.0
2019-07-09,15.05,47616.0
2019-07-10,15.147,49637.0
2019-07-11,15.225999999999999,73717.0
2019-07-12,15.145999999999999,60629.0
2019-07-15,15.235999999999999,49158.0
2019-07-16,15.365,67638.0
2019-07-17,15.677999999999999,128867.0
2019-07-18,15.970999999999998,111243.0
2019-07-19,16.198,149092.0
2019-07-22,16.195,173866.0
2019-07-23,16.410999999999998,98270.0
2019-07-24,16.476,111408.0
2019-07-25,16.625999999999998,84627.0
2019-07-26,16.410999999999998,121085.0
2019-07-29,16.397000000000002,80584.0
2019-07-30,16.44,62057.0
2019-07-31,16.558,57740.0
2019-08-01,16.405,107086.0
2019-08-02,16.18,122903.0
2019-08-05,16.27,100147.0
2019-08-06,16.393,114331.0
2019-08-07,16.445,71818.0
2019-08-08,17.195999999999998,174977.0
2019-08-09,16.936,124036.0
2019-08-12,16.930999999999997,98618.0
2019-08-13,17.070999999999998,83985.0
2019-08-14,16.985,182988.0
2019-08-15,17.28,116020.0
2019-08-16,17.352999999999998,13260.0
2019-08-19,17.262999999999998,9979.0
2019-08-20,17.076,24249.0
2019-08-21,17.285999999999998,24461.0
2019-08-22,17.29,27091.0
2019-08-23,17.178,30154.0
2019-08-26,17.554000000000002,53309.0
2019-08-27,17.785,58657.0
2019-08-28,18.298,71091.0
2019-08-29,18.456,103113.0
2019-08-30,18.323,161555.0
2019-09-02,18.342,115421.0
2019-09-03,18.342,17918.0
2019-09-04,19.237000000000002,199680.0
2019-09-05,19.547,156693.0
2019-09-06,18.807000000000002,194133.0
2019-09-09,18.119,221801.0
2019-09-10,18.167,135346.0
2019-09-11,18.186,116632.0
2019-09-12,18.17,84659.0
2019-09-13,18.177,99696.0
2019-09-16,17.569000000000003,106472.0
2019-09-17,18.026,108425.0
2019-09-18,18.14,88426.0
2019-09-19,17.919,100525.0
2019-09-20,17.884,65966.0
2019-09-23,17.849,59125.0
2019-09-24,18.711,129336.0
2019-09-25,18.628,132628.0
2019-09-26,18.073,132581.0
2019-09-27,17.912,110035.0
2019-09-30,17.652,134220.0
2019-10-01,16.998,96147.0
2019-10-02,17.302,82417.0
2019-10-03,17.683,70479.0
2019-10-04,17.676,69996.0
2019-10-07,17.625,59583.0
2019-10-08,17.54,35221.0
2019-10-09,17.7,91074.0
2019-10-10,17.81,67681.0
2019-10-11,17.602,93946.0
2019-10-14,17.544,102665.0
2019-10-15,17.71,48678.0
2019-10-16,17.384,71963.0
2019-10-17,17.427,80637.0
2019-10-18,17.612000000000002,62368.0
2019-10-21,17.578,48120.0
2019-10-22,17.602,76354.0
2019-10-23,17.5,56644.0
2019-10-24,17.58,51192.0
2019-10-25,17.804000000000002,76006.0
2019-10-28,17.926,133993.0
2019-10-29,17.875999999999998,81916.0
2019-10-30,17.831,78571.0
2019-10-31,17.867,84390.0
2019-11-01,18.067,103410.0
2019-11-04,18.052,89929.0
2019-11-05,18.066,78097.0
2019-11-06,17.567999999999998,141965.0
2019-11-07,17.598,101426.0
2019-11-08,17.01,166410.0
2019-11-11,16.823,135567.0
2019-11-12,16.802,90422.0
2019-11-13,16.692,93978.0
2019-11-14,16.913,99843.0
2019-11-15,17.028,79011.0
2019-11-18,17.092,8564.0
2019-11-19,17.143,17145.0
2019-11-20,17.265,21163.0
2019-11-21,17.261,23128.0
2019-11-22,17.211,30870.0
2019-11-25,17.147000000000002,25743.0
2019-11-26,17.03,33557.0
2019-11-27,17.188,56279.0
2019-11-28,17.055,61622.0
2019-11-29,17.055,17773.0
2019-12-02,17.105999999999998,69200.0
2019-12-03,16.965999999999998,71951.0
2019-12-04,17.248,90112.0
2019-12-05,16.916,112992.0
2019-12-06,17.059,69272.0
2019-12-09,16.596,110180.0
2019-12-10,16.642,53510.0
2019-12-11,16.702,50202.0
2019-12-12,16.849,62672.0
2019-12-13,16.949,113422.0
2019-12-16,17.012,77899.0
2019-12-17,17.113,48654.0
2019-12-18,17.072,45741.0
2019-12-19,17.049,47189.0
2019-12-20,17.154,47385.0
2019-12-23,17.224,62500.0
2019-12-24,17.499000000000002,65083.0
2019-12-25,17.852999999999998,64681.0
2019-12-26,17.852999999999998,
2019-12-27,17.99,89078.0
2019-12-30,17.942999999999998,70178.0
2019-12-31,18.000999999999998,62949.0
2020-01-01,17.921,62113.0
2020-01-02,17.921,
2020-01-03,18.046,90111.0
2020-01-06,18.151,110022.0
2020-01-07,18.179000000000002,136410.0
2020-01-08,18.393,111958.0
2020-01-09,18.167,180483.0
2020-01-10,17.936,101357.0
2020-01-13,18.105,78996.0
2020-01-14,17.996,58018.0
