"Index","CNYUSD"
"2010-01-01",0.14647
"2010-01-04",0.14647
"2010-01-05",0.14647
"2010-01-06",0.14647
"2010-01-07",0.14646
"2010-01-08",0.14646
"2010-01-11",0.14649
"2010-01-12",0.14648
"2010-01-13",0.14647
"2010-01-14",0.14648
"2010-01-15",0.14648
"2010-01-18",0.14648
"2010-01-19",0.14647
"2010-01-20",0.14647
"2010-01-21",0.14648
"2010-01-22",0.14648
"2010-01-25",0.14648
"2010-01-26",0.14649
"2010-01-27",0.14647
"2010-01-28",0.14648
"2010-01-29",0.14648
"2010-02-01",0.14648
"2010-02-02",0.14647
"2010-02-03",0.14648
"2010-02-04",0.14648
"2010-02-05",0.14648
"2010-02-08",0.14649
"2010-02-09",0.14648
"2010-02-10",0.14648
"2010-02-11",0.14638
"2010-02-12",0.14634
"2010-02-15",0.14648
"2010-02-16",0.14637
"2010-02-17",0.1465
"2010-02-18",0.14647
"2010-02-19",0.14641
"2010-02-22",0.14649
"2010-02-23",0.14646
"2010-02-24",0.14648
"2010-02-25",0.14649
"2010-02-26",0.1465
"2010-03-01",0.1465
"2010-03-02",0.14648
"2010-03-03",0.1465
"2010-03-04",0.14648
"2010-03-05",0.14649
"2010-03-08",0.14649
"2010-03-09",0.1465
"2010-03-10",0.1465
"2010-03-11",0.14648
"2010-03-12",0.14651
"2010-03-15",0.1465
"2010-03-16",0.1465
"2010-03-17",0.1465
"2010-03-18",0.1465
"2010-03-19",0.14649
"2010-03-22",0.14648
"2010-03-23",0.14649
"2010-03-24",0.14648
"2010-03-25",0.14647
"2010-03-26",0.14647
"2010-03-29",0.14649
"2010-03-30",0.1465
"2010-03-31",0.1465
"2010-04-01",0.14649
"2010-04-02",0.14651
"2010-04-05",0.14651
"2010-04-06",0.1465
"2010-04-07",0.1465
"2010-04-08",0.14653
"2010-04-09",0.14654
"2010-04-12",0.1465
"2010-04-13",0.1465
"2010-04-14",0.1465
"2010-04-15",0.1465
"2010-04-16",0.14651
"2010-04-19",0.14648
"2010-04-20",0.14651
"2010-04-21",0.14648
"2010-04-22",0.14648
"2010-04-23",0.14648
"2010-04-26",0.14648
"2010-04-27",0.1465
"2010-04-28",0.14651
"2010-04-29",0.1465
"2010-04-30",0.14651
"2010-05-03",0.14649
"2010-05-04",0.14649
"2010-05-05",0.14648
"2010-05-06",0.14649
"2010-05-07",0.1465
"2010-05-10",0.14649
"2010-05-11",0.14643
"2010-05-12",0.14647
"2010-05-13",0.14646
"2010-05-14",0.14648
"2010-05-17",0.14646
"2010-05-18",0.14647
"2010-05-19",0.14647
"2010-05-20",0.14646
"2010-05-21",0.14646
"2010-05-24",0.14644
"2010-05-25",0.14638
"2010-05-26",0.14645
"2010-05-27",0.14637
"2010-05-28",0.14639
"2010-05-31",0.14646
"2010-06-01",0.14641
"2010-06-02",0.1464
"2010-06-03",0.14645
"2010-06-04",0.14644
"2010-06-07",0.14637
"2010-06-08",0.14641
"2010-06-09",0.14645
"2010-06-10",0.1464
"2010-06-11",0.14635
"2010-06-14",0.14634
"2010-06-15",0.14634
"2010-06-16",0.14636
"2010-06-17",0.14643
"2010-06-18",0.14649
"2010-06-21",0.14712
"2010-06-22",0.14678
"2010-06-23",0.14679
"2010-06-24",0.14706
"2010-06-25",0.14726
"2010-06-28",0.14714
"2010-06-29",0.14711
"2010-06-30",0.14746
"2010-07-01",0.14747
"2010-07-02",0.14768
"2010-07-05",0.14758
"2010-07-06",0.14748
"2010-07-07",0.14755
"2010-07-08",0.14757
"2010-07-09",0.14763
"2010-07-12",0.14767
"2010-07-13",0.14767
"2010-07-14",0.14761
"2010-07-15",0.14753
"2010-07-16",0.1476
"2010-07-19",0.14754
"2010-07-20",0.14753
"2010-07-21",0.14756
"2010-07-22",0.14749
"2010-07-23",0.14749
"2010-07-26",0.1475
"2010-07-27",0.14753
"2010-07-28",0.14754
"2010-07-29",0.14755
"2010-07-30",0.1476
"2010-08-02",0.14764
"2010-08-03",0.14764
"2010-08-04",0.14766
"2010-08-05",0.14767
"2010-08-06",0.14775
"2010-08-09",0.14777
"2010-08-10",0.14767
"2010-08-11",0.14761
"2010-08-12",0.14738
"2010-08-13",0.14731
"2010-08-16",0.14693
"2010-08-17",0.14723
"2010-08-18",0.14724
"2010-08-19",0.14728
"2010-08-20",0.14727
"2010-08-23",0.14708
"2010-08-24",0.14712
"2010-08-25",0.14708
"2010-08-26",0.14708
"2010-08-27",0.1471
"2010-08-30",0.14702
"2010-08-31",0.1469
"2010-09-01",0.14681
"2010-09-02",0.14688
"2010-09-03",0.14698
"2010-09-06",0.14733
"2010-09-07",0.14725
"2010-09-08",0.14719
"2010-09-09",0.14741
"2010-09-10",0.1477
"2010-09-13",0.14789
"2010-09-14",0.14822
"2010-09-15",0.14832
"2010-09-16",0.14868
"2010-09-17",0.14881
"2010-09-20",0.14894
"2010-09-21",0.14911
"2010-09-22",0.14948
"2010-09-23",0.14952
"2010-09-24",0.14948
"2010-09-27",0.14944
"2010-09-28",0.1493
"2010-09-29",0.14952
"2010-09-30",0.14956
"2010-10-01",0.14959
"2010-10-04",0.14947
"2010-10-05",0.14944
"2010-10-06",0.14968
"2010-10-07",0.14975
"2010-10-08",0.14982
"2010-10-11",0.15005
"2010-10-12",0.14982
"2010-10-13",0.15
"2010-10-14",0.15034
"2010-10-15",0.15055
"2010-10-18",0.15044
"2010-10-19",0.15029
"2010-10-20",0.15032
"2010-10-21",0.15037
"2010-10-22",0.15017
"2010-10-25",0.15017
"2010-10-26",0.15009
"2010-10-27",0.14967
"2010-10-28",0.14954
"2010-10-29",0.14991
"2010-11-01",0.14948
"2010-11-02",0.14973
"2010-11-03",0.14985
"2010-11-04",0.1501
"2010-11-05",0.15023
"2010-11-08",0.14965
"2010-11-09",0.15051
"2010-11-10",0.15075
"2010-11-11",0.15095
"2010-11-12",0.15067
"2010-11-15",0.15052
"2010-11-16",0.15063
"2010-11-17",0.15054
"2010-11-18",0.15075
"2010-11-19",0.15062
"2010-11-22",0.15063
"2010-11-23",0.15049
"2010-11-24",0.1503
"2010-11-25",0.15037
"2010-11-26",0.14998
"2010-11-29",0.15014
"2010-11-30",0.1499
"2010-12-01",0.15003
"2010-12-02",0.15008
"2010-12-03",0.15015
"2010-12-06",0.15033
"2010-12-07",0.15047
"2010-12-08",0.15002
"2010-12-09",0.15017
"2010-12-10",0.15022
"2010-12-13",0.15002
"2010-12-14",0.15029
"2010-12-15",0.15013
"2010-12-16",0.15005
"2010-12-17",0.15008
"2010-12-20",0.14981
"2010-12-21",0.15015
"2010-12-22",0.15042
"2010-12-23",0.15049
"2010-12-24",0.15078
"2010-12-27",0.1508
"2010-12-28",0.15093
"2010-12-29",0.15101
"2010-12-30",0.15149
"2010-12-31",0.1515
"2011-01-03",0.15149
"2011-01-04",0.15132
"2011-01-05",0.15105
"2011-01-06",0.1509
"2011-01-07",0.15083
"2011-01-10",0.15067
"2011-01-11",0.1511
"2011-01-12",0.15142
"2011-01-13",0.15153
"2011-01-14",0.15175
"2011-01-17",0.15163
"2011-01-18",0.1519
"2011-01-19",0.15184
"2011-01-20",0.1518
"2011-01-21",0.15184
"2011-01-24",0.15177
"2011-01-25",0.15177
"2011-01-26",0.15183
"2011-01-27",0.15179
"2011-01-28",0.15161
"2011-01-31",0.15163
"2011-02-01",0.1518
"2011-02-02",0.15186
"2011-02-03",0.15186
"2011-02-04",0.15185
"2011-02-07",0.15186
"2011-02-08",0.15185
"2011-02-09",0.15184
"2011-02-10",0.15184
"2011-02-11",0.15168
"2011-02-14",0.15154
"2011-02-15",0.15172
"2011-02-16",0.15186
"2011-02-17",0.15197
"2011-02-18",0.15221
"2011-02-21",0.15225
"2011-02-22",0.15195
"2011-02-23",0.15198
"2011-02-24",0.15195
"2011-02-25",0.15205
"2011-02-28",0.15216
"2011-03-01",0.15223
"2011-03-02",0.15215
"2011-03-03",0.1522
"2011-03-04",0.15225
"2011-03-07",0.15236
"2011-03-08",0.15224
"2011-03-09",0.1524
"2011-03-10",0.15211
"2011-03-11",0.1521
"2011-03-14",0.15221
"2011-03-15",0.15214
"2011-03-16",0.15217
"2011-03-17",0.15209
"2011-03-18",0.15223
"2011-03-21",0.15232
"2011-03-22",0.15274
"2011-03-23",0.1525
"2011-03-24",0.15251
"2011-03-25",0.15244
"2011-03-28",0.15233
"2011-03-29",0.15243
"2011-03-30",0.15252
"2011-03-31",0.15272
"2011-04-01",0.15272
"2011-04-04",0.15296
"2011-04-05",0.15293
"2011-04-06",0.15281
"2011-04-07",0.15285
"2011-04-08",0.15302
"2011-04-11",0.15295
"2011-04-12",0.15289
"2011-04-13",0.15306
"2011-04-14",0.15311
"2011-04-15",0.1531
"2011-04-18",0.15317
"2011-04-19",0.15313
"2011-04-20",0.15325
"2011-04-21",0.15336
"2011-04-22",0.15367
"2011-04-25",0.15319
"2011-04-26",0.15319
"2011-04-27",0.15358
"2011-04-28",0.15394
"2011-04-29",0.15406
"2011-05-02",0.1542
"2011-05-03",0.1539
"2011-05-04",0.15402
"2011-05-05",0.154
"2011-05-06",0.15401
"2011-05-09",0.15399
"2011-05-10",0.15404
"2011-05-11",0.15401
"2011-05-12",0.15387
"2011-05-13",0.1539
"2011-05-16",0.15366
"2011-05-17",0.15371
"2011-05-18",0.15374
"2011-05-19",0.15375
"2011-05-20",0.15403
"2011-05-23",0.15375
"2011-05-24",0.15391
"2011-05-25",0.154
"2011-05-26",0.15405
"2011-05-27",0.15402
"2011-05-30",0.15424
"2011-05-31",0.15434
"2011-06-01",0.15437
"2011-06-02",0.15426
"2011-06-03",0.15433
"2011-06-06",0.15446
"2011-06-07",0.15429
"2011-06-08",0.15442
"2011-06-09",0.15442
"2011-06-10",0.15432
"2011-06-13",0.15425
"2011-06-14",0.15434
"2011-06-15",0.15427
"2011-06-16",0.15445
"2011-06-17",0.15444
"2011-06-20",0.15449
"2011-06-21",0.15467
"2011-06-22",0.15473
"2011-06-23",0.15463
"2011-06-24",0.15447
"2011-06-27",0.15434
"2011-06-28",0.15455
"2011-06-29",0.15472
"2011-06-30",0.15472
"2011-07-01",0.15468
"2011-07-04",0.15473
"2011-07-05",0.15463
"2011-07-06",0.15464
"2011-07-07",0.15466
"2011-07-08",0.15468
"2011-07-11",0.15463
"2011-07-12",0.15466
"2011-07-13",0.15462
"2011-07-14",0.15486
"2011-07-15",0.15472
"2011-07-18",0.1546
"2011-07-19",0.15469
"2011-07-20",0.15483
"2011-07-21",0.155
"2011-07-22",0.15511
"2011-07-25",0.15516
"2011-07-26",0.15521
"2011-07-27",0.1552
"2011-07-28",0.15521
"2011-07-29",0.15535
"2011-08-01",0.15543
"2011-08-02",0.15533
"2011-08-03",0.15542
"2011-08-04",0.1553
"2011-08-05",0.15526
"2011-08-08",0.15538
"2011-08-09",0.1555
"2011-08-10",0.15586
"2011-08-11",0.15638
"2011-08-12",0.15637
"2011-08-15",0.15648
"2011-08-16",0.15667
"2011-08-17",0.15656
"2011-08-18",0.15655
"2011-08-19",0.15635
"2011-08-22",0.15627
"2011-08-23",0.15632
"2011-08-24",0.15653
"2011-08-25",0.15649
"2011-08-26",0.15656
"2011-08-29",0.15671
"2011-08-30",0.15673
"2011-08-31",0.15678
"2011-09-01",0.15675
"2011-09-02",0.15668
"2011-09-05",0.15661
"2011-09-06",0.15648
"2011-09-07",0.1564
"2011-09-08",0.15669
"2011-09-09",0.15654
"2011-09-12",0.15617
"2011-09-13",0.15627
"2011-09-14",0.15632
"2011-09-15",0.15645
"2011-09-16",0.15665
"2011-09-19",0.15657
"2011-09-20",0.15669
"2011-09-21",0.15675
"2011-09-22",0.1563
"2011-09-23",0.15653
"2011-09-26",0.15623
"2011-09-27",0.1563
"2011-09-28",0.1564
"2011-09-29",0.1563
"2011-09-30",0.15663
"2011-10-03",0.15686
"2011-10-04",0.15718
"2011-10-05",0.15684
"2011-10-06",0.15674
"2011-10-07",0.15694
"2011-10-10",0.15679
"2011-10-11",0.15684
"2011-10-12",0.15726
"2011-10-13",0.15667
"2011-10-14",0.15683
"2011-10-17",0.15705
"2011-10-18",0.15675
"2011-10-19",0.15677
"2011-10-20",0.1566
"2011-10-21",0.1568
"2011-10-24",0.15684
"2011-10-25",0.15722
"2011-10-26",0.1574
"2011-10-27",0.15723
"2011-10-28",0.15726
"2011-10-31",0.15763
"2011-11-01",0.15736
"2011-11-02",0.1573
"2011-11-03",0.15785
"2011-11-04",0.15773
"2011-11-07",0.15751
"2011-11-08",0.15757
"2011-11-09",0.15793
"2011-11-10",0.15756
"2011-11-11",0.15767
"2011-11-14",0.15734
"2011-11-15",0.15758
"2011-11-16",0.15746
"2011-11-17",0.15757
"2011-11-18",0.15736
"2011-11-21",0.15717
"2011-11-22",0.15719
"2011-11-23",0.15728
"2011-11-24",0.15704
"2011-11-25",0.1569
"2011-11-28",0.15654
"2011-11-29",0.15701
"2011-11-30",0.15681
"2011-12-01",0.1571
"2011-12-02",0.15765
"2011-12-05",0.15758
"2011-12-06",0.15784
"2011-12-07",0.15701
"2011-12-08",0.1577
"2011-12-09",0.1578
"2011-12-12",0.15716
"2011-12-13",0.15715
"2011-12-14",0.15691
"2011-12-15",0.15687
"2011-12-16",0.15787
"2011-12-19",0.15794
"2011-12-20",0.15768
"2011-12-21",0.15778
"2011-12-22",0.15774
"2011-12-23",0.1578
"2011-12-26",0.15825
"2011-12-27",0.15815
"2011-12-28",0.15819
"2011-12-29",0.15827
"2011-12-30",0.15862
"2012-01-02",0.15865
"2012-01-03",0.15882
"2012-01-04",0.15882
"2012-01-05",0.15842
"2012-01-06",0.15851
"2012-01-09",0.15836
"2012-01-10",0.15839
"2012-01-11",0.15839
"2012-01-12",0.15827
"2012-01-13",0.15823
"2012-01-16",0.15831
"2012-01-17",0.1581
"2012-01-18",0.15833
"2012-01-19",0.15833
"2012-01-20",0.15786
"2012-01-23",0.15832
"2012-01-24",0.15801
"2012-01-25",0.15838
"2012-01-26",0.15855
"2012-01-27",0.15852
"2012-01-30",0.15826
"2012-01-31",0.15853
"2012-02-01",0.15854
"2012-02-02",0.15858
"2012-02-03",0.15862
"2012-02-06",0.15838
"2012-02-07",0.15851
"2012-02-08",0.15884
"2012-02-09",0.15862
"2012-02-10",0.15886
"2012-02-13",0.15891
"2012-02-14",0.1588
"2012-02-15",0.15882
"2012-02-16",0.1587
"2012-02-17",0.15881
"2012-02-20",0.15885
"2012-02-21",0.15884
"2012-02-22",0.15878
"2012-02-23",0.15874
"2012-02-24",0.15878
"2012-02-27",0.15868
"2012-02-28",0.15878
"2012-02-29",0.15885
"2012-03-01",0.15874
"2012-03-02",0.15878
"2012-03-05",0.15851
"2012-03-06",0.15841
"2012-03-07",0.1584
"2012-03-08",0.15829
"2012-03-09",0.15851
"2012-03-12",0.15812
"2012-03-13",0.15801
"2012-03-14",0.1579
"2012-03-15",0.15793
"2012-03-16",0.15811
"2012-03-19",0.15825
"2012-03-20",0.15826
"2012-03-21",0.15827
"2012-03-22",0.15862
"2012-03-23",0.15874
"2012-03-26",0.15873
"2012-03-27",0.1588
"2012-03-28",0.15877
"2012-03-29",0.15881
"2012-03-30",0.15883
"2012-04-02",0.15887
"2012-04-03",0.15892
"2012-04-04",0.15881
"2012-04-05",0.1585
"2012-04-06",0.15858
"2012-04-09",0.15854
"2012-04-10",0.1585
"2012-04-11",0.15848
"2012-04-12",0.15874
"2012-04-13",0.15876
"2012-04-16",0.15853
"2012-04-17",0.15885
"2012-04-18",0.15872
"2012-04-19",0.15872
"2012-04-20",0.15865
"2012-04-23",0.15862
"2012-04-24",0.1586
"2012-04-25",0.1586
"2012-04-26",0.15894
"2012-04-27",0.15915
"2012-04-30",0.15924
"2012-05-01",0.1591
"2012-05-02",0.15876
"2012-05-03",0.15897
"2012-05-04",0.15905
"2012-05-07",0.15886
"2012-05-08",0.1589
"2012-05-09",0.15846
"2012-05-10",0.15835
"2012-05-11",0.15836
"2012-05-14",0.15817
"2012-05-15",0.15825
"2012-05-16",0.15815
"2012-05-17",0.15811
"2012-05-18",0.15811
"2012-05-21",0.15805
"2012-05-22",0.15833
"2012-05-23",0.15798
"2012-05-24",0.15787
"2012-05-25",0.15797
"2012-05-28",0.15786
"2012-05-29",0.15791
"2012-05-30",0.1576
"2012-05-31",0.1577
"2012-06-01",0.15695
"2012-06-04",0.1571
"2012-06-05",0.15703
"2012-06-06",0.15714
"2012-06-07",0.15711
"2012-06-08",0.1569
"2012-06-11",0.15698
"2012-06-12",0.15695
"2012-06-13",0.15751
"2012-06-14",0.15831
"2012-06-15",0.15696
"2012-06-18",0.15727
"2012-06-19",0.15735
"2012-06-20",0.15721
"2012-06-21",0.15708
"2012-06-22",0.1571
"2012-06-25",0.15712
"2012-06-26",0.15714
"2012-06-27",0.15739
"2012-06-28",0.15728
"2012-06-29",0.15735
"2012-07-02",0.15749
"2012-07-03",0.15784
"2012-07-04",0.15748
"2012-07-05",0.1573
"2012-07-06",0.15709
"2012-07-09",0.15693
"2012-07-10",0.15706
"2012-07-11",0.15741
"2012-07-12",0.15687
"2012-07-13",0.15656
"2012-07-16",0.15674
"2012-07-17",0.15688
"2012-07-18",0.15697
"2012-07-19",0.15689
"2012-07-20",0.15686
"2012-07-23",0.15656
"2012-07-24",0.15657
"2012-07-25",0.1565
"2012-07-26",0.15661
"2012-07-27",0.1567
"2012-07-30",0.15672
"2012-07-31",0.15707
"2012-08-01",0.15699
"2012-08-02",0.15702
"2012-08-03",0.15689
"2012-08-06",0.15686
"2012-08-07",0.15704
"2012-08-08",0.15717
"2012-08-09",0.15723
"2012-08-10",0.1572
"2012-08-13",0.15714
"2012-08-14",0.15724
"2012-08-15",0.15715
"2012-08-16",0.15705
"2012-08-17",0.15725
"2012-08-20",0.15723
"2012-08-21",0.1573
"2012-08-22",0.15741
"2012-08-23",0.15737
"2012-08-24",0.15734
"2012-08-27",0.15728
"2012-08-28",0.15737
"2012-08-29",0.15741
"2012-08-30",0.15746
"2012-08-31",0.15749
"2012-09-03",0.15769
"2012-09-04",0.15752
"2012-09-05",0.15749
"2012-09-06",0.15762
"2012-09-07",0.15763
"2012-09-10",0.15774
"2012-09-11",0.15782
"2012-09-12",0.15803
"2012-09-13",0.15795
"2012-09-14",0.15832
"2012-09-17",0.15815
"2012-09-18",0.15824
"2012-09-19",0.15846
"2012-09-20",0.15863
"2012-09-21",0.15857
"2012-09-24",0.15847
"2012-09-25",0.15855
"2012-09-26",0.15865
"2012-09-27",0.15866
"2012-09-28",0.15909
"2012-10-01",0.15909
"2012-10-02",0.1581
"2012-10-03",0.15791
"2012-10-04",0.15778
"2012-10-05",0.15789
"2012-10-08",0.1591
"2012-10-09",0.15904
"2012-10-10",0.15759
"2012-10-11",0.1593
"2012-10-12",0.15956
"2012-10-15",0.15947
"2012-10-16",0.15963
"2012-10-17",0.15989
"2012-10-18",0.15999
"2012-10-19",0.1599
"2012-10-22",0.15988
"2012-10-23",0.16004
"2012-10-24",0.16017
"2012-10-25",0.16032
"2012-10-26",0.16004
"2012-10-29",0.16016
"2012-10-30",0.16021
"2012-10-31",0.16033
"2012-11-01",0.16024
"2012-11-02",0.16021
"2012-11-05",0.16012
"2012-11-06",0.15994
"2012-11-07",0.15999
"2012-11-08",0.16001
"2012-11-09",0.16012
"2012-11-12",0.16053
"2012-11-13",0.16059
"2012-11-14",0.16064
"2012-11-15",0.16044
"2012-11-16",0.16036
"2012-11-19",0.16051
"2012-11-20",0.16058
"2012-11-21",0.16051
"2012-11-22",0.16054
"2012-11-23",0.16055
"2012-11-26",0.16062
"2012-11-27",0.16071
"2012-11-28",0.16071
"2012-11-29",0.16059
"2012-11-30",0.16059
"2012-12-03",0.1607
"2012-12-04",0.16063
"2012-12-05",0.16063
"2012-12-06",0.16044
"2012-12-07",0.1605
"2012-12-10",0.16047
"2012-12-11",0.16009
"2012-12-12",0.16011
"2012-12-13",0.15981
"2012-12-14",0.15994
"2012-12-17",0.16031
"2012-12-18",0.16042
"2012-12-19",0.16046
"2012-12-20",0.16047
"2012-12-21",0.16049
"2012-12-24",0.1604
"2012-12-25",0.16042
"2012-12-26",0.16035
"2012-12-27",0.16031
"2012-12-28",0.16043
"2012-12-31",0.16047
"2013-01-01",0.16029
"2013-01-02",0.16041
"2013-01-03",0.16042
"2013-01-04",0.16047
"2013-01-07",0.16049
"2013-01-08",0.16064
"2013-01-09",0.16048
"2013-01-10",0.16064
"2013-01-11",0.16085
"2013-01-14",0.16071
"2013-01-15",0.16088
"2013-01-16",0.16083
"2013-01-17",0.16069
"2013-01-18",0.16071
"2013-01-21",0.16072
"2013-01-22",0.16076
"2013-01-23",0.16081
"2013-01-24",0.16067
"2013-01-25",0.16066
"2013-01-28",0.16057
"2013-01-29",0.16052
"2013-01-30",0.16064
"2013-01-31",0.16067
"2013-02-01",0.16046
"2013-02-04",0.16044
"2013-02-05",0.16037
"2013-02-06",0.16051
"2013-02-07",0.16044
"2013-02-08",0.16045
"2013-02-11",0.16046
"2013-02-12",0.16042
"2013-02-13",0.16039
"2013-02-14",0.16045
"2013-02-15",0.16036
"2013-02-18",0.16018
"2013-02-19",0.16015
"2013-02-20",0.16034
"2013-02-21",0.16028
"2013-02-22",0.16036
"2013-02-25",0.16041
"2013-02-26",0.16053
"2013-02-27",0.16058
"2013-02-28",0.16073
"2013-03-01",0.16067
"2013-03-04",0.16062
"2013-03-05",0.16075
"2013-03-06",0.16082
"2013-03-07",0.16074
"2013-03-08",0.16071
"2013-03-11",0.1608
"2013-03-12",0.16087
"2013-03-13",0.16093
"2013-03-14",0.1609
"2013-03-15",0.16079
"2013-03-18",0.16088
"2013-03-19",0.16085
"2013-03-20",0.16096
"2013-03-21",0.16094
"2013-03-22",0.16082
"2013-03-25",0.16101
"2013-03-26",0.16101
"2013-03-27",0.16092
"2013-03-28",0.16091
"2013-03-29",0.16101
"2013-04-01",0.16107
"2013-04-02",0.16132
"2013-04-03",0.16126
"2013-04-04",0.16138
"2013-04-05",0.16125
"2013-04-08",0.1612
"2013-04-09",0.16123
"2013-04-10",0.16156
"2013-04-11",0.16139
"2013-04-12",0.16149
"2013-04-15",0.16163
"2013-04-16",0.16173
"2013-04-17",0.16201
"2013-04-18",0.16177
"2013-04-19",0.16187
"2013-04-22",0.16174
"2013-04-23",0.16183
"2013-04-24",0.16185
"2013-04-25",0.16217
"2013-04-26",0.16221
"2013-04-29",0.16233
"2013-04-30",0.1622
"2013-05-01",0.16221
"2013-05-02",0.16244
"2013-05-03",0.16245
"2013-05-06",0.16217
"2013-05-07",0.1625
"2013-05-08",0.16284
"2013-05-09",0.16311
"2013-05-10",0.16281
"2013-05-13",0.16267
"2013-05-14",0.16279
"2013-05-15",0.16272
"2013-05-16",0.16262
"2013-05-17",0.16282
"2013-05-20",0.16288
"2013-05-21",0.16298
"2013-05-22",0.16311
"2013-05-23",0.16301
"2013-05-24",0.16309
"2013-05-27",0.16337
"2013-05-28",0.16335
"2013-05-29",0.16321
"2013-05-30",0.16309
"2013-05-31",0.163
"2013-06-03",0.16309
"2013-06-04",0.16317
"2013-06-05",0.16318
"2013-06-06",0.16298
"2013-06-07",0.16305
"2013-06-10",0.16304
"2013-06-11",0.16304
"2013-06-12",0.16304
"2013-06-13",0.163
"2013-06-14",0.1631
"2013-06-17",0.16328
"2013-06-18",0.16316
"2013-06-19",0.16322
"2013-06-20",0.16317
"2013-06-21",0.16302
"2013-06-24",0.16271
"2013-06-25",0.16273
"2013-06-26",0.16268
"2013-06-27",0.16263
"2013-06-28",0.16293
"2013-07-01",0.16306
"2013-07-02",0.16305
"2013-07-03",0.1631
"2013-07-04",0.16325
"2013-07-05",0.16306
"2013-07-08",0.16303
"2013-07-09",0.16313
"2013-07-10",0.16302
"2013-07-11",0.16299
"2013-07-12",0.16293
"2013-07-15",0.16293
"2013-07-16",0.16301
"2013-07-17",0.163
"2013-07-18",0.16283
"2013-07-19",0.16292
"2013-07-22",0.16283
"2013-07-23",0.16293
"2013-07-24",0.163
"2013-07-25",0.163
"2013-07-26",0.16291
"2013-07-29",0.16307
"2013-07-30",0.16306
"2013-07-31",0.16316
"2013-08-01",0.16313
"2013-08-02",0.16313
"2013-08-05",0.16326
"2013-08-06",0.16334
"2013-08-07",0.16341
"2013-08-08",0.16332
"2013-08-09",0.16332
"2013-08-12",0.16332
"2013-08-13",0.16332
"2013-08-14",0.1634
"2013-08-15",0.16359
"2013-08-16",0.16352
"2013-08-19",0.16331
"2013-08-20",0.16326
"2013-08-21",0.16331
"2013-08-22",0.16327
"2013-08-23",0.16335
"2013-08-26",0.16332
"2013-08-27",0.16335
"2013-08-28",0.16338
"2013-08-29",0.16335
"2013-08-30",0.1634
"2013-09-02",0.16341
"2013-09-03",0.16338
"2013-09-04",0.16338
"2013-09-05",0.16339
"2013-09-06",0.16337
"2013-09-09",0.16337
"2013-09-10",0.16339
"2013-09-11",0.16343
"2013-09-12",0.16343
"2013-09-13",0.16342
"2013-09-16",0.16338
"2013-09-17",0.16335
"2013-09-18",0.16335
"2013-09-19",0.16332
"2013-09-20",0.16336
"2013-09-23",0.16345
"2013-09-24",0.16333
"2013-09-25",0.16338
"2013-09-26",0.16335
"2013-09-27",0.16341
"2013-09-30",0.1633
"2013-10-01",0.16337
"2013-10-02",0.16336
"2013-10-03",0.16334
"2013-10-04",0.16332
"2013-10-07",0.16338
"2013-10-08",0.16334
"2013-10-09",0.16333
"2013-10-10",0.16352
"2013-10-11",0.16335
"2013-10-14",0.16367
"2013-10-15",0.16388
"2013-10-16",0.16392
"2013-10-17",0.16389
"2013-10-18",0.16402
"2013-10-21",0.16415
"2013-10-22",0.16415
"2013-10-23",0.16438
"2013-10-24",0.16448
"2013-10-25",0.16445
"2013-10-28",0.16435
"2013-10-29",0.16418
"2013-10-30",0.16411
"2013-10-31",0.16404
"2013-11-01",0.16398
"2013-11-04",0.16398
"2013-11-05",0.16402
"2013-11-06",0.16409
"2013-11-07",0.16417
"2013-11-08",0.16418
"2013-11-11",0.1641
"2013-11-12",0.16413
"2013-11-13",0.16418
"2013-11-14",0.1641
"2013-11-15",0.16421
"2013-11-18",0.16417
"2013-11-19",0.16405
"2013-11-20",0.16413
"2013-11-21",0.16416
"2013-11-22",0.1641
"2013-11-25",0.16414
"2013-11-26",0.16415
"2013-11-27",0.16414
"2013-11-28",0.16413
"2013-11-29",0.16411
"2013-12-02",0.16411
"2013-12-03",0.16413
"2013-12-04",0.16417
"2013-12-05",0.16413
"2013-12-06",0.16439
"2013-12-09",0.16468
"2013-12-10",0.16476
"2013-12-11",0.16468
"2013-12-12",0.16471
"2013-12-13",0.16471
"2013-12-16",0.16469
"2013-12-17",0.1647
"2013-12-18",0.16475
"2013-12-19",0.16474
"2013-12-20",0.16474
"2013-12-23",0.16473
"2013-12-24",0.1647
"2013-12-25",0.16469
"2013-12-26",0.16455
"2013-12-27",0.16476
"2013-12-30",0.16498
"2013-12-31",0.16515
"2014-01-01",0.16517
"2014-01-02",0.16526
"2014-01-03",0.16519
"2014-01-06",0.1652
"2014-01-07",0.16524
"2014-01-08",0.16523
"2014-01-09",0.16517
"2014-01-10",0.16522
"2014-01-13",0.16548
"2014-01-14",0.16553
"2014-01-15",0.16535
"2014-01-16",0.16513
"2014-01-17",0.16531
"2014-01-20",0.16522
"2014-01-21",0.16528
"2014-01-22",0.16525
"2014-01-23",0.16522
"2014-01-24",0.16537
"2014-01-27",0.1654
"2014-01-28",0.16528
"2014-01-29",0.16512
"2014-01-30",0.16499
"2014-01-31",0.16489
"2014-02-03",0.16499
"2014-02-04",0.16503
"2014-02-05",0.16503
"2014-02-06",0.16501
"2014-02-07",0.16491
"2014-02-10",0.16501
"2014-02-11",0.16501
"2014-02-12",0.16488
"2014-02-13",0.16488
"2014-02-14",0.16488
"2014-02-17",0.1649
"2014-02-18",0.16486
"2014-02-19",0.16454
"2014-02-20",0.16435
"2014-02-21",0.16413
"2014-02-24",0.16402
"2014-02-25",0.16329
"2014-02-26",0.16332
"2014-02-27",0.16325
"2014-02-28",0.16273
"2014-03-03",0.16272
"2014-03-04",0.16276
"2014-03-05",0.16316
"2014-03-06",0.16344
"2014-03-07",0.16323
"2014-03-10",0.1629
"2014-03-11",0.16289
"2014-03-12",0.16287
"2014-03-13",0.16294
"2014-03-14",0.16258
"2014-03-17",0.16186
"2014-03-18",0.16148
"2014-03-19",0.1614
"2014-03-20",0.16056
"2014-03-21",0.16058
"2014-03-24",0.16137
"2014-03-25",0.16127
"2014-03-26",0.16108
"2014-03-27",0.16097
"2014-03-28",0.16097
"2014-03-31",0.16086
"2014-04-01",0.16109
"2014-04-02",0.16116
"2014-04-03",0.16104
"2014-04-04",0.16097
"2014-04-07",0.16095
"2014-04-08",0.16137
"2014-04-09",0.16128
"2014-04-10",0.16097
"2014-04-11",0.16103
"2014-04-14",0.16078
"2014-04-15",0.16073
"2014-04-16",0.16073
"2014-04-17",0.16077
"2014-04-18",0.16075
"2014-04-21",0.1605
"2014-04-22",0.16033
"2014-04-23",0.16033
"2014-04-24",0.1602
"2014-04-25",0.15989
"2014-04-28",0.15993
"2014-04-29",0.15978
"2014-04-30",0.15976
"2014-05-01",0.15975
"2014-05-02",0.15974
"2014-05-05",0.16011
"2014-05-06",0.16062
"2014-05-07",0.16041
"2014-05-08",0.16057
"2014-05-09",0.16055
"2014-05-12",0.16025
"2014-05-13",0.16053
"2014-05-14",0.16051
"2014-05-15",0.16048
"2014-05-16",0.16041
"2014-05-19",0.16032
"2014-05-20",0.1603
"2014-05-21",0.16035
"2014-05-22",0.16037
"2014-05-23",0.16032
"2014-05-26",0.16026
"2014-05-27",0.15998
"2014-05-28",0.15988
"2014-05-29",0.16027
"2014-05-30",0.16006
"2014-06-02",0.16006
"2014-06-03",0.15981
"2014-06-04",0.15997
"2014-06-05",0.15976
"2014-06-06",0.16001
"2014-06-09",0.16025
"2014-06-10",0.16066
"2014-06-11",0.16058
"2014-06-12",0.1608
"2014-06-13",0.161
"2014-06-16",0.16062
"2014-06-17",0.16059
"2014-06-18",0.16045
"2014-06-19",0.16049
"2014-06-20",0.16061
"2014-06-23",0.16062
"2014-06-24",0.16044
"2014-06-25",0.16038
"2014-06-26",0.16064
"2014-06-27",0.1608
"2014-06-30",0.16118
"2014-07-01",0.16125
"2014-07-02",0.16101
"2014-07-03",0.16096
"2014-07-04",0.16119
"2014-07-07",0.16123
"2014-07-08",0.16123
"2014-07-09",0.16129
"2014-07-10",0.16113
"2014-07-11",0.16118
"2014-07-14",0.16113
"2014-07-15",0.16107
"2014-07-16",0.16116
"2014-07-17",0.16113
"2014-07-18",0.16109
"2014-07-21",0.16103
"2014-07-22",0.16119
"2014-07-23",0.16132
"2014-07-24",0.16144
"2014-07-25",0.16148
"2014-07-28",0.16163
"2014-07-29",0.16179
"2014-07-30",0.16207
"2014-07-31",0.16198
"2014-08-01",0.16181
"2014-08-04",0.16184
"2014-08-05",0.16206
"2014-08-06",0.16224
"2014-08-07",0.16227
"2014-08-08",0.16243
"2014-08-11",0.1625
"2014-08-12",0.16239
"2014-08-13",0.1625
"2014-08-14",0.16254
"2014-08-15",0.16263
"2014-08-18",0.16268
"2014-08-19",0.16282
"2014-08-20",0.16285
"2014-08-21",0.16251
"2014-08-22",0.1625
"2014-08-25",0.16243
"2014-08-26",0.16253
"2014-08-27",0.16277
"2014-08-28",0.16279
"2014-08-29",0.16278
"2014-09-01",0.16277
"2014-09-02",0.16266
"2014-09-03",0.16282
"2014-09-04",0.16289
"2014-09-05",0.16281
"2014-09-08",0.1628
"2014-09-09",0.16294
"2014-09-10",0.16318
"2014-09-11",0.16315
"2014-09-12",0.16303
"2014-09-15",0.16281
"2014-09-16",0.16268
"2014-09-17",0.16284
"2014-09-18",0.16285
"2014-09-19",0.16282
"2014-09-22",0.16282
"2014-09-23",0.16291
"2014-09-24",0.16297
"2014-09-25",0.163
"2014-09-26",0.16318
"2014-09-29",0.16255
"2014-09-30",0.16288
"2014-10-01",0.16287
"2014-10-02",0.16291
"2014-10-03",0.16297
"2014-10-06",0.16287
"2014-10-07",0.16285
"2014-10-08",0.16285
"2014-10-09",0.16313
"2014-10-10",0.16315
"2014-10-13",0.16323
"2014-10-14",0.16326
"2014-10-15",0.1632
"2014-10-16",0.1633
"2014-10-17",0.16329
"2014-10-20",0.16332
"2014-10-21",0.16328
"2014-10-22",0.16343
"2014-10-23",0.16342
"2014-10-24",0.16348
"2014-10-27",0.16343
"2014-10-28",0.16358
"2014-10-29",0.16362
"2014-10-30",0.16353
"2014-10-31",0.16359
"2014-11-03",0.16345
"2014-11-04",0.16349
"2014-11-05",0.16354
"2014-11-06",0.16359
"2014-11-07",0.16333
"2014-11-10",0.1634
"2014-11-11",0.16327
"2014-11-12",0.16326
"2014-11-13",0.16322
"2014-11-14",0.16314
"2014-11-17",0.16333
"2014-11-18",0.16337
"2014-11-19",0.16345
"2014-11-20",0.16341
"2014-11-21",0.1633
"2014-11-24",0.16276
"2014-11-25",0.16296
"2014-11-26",0.16293
"2014-11-27",0.1629
"2014-11-28",0.16276
"2014-12-01",0.16257
"2014-12-02",0.1626
"2014-12-03",0.16261
"2014-12-04",0.16246
"2014-12-05",0.16251
"2014-12-08",0.16201
"2014-12-09",0.1616
"2014-12-10",0.16188
"2014-12-11",0.16159
"2014-12-12",0.16163
"2014-12-15",0.16147
"2014-12-16",0.16155
"2014-12-17",0.16134
"2014-12-18",0.16101
"2014-12-19",0.16073
"2014-12-22",0.16073
"2014-12-23",0.16061
"2014-12-24",0.16084
"2014-12-25",0.16109
"2014-12-26",0.16075
"2014-12-29",0.16065
"2014-12-30",0.16126
"2014-12-31",0.16111
"2015-01-01",0.16109
"2015-01-02",0.16111
"2015-01-05",0.16073
"2015-01-06",0.16093
"2015-01-07",0.16095
"2015-01-08",0.16089
"2015-01-09",0.16107
"2015-01-12",0.16116
"2015-01-13",0.16128
"2015-01-14",0.16134
"2015-01-15",0.16157
"2015-01-16",0.16105
"2015-01-19",0.16078
"2015-01-20",0.1609
"2015-01-21",0.16094
"2015-01-22",0.16106
"2015-01-23",0.16053
"2015-01-26",0.15982
"2015-01-27",0.16013
"2015-01-28",0.16006
"2015-01-29",0.16006
"2015-01-30",0.15995
"2015-02-02",0.15975
"2015-02-03",0.15976
"2015-02-04",0.16008
"2015-02-05",0.15994
"2015-02-06",0.16019
"2015-02-09",0.16006
"2015-02-10",0.16018
"2015-02-11",0.16018
"2015-02-12",0.16013
"2015-02-13",0.16021
"2015-02-16",0.16005
"2015-02-17",0.15986
"2015-02-18",0.15985
"2015-02-19",0.15976
"2015-02-20",0.15998
"2015-02-23",0.15986
"2015-02-24",0.15984
"2015-02-25",0.15974
"2015-02-26",0.15977
"2015-02-27",0.15947
"2015-03-02",0.15943
"2015-03-03",0.15937
"2015-03-04",0.15947
"2015-03-05",0.15966
"2015-03-06",0.15963
"2015-03-09",0.15963
"2015-03-10",0.15968
"2015-03-11",0.15967
"2015-03-12",0.15967
"2015-03-13",0.15975
"2015-03-16",0.15969
"2015-03-17",0.16
"2015-03-18",0.16052
"2015-03-19",0.16142
"2015-03-20",0.16116
"2015-03-23",0.16092
"2015-03-24",0.16115
"2015-03-25",0.16094
"2015-03-26",0.16099
"2015-03-27",0.16089
"2015-03-30",0.1611
"2015-03-31",0.16132
"2015-04-01",0.16132
"2015-04-02",0.16135
"2015-04-03",0.16138
"2015-04-06",0.16286
"2015-04-07",0.16143
"2015-04-08",0.16123
"2015-04-09",0.16119
"2015-04-10",0.16112
"2015-04-13",0.16081
"2015-04-14",0.161
"2015-04-15",0.16111
"2015-04-16",0.16139
"2015-04-17",0.16133
"2015-04-20",0.16126
"2015-04-21",0.16125
"2015-04-22",0.16147
"2015-04-23",0.16144
"2015-04-24",0.16145
"2015-04-27",0.16077
"2015-04-28",0.16123
"2015-04-29",0.1613
"2015-04-30",0.16127
"2015-05-01",0.16216
"2015-05-04",0.16108
"2015-05-05",0.16112
"2015-05-06",0.16135
"2015-05-07",0.16107
"2015-05-08",0.161
"2015-05-11",0.16103
"2015-05-12",0.161
"2015-05-13",0.16117
"2015-05-14",0.16125
"2015-05-15",0.16118
"2015-05-18",0.16117
"2015-05-19",0.16115
"2015-05-20",0.16122
"2015-05-21",0.1613
"2015-05-22",0.1613
"2015-05-25",0.16127
"2015-05-26",0.16126
"2015-05-27",0.16129
"2015-05-28",0.16118
"2015-05-29",0.16138
"2015-06-01",0.16131
"2015-06-02",0.16129
"2015-06-03",0.16135
"2015-06-04",0.16124
"2015-06-05",0.16116
"2015-06-08",0.16118
"2015-06-09",0.16107
"2015-06-10",0.16114
"2015-06-11",0.16112
"2015-06-12",0.16105
"2015-06-15",0.16102
"2015-06-16",0.16104
"2015-06-17",0.16103
"2015-06-18",0.1611
"2015-06-19",0.161
"2015-06-22",0.16099
"2015-06-23",0.16111
"2015-06-24",0.16114
"2015-06-25",0.16106
"2015-06-26",0.16106
"2015-06-29",0.16114
"2015-06-30",0.16123
"2015-07-01",0.16123
"2015-07-02",0.16112
"2015-07-03",0.16116
"2015-07-06",0.16113
"2015-07-07",0.16104
"2015-07-08",0.16101
"2015-07-09",0.16107
"2015-07-10",0.16108
"2015-07-13",0.1611
"2015-07-14",0.16098
"2015-07-15",0.16105
"2015-07-16",0.16099
"2015-07-17",0.16104
"2015-07-20",0.16094
"2015-07-21",0.16101
"2015-07-22",0.16101
"2015-07-23",0.16103
"2015-07-24",0.16116
"2015-07-27",0.161
"2015-07-28",0.16101
"2015-07-29",0.16105
"2015-07-30",0.16103
"2015-07-31",0.16108
"2015-08-03",0.16106
"2015-08-04",0.16102
"2015-08-05",0.16104
"2015-08-06",0.161
"2015-08-07",0.16105
"2015-08-10",0.16104
"2015-08-11",0.15807
"2015-08-12",0.1566
"2015-08-13",0.15626
"2015-08-14",0.15645
"2015-08-17",0.15636
"2015-08-18",0.15634
"2015-08-19",0.15634
"2015-08-20",0.15645
"2015-08-21",0.15654
"2015-08-24",0.15631
"2015-08-25",0.15593
"2015-08-26",0.15607
"2015-08-27",0.15611
"2015-08-28",0.15651
"2015-08-31",0.15685
"2015-09-01",0.15714
"2015-09-02",0.1573
"2015-09-03",0.15731
"2015-09-04",0.15734
"2015-09-07",0.15709
"2015-09-08",0.15705
"2015-09-09",0.15685
"2015-09-10",0.15678
"2015-09-11",0.15687
"2015-09-14",0.1571
"2015-09-15",0.15692
"2015-09-16",0.15696
"2015-09-17",0.15712
"2015-09-18",0.15709
"2015-09-21",0.15702
"2015-09-22",0.15684
"2015-09-23",0.15671
"2015-09-24",0.15666
"2015-09-25",0.15687
"2015-09-28",0.15702
"2015-09-29",0.15717
"2015-09-30",0.15728
"2015-10-01",0.15731
"2015-10-02",0.15733
"2015-10-05",0.15737
"2015-10-06",0.15736
"2015-10-07",0.15756
"2015-10-08",0.15741
"2015-10-09",0.15759
"2015-10-12",0.15819
"2015-10-13",0.15768
"2015-10-14",0.15757
"2015-10-15",0.15758
"2015-10-16",0.15743
"2015-10-19",0.1573
"2015-10-20",0.15755
"2015-10-21",0.15752
"2015-10-22",0.15727
"2015-10-23",0.1575
"2015-10-26",0.1574
"2015-10-27",0.1574
"2015-10-28",0.15725
"2015-10-29",0.15735
"2015-10-30",0.15809
"2015-11-02",0.15783
"2015-11-03",0.15779
"2015-11-04",0.15787
"2015-11-05",0.15761
"2015-11-06",0.15746
"2015-11-09",0.15721
"2015-11-10",0.1572
"2015-11-11",0.15709
"2015-11-12",0.15703
"2015-11-13",0.1569
"2015-11-16",0.15694
"2015-11-17",0.15683
"2015-11-18",0.15665
"2015-11-19",0.15663
"2015-11-20",0.1566
"2015-11-23",0.1565
"2015-11-24",0.15652
"2015-11-25",0.15656
"2015-11-26",0.15645
"2015-11-27",0.15629
"2015-11-30",0.15633
"2015-12-01",0.1563
"2015-12-02",0.15633
"2015-12-03",0.15635
"2015-12-04",0.15622
"2015-12-07",0.15611
"2015-12-08",0.1558
"2015-12-09",0.15549
"2015-12-10",0.1553
"2015-12-11",0.15485
"2015-12-14",0.15478
"2015-12-15",0.15477
"2015-12-16",0.15452
"2015-12-17",0.15425
"2015-12-18",0.15424
"2015-12-21",0.1543
"2015-12-22",0.15447
"2015-12-23",0.15442
"2015-12-24",0.15439
"2015-12-25",0.15473
"2015-12-28",0.1541
"2015-12-29",0.15427
"2015-12-30",0.15404
"2015-12-31",0.15414
"2016-01-01",0.15397
"2016-01-04",0.153
"2016-01-05",0.15329
"2016-01-06",0.15255
"2016-01-07",0.15168
"2016-01-08",0.15176
"2016-01-11",0.15211
"2016-01-12",0.15196
"2016-01-13",0.15209
"2016-01-14",0.15173
"2016-01-15",0.15185
"2016-01-18",0.152
"2016-01-19",0.15201
"2016-01-20",0.15197
"2016-01-21",0.15201
"2016-01-22",0.15203
"2016-01-25",0.15195
"2016-01-26",0.15191
"2016-01-27",0.15202
"2016-01-28",0.15206
"2016-01-29",0.15203
"2016-02-01",0.15201
"2016-02-02",0.15197
"2016-02-03",0.15207
"2016-02-04",0.15202
"2016-02-05",0.15213
"2016-02-08",0.15215
"2016-02-09",0.15218
"2016-02-10",0.15216
"2016-02-11",0.15214
"2016-02-12",0.15212
"2016-02-15",0.15403
"2016-02-16",0.15354
"2016-02-17",0.15328
"2016-02-18",0.15344
"2016-02-19",0.15332
"2016-02-22",0.15335
"2016-02-23",0.15318
"2016-02-24",0.15305
"2016-02-25",0.15308
"2016-02-26",0.15299
"2016-02-29",0.15271
"2016-03-01",0.15281
"2016-03-02",0.15266
"2016-03-03",0.15292
"2016-03-04",0.1534
"2016-03-07",0.15341
"2016-03-08",0.15372
"2016-03-09",0.15354
"2016-03-10",0.15355
"2016-03-11",0.15378
"2016-03-14",0.15398
"2016-03-15",0.15353
"2016-03-16",0.15339
"2016-03-17",0.15429
"2016-03-18",0.15446
"2016-03-21",0.15434
"2016-03-22",0.15397
"2016-03-23",0.15387
"2016-03-24",0.15354
"2016-03-25",0.15341
"2016-03-28",0.15339
"2016-03-29",0.15363
"2016-03-30",0.15433
"2016-03-31",0.15482
"2016-04-01",0.15471
"2016-04-04",0.15443
"2016-04-05",0.15443
"2016-04-06",0.15424
"2016-04-07",0.15454
"2016-04-08",0.15449
"2016-04-11",0.15453
"2016-04-12",0.15483
"2016-04-13",0.1546
"2016-04-14",0.15423
"2016-04-15",0.15443
"2016-04-18",0.15437
"2016-04-19",0.15462
"2016-04-20",0.15463
"2016-04-21",0.15443
"2016-04-22",0.15396
"2016-04-25",0.15403
"2016-04-26",0.15405
"2016-04-27",0.15401
"2016-04-28",0.15435
"2016-04-29",0.15415
"2016-05-02",0.15446
"2016-05-03",0.15433
"2016-05-04",0.15374
"2016-05-05",0.15369
"2016-05-06",0.15389
"2016-05-09",0.15358
"2016-05-10",0.15345
"2016-05-11",0.1537
"2016-05-12",0.15344
"2016-05-13",0.15336
"2016-05-16",0.15332
"2016-05-17",0.15327
"2016-05-18",0.15298
"2016-05-19",0.15279
"2016-05-20",0.15271
"2016-05-23",0.1526
"2016-05-24",0.15255
"2016-05-25",0.15239
"2016-05-26",0.15249
"2016-05-27",0.15241
"2016-05-30",0.15193
"2016-05-31",0.15201
"2016-06-01",0.15196
"2016-06-02",0.15193
"2016-06-03",0.15183
"2016-06-06",0.15229
"2016-06-07",0.15223
"2016-06-08",0.15219
"2016-06-09",0.15236
"2016-06-10",0.15223
"2016-06-13",0.15185
"2016-06-14",0.15166
"2016-06-15",0.15192
"2016-06-16",0.15179
"2016-06-17",0.15172
"2016-06-20",0.15197
"2016-06-21",0.15191
"2016-06-22",0.15202
"2016-06-23",0.15215
"2016-06-24",0.15096
"2016-06-27",0.15038
"2016-06-28",0.15051
"2016-06-29",0.15047
"2016-06-30",0.15057
"2016-07-01",0.15027
"2016-07-04",0.15008
"2016-07-05",0.14986
"2016-07-06",0.14947
"2016-07-07",0.14968
"2016-07-08",0.14958
"2016-07-11",0.14948
"2016-07-12",0.14963
"2016-07-13",0.1495
"2016-07-14",0.14953
"2016-07-15",0.14964
"2016-07-18",0.14915
"2016-07-19",0.14941
"2016-07-20",0.14982
"2016-07-21",0.1498
"2016-07-22",0.14989
"2016-07-25",0.14979
"2016-07-26",0.1499
"2016-07-27",0.14997
"2016-07-28",0.15023
"2016-07-29",0.1504
"2016-08-01",0.15053
"2016-08-02",0.15067
"2016-08-03",0.15083
"2016-08-04",0.15058
"2016-08-05",0.15055
"2016-08-08",0.15006
"2016-08-09",0.15012
"2016-08-10",0.15074
"2016-08-11",0.15059
"2016-08-12",0.15044
"2016-08-15",0.15066
"2016-08-16",0.15103
"2016-08-17",0.1507
"2016-08-18",0.15086
"2016-08-19",0.15025
"2016-08-22",0.15028
"2016-08-23",0.15059
"2016-08-24",0.15027
"2016-08-25",0.15022
"2016-08-26",0.14991
"2016-08-29",0.14967
"2016-08-30",0.14974
"2016-08-31",0.14972
"2016-09-01",0.1497
"2016-09-02",0.1497
"2016-09-05",0.14977
"2016-09-06",0.14971
"2016-09-07",0.1501
"2016-09-08",0.15019
"2016-09-09",0.14962
"2016-09-12",0.14967
"2016-09-13",0.14971
"2016-09-14",0.14987
"2016-09-15",0.14989
"2016-09-16",0.14988
"2016-09-19",0.1499
"2016-09-20",0.1499
"2016-09-21",0.14987
"2016-09-22",0.14993
"2016-09-23",0.14992
"2016-09-26",0.14995
"2016-09-27",0.14996
"2016-09-28",0.14985
"2016-09-29",0.15003
"2016-09-30",0.14988
"2016-10-03",0.14991
"2016-10-04",0.14975
"2016-10-05",0.14953
"2016-10-06",0.14933
"2016-10-07",0.14937
"2016-10-10",0.14912
"2016-10-11",0.14884
"2016-10-12",0.14889
"2016-10-13",0.14861
"2016-10-14",0.14869
"2016-10-17",0.14841
"2016-10-18",0.14843
"2016-10-19",0.14845
"2016-10-20",0.14841
"2016-10-21",0.14785
"2016-10-24",0.14765
"2016-10-25",0.14756
"2016-10-26",0.14774
"2016-10-27",0.14745
"2016-10-28",0.14749
"2016-10-31",0.14765
"2016-11-01",0.14766
"2016-11-02",0.14787
"2016-11-03",0.14787
"2016-11-04",0.14801
"2016-11-07",0.14762
"2016-11-08",0.14742
"2016-11-09",0.14757
"2016-11-10",0.14711
"2016-11-11",0.14692
"2016-11-14",0.14611
"2016-11-15",0.14588
"2016-11-16",0.14543
"2016-11-17",0.14553
"2016-11-18",0.14531
"2016-11-21",0.14502
"2016-11-22",0.14522
"2016-11-23",0.14497
"2016-11-24",0.14455
"2016-11-25",0.14452
"2016-11-28",0.14478
"2016-11-29",0.14499
"2016-11-30",0.1453
"2016-12-01",0.14506
"2016-12-02",0.14518
"2016-12-05",0.14522
"2016-12-06",0.14536
"2016-12-07",0.14527
"2016-12-08",0.14542
"2016-12-09",0.14486
"2016-12-12",0.1446
"2016-12-13",0.14486
"2016-12-14",0.14488
"2016-12-15",0.14422
"2016-12-16",0.14372
"2016-12-19",0.14393
"2016-12-20",0.1439
"2016-12-21",0.1439
"2016-12-22",0.14394
"2016-12-23",0.14396
"2016-12-26",0.14391
"2016-12-27",0.14383
"2016-12-28",0.14372
"2016-12-29",0.14383
"2016-12-30",0.14401
"2017-01-02",0.14376
"2017-01-03",0.14367
"2017-01-04",0.14402
"2017-01-05",0.14515
"2017-01-06",0.14456
"2017-01-09",0.14417
"2017-01-10",0.14443
"2017-01-11",0.14422
"2017-01-12",0.14496
"2017-01-13",0.14495
"2017-01-16",0.14491
"2017-01-17",0.14578
"2017-01-18",0.14623
"2017-01-19",0.14564
"2017-01-20",0.14538
"2017-01-23",0.14589
"2017-01-24",0.14579
"2017-01-25",0.14528
"2017-01-26",0.14531
"2017-01-27",0.14504
"2017-01-30",0.14502
"2017-01-31",0.14514
"2017-02-01",0.14571
"2017-02-02",0.14613
"2017-02-03",0.14553
"2017-02-06",0.14572
"2017-02-07",0.14528
"2017-02-08",0.14551
"2017-02-09",0.14564
"2017-02-10",0.14535
"2017-02-13",0.14538
"2017-02-14",0.14569
"2017-02-15",0.14555
"2017-02-16",0.14582
"2017-02-17",0.14559
"2017-02-20",0.14539
"2017-02-21",0.14526
"2017-02-22",0.14538
"2017-02-23",0.1454
"2017-02-24",0.14552
"2017-02-27",0.14557
"2017-02-28",0.14558
"2017-03-01",0.14534
"2017-03-02",0.14526
"2017-03-03",0.14493
"2017-03-06",0.145
"2017-03-07",0.14493
"2017-03-08",0.14472
"2017-03-09",0.14472
"2017-03-10",0.14459
"2017-03-13",0.14471
"2017-03-14",0.14464
"2017-03-15",0.14468
"2017-03-16",0.14489
"2017-03-17",0.14482
"2017-03-20",0.14478
"2017-03-21",0.14515
"2017-03-22",0.14519
"2017-03-23",0.14519
"2017-03-24",0.14522
"2017-03-27",0.14541
"2017-03-28",0.14524
"2017-03-29",0.14514
"2017-03-30",0.14514
"2017-03-31",0.14516
"2017-04-03",0.14523
"2017-04-04",0.1451
"2017-04-05",0.14501
"2017-04-06",0.14495
"2017-04-07",0.14498
"2017-04-10",0.14486
"2017-04-11",0.14488
"2017-04-12",0.14506
"2017-04-13",0.14519
"2017-04-14",0.1452
"2017-04-17",0.14523
"2017-04-18",0.14524
"2017-04-19",0.14522
"2017-04-20",0.14527
"2017-04-21",0.14523
"2017-04-24",0.14524
"2017-04-25",0.14524
"2017-04-26",0.14511
"2017-04-27",0.14506
"2017-04-28",0.14502
"2017-05-01",0.14511
"2017-05-02",0.14503
"2017-05-03",0.14507
"2017-05-04",0.14502
"2017-05-05",0.14489
"2017-05-08",0.14484
"2017-05-09",0.14479
"2017-05-10",0.14484
"2017-05-11",0.14489
"2017-05-12",0.14491
"2017-05-15",0.14504
"2017-05-16",0.14514
"2017-05-17",0.14517
"2017-05-18",0.1451
"2017-05-19",0.14515
"2017-05-22",0.14514
"2017-05-23",0.14517
"2017-05-24",0.14513
"2017-05-25",0.14556
"2017-05-26",0.14586
"2017-05-29",0.14598
"2017-05-30",0.14593
"2017-05-31",0.14679
"2017-06-01",0.14688
"2017-06-02",0.14662
"2017-06-05",0.14697
"2017-06-06",0.14716
"2017-06-07",0.14711
"2017-06-08",0.14716
"2017-06-09",0.14712
"2017-06-12",0.14708
"2017-06-13",0.14712
"2017-06-14",0.14713
"2017-06-15",0.14698
"2017-06-16",0.14676
"2017-06-19",0.1467
"2017-06-20",0.14649
"2017-06-21",0.14647
"2017-06-22",0.14635
"2017-06-23",0.14624
"2017-06-26",0.14619
"2017-06-27",0.14675
"2017-06-28",0.14707
"2017-06-29",0.14747
"2017-06-30",0.14748
"2017-07-03",0.14717
"2017-07-04",0.14704
"2017-07-05",0.14702
"2017-07-06",0.14699
"2017-07-07",0.14708
"2017-07-10",0.14696
"2017-07-11",0.14703
"2017-07-12",0.14731
"2017-07-13",0.14744
"2017-07-14",0.14744
"2017-07-17",0.14771
"2017-07-18",0.14814
"2017-07-19",0.14805
"2017-07-20",0.1477
"2017-07-21",0.14774
"2017-07-24",0.14816
"2017-07-25",0.14812
"2017-07-26",0.14809
"2017-07-27",0.14839
"2017-07-28",0.14831
"2017-07-31",0.14864
"2017-08-01",0.1488
"2017-08-02",0.14876
"2017-08-03",0.14876
"2017-08-04",0.14881
"2017-08-07",0.14881
"2017-08-08",0.14919
"2017-08-09",0.14976
"2017-08-10",0.15028
"2017-08-11",0.15003
"2017-08-14",0.14988
"2017-08-15",0.14966
"2017-08-16",0.14937
"2017-08-17",0.14977
"2017-08-18",0.14988
"2017-08-21",0.14988
"2017-08-22",0.15008
"2017-08-23",0.15006
"2017-08-24",0.15011
"2017-08-25",0.15024
"2017-08-28",0.15099
"2017-08-29",0.1516
"2017-08-30",0.1517
"2017-08-31",0.1515
"2017-09-01",0.15243
"2017-09-04",0.15321
"2017-09-05",0.15269
"2017-09-06",0.15319
"2017-09-07",0.15399
"2017-09-08",0.15476
"2017-09-11",0.15323
"2017-09-12",0.15297
"2017-09-13",0.15307
"2017-09-14",0.15253
"2017-09-15",0.1528
"2017-09-18",0.1522
"2017-09-19",0.15187
"2017-09-20",0.15208
"2017-09-21",0.15175
"2017-09-22",0.1517
"2017-09-25",0.15099
"2017-09-26",0.15083
"2017-09-27",0.15063
"2017-09-28",0.15005
"2017-09-29",0.15028
"2017-10-02",0.15022
"2017-10-03",0.15032
"2017-10-04",0.15082
"2017-10-05",0.15092
"2017-10-06",0.15059
"2017-10-09",0.15101
"2017-10-10",0.152
"2017-10-11",0.15161
"2017-10-12",0.15179
"2017-10-13",0.1518
"2017-10-16",0.15175
"2017-10-17",0.15104
"2017-10-18",0.15095
"2017-10-19",0.15106
"2017-10-20",0.15104
"2017-10-23",0.1506
"2017-10-24",0.1508
"2017-10-25",0.15048
"2017-10-26",0.15074
"2017-10-27",0.15032
"2017-10-30",0.15047
"2017-10-31",0.1508
"2017-11-01",0.15126
"2017-11-02",0.15125
"2017-11-03",0.15089
"2017-11-06",0.15079
"2017-11-07",0.15062
"2017-11-08",0.15083
"2017-11-09",0.15053
"2017-11-10",0.15059
"2017-11-13",0.15058
"2017-11-14",0.15064
"2017-11-15",0.15094
"2017-11-16",0.15081
"2017-11-17",0.15074
"2017-11-20",0.15079
"2017-11-21",0.15074
"2017-11-22",0.15114
"2017-11-23",0.15183
"2017-11-24",0.15143
"2017-11-27",0.15144
"2017-11-28",0.15156
"2017-11-29",0.15149
"2017-11-30",0.15118
"2017-12-01",0.1513
"2017-12-04",0.15108
"2017-12-05",0.15121
"2017-12-06",0.15117
"2017-12-07",0.15114
"2017-12-08",0.15107
"2017-12-11",0.1511
"2017-12-12",0.15109
"2017-12-13",0.15106
"2017-12-14",0.15132
"2017-12-15",0.15132
"2017-12-18",0.1511
"2017-12-19",0.15141
"2017-12-20",0.15202
"2017-12-21",0.15187
"2017-12-22",0.15209
"2017-12-25",0.15291
"2017-12-26",0.1527
"2017-12-27",0.15253
"2017-12-28",0.153
"2017-12-29",0.15366
"2018-01-01",0.15369
"2018-01-02",0.15401
"2018-01-03",0.15386
"2018-01-04",0.15393
"2018-01-05",0.15418
"2018-01-08",0.1539
"2018-01-09",0.15319
"2018-01-10",0.15366
"2018-01-11",0.15364
"2018-01-12",0.15479
"2018-01-15",0.15548
"2018-01-16",0.15521
"2018-01-17",0.1554
"2018-01-18",0.15567
"2018-01-19",0.15626
"2018-01-22",0.15618
"2018-01-23",0.15611
"2018-01-24",0.15687
"2018-01-25",0.1582
"2018-01-26",0.15818
"2018-01-29",0.15802
"2018-01-30",0.15809
"2018-01-31",0.15906
"2018-02-01",0.15882
"2018-02-02",0.15911
"2018-02-05",0.15895
"2018-02-06",0.15938
"2018-02-07",0.15952
"2018-02-08",0.1581
"2018-02-09",0.15873
"2018-02-12",0.15802
"2018-02-13",0.15774
"2018-02-14",0.15763
"2018-02-15",0.15769
"2018-02-16",0.15769
"2018-02-19",0.15769
"2018-02-20",0.15767
"2018-02-21",0.15777
"2018-02-22",0.15719
"2018-02-23",0.15783
"2018-02-26",0.15856
"2018-02-27",0.15843
"2018-02-28",0.15806
"2018-03-01",0.15754
"2018-03-02",0.15758
"2018-03-05",0.15773
"2018-03-06",0.15768
"2018-03-07",0.15827
"2018-03-08",0.15779
"2018-03-09",0.15784
"2018-03-12",0.15804
"2018-03-13",0.15807
"2018-03-14",0.15836
"2018-03-15",0.15827
"2018-03-16",0.15808
"2018-03-19",0.15792
"2018-03-20",0.15796
"2018-03-21",0.15797
"2018-03-22",0.15792
"2018-03-23",0.15815
"2018-03-26",0.15926
"2018-03-27",0.15916
"2018-03-28",0.15888
"2018-03-29",0.15905
"2018-03-30",0.15933
"2018-04-02",0.15916
"2018-04-03",0.15911
"2018-04-04",0.1585
"2018-04-05",0.15859
"2018-04-06",0.15859
"2018-04-09",0.15833
"2018-04-10",0.15892
"2018-04-11",0.15905
"2018-04-12",0.1591
"2018-04-13",0.15927
"2018-04-16",0.1591
"2018-04-17",0.15915
"2018-04-18",0.15914
"2018-04-19",0.1593
"2018-04-20",0.1589
"2018-04-23",0.15854
"2018-04-24",0.15857
"2018-04-25",0.15816
"2018-04-26",0.15813
"2018-04-27",0.15779
"2018-04-30",0.15788
"2018-05-01",0.1579
"2018-05-02",0.15728
"2018-05-03",0.15753
"2018-05-04",0.15721
"2018-05-07",0.15711
"2018-05-08",0.15705
"2018-05-09",0.15697
"2018-05-10",0.15749
"2018-05-11",0.15792
"2018-05-14",0.15777
"2018-05-15",0.1573
"2018-05-16",0.15683
"2018-05-17",0.15701
"2018-05-18",0.15676
"2018-05-21",0.15658
"2018-05-22",0.15699
"2018-05-23",0.15654
"2018-05-24",0.15669
"2018-05-25",0.15656
"2018-05-28",0.15628
"2018-05-29",0.15579
"2018-05-30",0.15574
"2018-05-31",0.15609
"2018-06-01",0.15589
"2018-06-04",0.15615
"2018-06-05",0.15621
"2018-06-06",0.15637
"2018-06-07",0.15642
"2018-06-08",0.15595
"2018-06-11",0.15613
"2018-06-12",0.15615
"2018-06-13",0.1562
"2018-06-14",0.15646
"2018-06-15",0.15573
"2018-06-18",0.15529
"2018-06-19",0.15441
"2018-06-20",0.15448
"2018-06-21",0.1539
"2018-06-22",0.1539
"2018-06-25",0.15287
"2018-06-26",0.15212
"2018-06-27",0.15145
"2018-06-28",0.15102
"2018-06-29",0.151
"2018-07-02",0.1501
"2018-07-03",0.15036
"2018-07-04",0.15074
"2018-07-05",0.15065
"2018-07-06",0.15047
"2018-07-09",0.15114
"2018-07-10",0.15078
"2018-07-11",0.14981
"2018-07-12",0.14993
"2018-07-13",0.14928
"2018-07-16",0.14978
"2018-07-17",0.14951
"2018-07-18",0.14883
"2018-07-19",0.14753
"2018-07-20",0.14724
"2018-07-23",0.14725
"2018-07-24",0.14708
"2018-07-25",0.14785
"2018-07-26",0.14746
"2018-07-27",0.14635
"2018-07-30",0.14659
"2018-07-31",0.14633
"2018-08-01",0.1471
"2018-08-02",0.14621
"2018-08-03",0.14563
"2018-08-06",0.14602
"2018-08-07",0.14648
"2018-08-08",0.14626
"2018-08-09",0.14665
"2018-08-10",0.14593
"2018-08-13",0.14527
"2018-08-14",0.14531
"2018-08-15",0.14468
"2018-08-16",0.14493
"2018-08-17",0.14529
"2018-08-20",0.1457
"2018-08-21",0.14612
"2018-08-22",0.1461
"2018-08-23",0.14549
"2018-08-24",0.14592
"2018-08-27",0.14651
"2018-08-28",0.14698
"2018-08-29",0.14648
"2018-08-30",0.14639
"2018-08-31",0.14628
"2018-09-03",0.14655
"2018-09-04",0.14624
"2018-09-05",0.14639
"2018-09-06",0.14635
"2018-09-07",0.14614
"2018-09-10",0.14573
"2018-09-11",0.14559
"2018-09-12",0.14562
"2018-09-13",0.14605
"2018-09-14",0.14593
"2018-09-17",0.14558
"2018-09-18",0.14558
"2018-09-19",0.14589
"2018-09-20",0.14598
"2018-09-21",0.14608
"2018-09-24",0.14584
"2018-09-25",0.14542
"2018-09-26",0.1455
"2018-09-27",0.14537
"2018-09-28",0.14529
"2018-10-01",0.14558
"2018-10-02",0.14558
"2018-10-03",0.14558
"2018-10-04",0.14558
"2018-10-05",0.14558
"2018-10-08",0.14444
"2018-10-09",0.14443
"2018-10-10",0.14446
"2018-10-11",0.14447
"2018-10-12",0.14456
"2018-10-15",0.14451
"2018-10-16",0.14453
"2018-10-17",0.14433
"2018-10-18",0.14413
"2018-10-19",0.14425
"2018-10-22",0.14404
"2018-10-23",0.14416
"2018-10-24",0.14405
"2018-10-25",0.14397
"2018-10-26",0.14398
"2018-10-29",0.14373
"2018-10-30",0.14361
"2018-10-31",0.14342
"2018-11-01",0.14399
"2018-11-02",0.14549
"2018-11-05",0.1444
"2018-11-06",0.14456
"2018-11-07",0.14462
"2018-11-08",0.14426
"2018-11-09",0.14394
"2018-11-12",0.14357
"2018-11-13",0.14372
"2018-11-14",0.1438
"2018-11-15",0.14408
"2018-11-16",0.14385
"2018-11-19",0.14403
"2018-11-20",0.14402
"2018-11-21",0.14412
"2018-11-22",0.14424
"2018-11-23",0.14393
"2018-11-26",0.14409
"2018-11-27",0.14391
"2018-11-28",0.1438
"2018-11-29",0.14398
"2018-11-30",0.14398
"2018-12-03",0.1452
"2018-12-04",0.14625
"2018-12-05",0.14577
"2018-12-06",0.14499
"2018-12-07",0.14527
"2018-12-10",0.14464
"2018-12-11",0.14481
"2018-12-12",0.14515
"2018-12-13",0.14529
"2018-12-14",0.14494
"2018-12-17",0.14499
"2018-12-18",0.14498
"2018-12-19",0.14498
"2018-12-20",0.14519
"2018-12-21",0.14479
"2018-12-24",0.14493
"2018-12-25",0.14524
"2018-12-26",0.14515
"2018-12-27",0.14566
"2018-12-28",0.14553
"2018-12-31",0.14538
"2019-01-01",0.14538
"2019-01-02",0.14586
"2019-01-03",0.14547
"2019-01-04",0.14565
"2019-01-07",0.14593
"2019-01-08",0.14592
"2019-01-09",0.14637
"2019-01-10",0.14739
"2019-01-11",0.14835
"2019-01-14",0.14777
"2019-01-15",0.1479
"2019-01-16",0.14792
"2019-01-17",0.1477
"2019-01-18",0.14759
"2019-01-21",0.14713
"2019-01-22",0.14692
"2019-01-23",0.14733
"2019-01-24",0.14722
"2019-01-25",0.14787
"2019-01-28",0.14834
"2019-01-29",0.14847
"2019-01-30",0.14892
"2019-01-31",0.14907
"2019-02-01",0.1485
"2019-02-04",0.14826
"2019-02-05",0.14826
"2019-02-06",0.14826
"2019-02-07",0.14826
"2019-02-08",0.14826
"2019-02-11",0.14727
"2019-02-12",0.14765
"2019-02-13",0.14788
"2019-02-14",0.14759
"2019-02-15",0.14767
"2019-02-18",0.14779
"2019-02-19",0.14781
"2019-02-20",0.14881
"2019-02-21",0.14884
"2019-02-22",0.14879
"2019-02-25",0.1496
"2019-02-26",0.1494
"2019-02-27",0.14969
"2019-02-28",0.14952
"2019-03-01",0.14915
"2019-03-04",0.14926
"2019-03-05",0.14919
"2019-03-06",0.1491
"2019-03-07",0.14911
"2019-03-08",0.14879
"2019-03-11",0.14872
"2019-03-12",0.14902
"2019-03-13",0.14904
"2019-03-14",0.14865
"2019-03-15",0.14895
"2019-03-18",0.14895
"2019-03-19",0.14898
"2019-03-20",0.14938
"2019-03-21",0.14944
"2019-03-22",0.14896
"2019-03-25",0.14896
"2019-03-26",0.14897
"2019-03-27",0.14873
"2019-03-28",0.14858
"2019-03-29",0.14897
"2019-04-01",0.149
"2019-04-02",0.14878
"2019-04-03",0.14907
"2019-04-04",0.14892
"2019-04-05",0.14884
"2019-04-08",0.14883
"2019-04-09",0.14899
"2019-04-10",0.14886
"2019-04-11",0.14888
"2019-04-12",0.14905
"2019-04-15",0.1491
"2019-04-16",0.14904
"2019-04-17",0.14951
"2019-04-18",0.1491
"2019-04-19",0.14915
"2019-04-22",0.14901
"2019-04-23",0.14883
"2019-04-24",0.14886
"2019-04-25",0.14829
"2019-04-26",0.14846
"2019-04-29",0.14855
"2019-04-30",0.14849
"2019-05-01",0.14848
"2019-05-02",0.14848
"2019-05-03",0.14849
"2019-05-06",0.14782
"2019-05-07",0.14777
"2019-05-08",0.14743
"2019-05-09",0.14653
"2019-05-10",0.14671
"2019-05-13",0.14533
"2019-05-14",0.14531
"2019-05-15",0.14536
"2019-05-16",0.14538
"2019-05-17",0.14462
"2019-05-20",0.1446
"2019-05-21",0.14477
"2019-05-22",0.14488
"2019-05-23",0.14453
"2019-05-24",0.14493
"2019-05-27",0.14494
"2019-05-28",0.14469
"2019-05-29",0.14473
"2019-05-30",0.14479
"2019-05-31",0.14467
"2019-06-03",0.14478
"2019-06-04",0.14474
"2019-06-05",0.14478
"2019-06-06",0.1446
"2019-06-07",0.14472
"2019-06-10",0.14426
"2019-06-11",0.14466
"2019-06-12",0.14451
"2019-06-13",0.14447
"2019-06-14",0.14443
"2019-06-17",0.14441
"2019-06-18",0.14437
"2019-06-19",0.14484
"2019-06-20",0.14585
"2019-06-21",0.14545
"2019-06-24",0.14535
"2019-06-25",0.14536
"2019-06-26",0.14544
"2019-06-27",0.14538
"2019-06-28",0.14558
"2019-07-01",0.14611
"2019-07-02",0.14543
"2019-07-03",0.14533
"2019-07-04",0.14551
"2019-07-05",0.14543
"2019-07-08",0.14532
"2019-07-09",0.14523
"2019-07-10",0.14528
"2019-07-11",0.14563
"2019-07-12",0.14535
"2019-07-15",0.14544
"2019-07-16",0.1454
"2019-07-17",0.1454
"2019-07-18",0.14533
"2019-07-19",0.1454
"2019-07-22",0.14534
"2019-07-23",0.14536
"2019-07-24",0.14548
"2019-07-25",0.14548
"2019-07-26",0.14537
"2019-07-29",0.14508
"2019-07-30",0.14534
"2019-07-31",0.1453
"2019-08-01",0.1449
"2019-08-02",0.14413
"2019-08-05",0.14206
"2019-08-06",0.14221
"2019-08-07",0.1419
"2019-08-08",0.14192
"2019-08-09",0.14168
"2019-08-12",0.14168
"2019-08-13",0.14154
"2019-08-14",0.14252
"2019-08-15",0.142
"2019-08-16",0.14203
"2019-08-19",0.14188
"2019-08-20",0.14162
"2019-08-21",0.14154
"2019-08-22",0.14108
"2019-08-23",0.14121
"2019-08-26",0.13997
"2019-08-27",0.13965
"2019-08-28",0.13963
"2019-08-29",0.13987
"2019-08-30",0.13988
"2019-09-02",0.13944
"2019-09-03",0.13933
"2019-09-04",0.13985
"2019-09-05",0.13996
"2019-09-06",0.1406
"2019-09-09",0.14033
"2019-09-10",0.14075
"2019-09-11",0.14053
"2019-09-12",0.14114
"2019-09-13",0.14125
"2019-09-16",0.14151
"2019-09-17",0.1409
"2019-09-18",0.14106
"2019-09-19",0.14092
"2019-09-20",0.14109
"2019-09-23",0.14032
"2019-09-24",0.14071
"2019-09-25",0.14035
"2019-09-26",0.14024
"2019-09-27",0.14033
"2019-09-30",0.14009
"2019-10-01",0.13989
"2019-10-02",0.13989
"2019-10-03",0.13989
"2019-10-04",0.13989
"2019-10-07",0.13989
"2019-10-08",0.14008
"2019-10-09",0.14036
"2019-10-10",0.14042
"2019-10-11",0.14088
"2019-10-14",0.1414
"2019-10-15",0.14123
"2019-10-16",0.14084
"2019-10-17",0.14135
"2019-10-18",0.14112
"2019-10-21",0.14138
"2019-10-22",0.14125
"2019-10-23",0.14138
"2019-10-24",0.14138
"2019-10-25",0.14144
"2019-10-28",0.14153
"2019-10-29",0.14156
"2019-10-30",0.1417
"2019-10-31",0.14197
"2019-11-01",0.14206
"2019-11-04",0.14224
"2019-11-05",0.14298
"2019-11-06",0.14283
"2019-11-07",0.14338
"2019-11-08",0.14305
"2019-11-11",0.14268
"2019-11-12",0.1427
"2019-11-13",0.14244
"2019-11-14",0.14245
"2019-11-15",0.14259
"2019-11-18",0.14255
"2019-11-19",0.14239
"2019-11-20",0.14216
"2019-11-21",0.14223
"2019-11-22",0.14203
"2019-11-25",0.14219
"2019-11-26",0.14203
"2019-11-27",0.14239
"2019-11-28",0.14219
"2019-11-29",0.14243
"2019-12-02",0.14201
"2019-12-03",0.14168
"2019-12-04",0.14182
"2019-12-05",0.14205
"2019-12-06",0.14222
"2019-12-09",0.14206
"2019-12-10",0.14207
"2019-12-11",0.14205
"2019-12-12",0.14214
"2019-12-13",0.14329
"2019-12-16",0.14283
"2019-12-17",0.14293
"2019-12-18",0.1429
"2019-12-19",0.14267
"2019-12-20",0.14264
"2019-12-23",0.14265
"2019-12-24",0.14273
"2019-12-25",0.14308
"2019-12-26",0.14286
"2019-12-27",0.14294
"2019-12-30",0.14312
"2019-12-31",0.14367
"2020-01-01",0.14361
"2020-01-02",0.14362
"2020-01-03",0.14342
"2020-01-06",0.1435
"2020-01-07",0.14408
"2020-01-08",0.14403
"2020-01-09",0.14426
"2020-01-10",0.14438
"2020-01-13",0.1451
"2020-01-14",0.14526
"2020-01-15",0.14508
