Index,DXY
2010-01-05,77.525
2010-01-06,77.619
2010-01-07,77.493
2010-01-08,77.913
2010-01-11,77.471
2010-01-12,77.005
2010-01-13,76.954
2010-01-14,76.846
2010-01-15,76.732
2010-01-18,77.32300000000001
2010-01-19,77.064
2010-01-20,77.5
2010-01-21,78.33800000000001
2010-01-22,78.32
2010-01-25,78.277
2010-01-26,78.19
2010-01-27,78.432
2010-01-28,78.675
2010-01-29,78.904
2010-02-01,79.462
2010-02-02,79.242
2010-02-03,79.014
2010-02-04,79.372
2010-02-05,79.916
2010-02-08,80.441
2010-02-09,80.30199999999999
2010-02-10,79.863
2010-02-11,80.028
2010-02-12,79.994
2010-02-15,80.218
2010-02-16,80.332
2010-02-17,79.7
2010-02-18,80.376
2010-02-19,80.398
2010-02-22,80.643
2010-02-23,80.507
2010-02-24,80.85
2010-02-25,80.84899999999999
2010-02-26,80.78699999999999
2010-03-01,80.362
2010-03-02,80.658
2010-03-03,80.521
2010-03-04,79.977
2010-03-05,80.561
2010-03-08,80.432
2010-03-09,80.432
2010-03-10,80.592
2010-03-11,80.445
2010-03-12,80.32300000000001
2010-03-15,79.833
2010-03-16,80.251
2010-03-17,79.753
2010-03-18,79.638
2010-03-19,80.225
2010-03-22,80.72399999999999
2010-03-23,80.65100000000001
2010-03-24,80.896
2010-03-25,81.83800000000001
2010-03-26,82.12
2010-03-29,81.676
2010-03-30,81.358
2010-03-31,81.47
2010-04-01,81.07300000000001
2010-04-02,80.77600000000001
2010-04-05,81.173
2010-04-06,81.094
2010-04-07,81.387
2010-04-08,81.443
2010-04-09,81.53399999999999
2010-04-12,81.093
2010-04-13,80.562
2010-04-14,80.507
2010-04-15,80.19
2010-04-16,80.482
2010-04-19,80.824
2010-04-20,81.0
2010-04-21,81.04899999999999
2010-04-22,81.161
2010-04-23,81.567
2010-04-26,81.352
2010-04-27,81.48100000000001
2010-04-28,82.146
2010-04-29,82.381
2010-04-30,82.00299999999999
2010-05-03,81.866
2010-05-04,82.272
2010-05-05,83.29899999999999
2010-05-06,84.079
2010-05-07,84.89399999999999
2010-05-10,84.45
2010-05-11,84.156
2010-05-12,84.46700000000001
2010-05-13,84.82799999999999
2010-05-14,85.20700000000001
2010-05-17,86.095
2010-05-18,86.205
2010-05-19,87.162
2010-05-20,86.39200000000001
2010-05-21,85.565
2010-05-24,85.37100000000001
2010-05-25,86.206
2010-05-26,86.779
2010-05-27,87.12100000000001
2010-05-28,86.185
2010-05-31,86.48
2010-06-01,86.588
2010-06-02,86.64299999999999
2010-06-03,86.79299999999999
2010-06-04,87.13600000000001
2010-06-07,88.23299999999999
2010-06-08,88.405
2010-06-09,88.39399999999999
2010-06-10,87.897
2010-06-11,87.169
2010-06-14,87.507
2010-06-15,86.51100000000001
2010-06-16,85.98100000000001
2010-06-17,86.083
2010-06-18,85.68799999999999
2010-06-21,85.699
2010-06-22,85.932
2010-06-23,86.10600000000001
2010-06-24,85.741
2010-06-25,85.73299999999999
2010-06-28,85.31299999999999
2010-06-29,85.652
2010-06-30,86.025
2010-07-01,86.01899999999999
2010-07-02,84.71600000000001
2010-07-05,84.427
2010-07-06,84.60799999999999
2010-07-07,84.083
2010-07-08,83.822
2010-07-09,83.824
2010-07-12,83.947
2010-07-13,84.20299999999999
2010-07-14,83.64299999999999
2010-07-15,83.426
2010-07-16,82.55799999999999
2010-07-19,82.486
2010-07-20,82.51299999999999
2010-07-21,82.74700000000001
2010-07-22,83.39299999999999
2010-07-23,82.595
2010-07-26,82.464
2010-07-27,82.087
2010-07-28,82.185
2010-07-29,82.179
2010-07-30,81.63600000000001
2010-08-02,81.539
2010-08-03,80.938
2010-08-04,80.596
2010-08-05,80.892
2010-08-06,80.825
2010-08-09,80.407
2010-08-10,80.711
2010-08-11,80.79899999999999
2010-08-12,82.29
2010-08-13,82.635
2010-08-16,82.948
2010-08-17,82.53299999999999
2010-08-18,82.226
2010-08-19,82.223
2010-08-20,82.447
2010-08-23,83.057
2010-08-24,83.12299999999999
2010-08-25,83.146
2010-08-26,83.26100000000001
2010-08-27,82.934
2010-08-30,82.91799999999999
2010-08-31,83.164
2010-09-01,83.20200000000001
2010-09-02,82.522
2010-09-03,82.463
2010-09-06,82.102
2010-09-07,82.042
2010-09-08,82.82
2010-09-09,82.585
2010-09-10,82.67399999999999
2010-09-13,82.698
2010-09-14,81.91199999999999
2010-09-15,81.08
2010-09-16,81.491
2010-09-17,81.241
2010-09-20,81.398
2010-09-21,81.335
2010-09-22,80.439
2010-09-23,79.83
2010-09-24,80.01
2010-09-27,79.395
2010-09-28,79.33800000000001
2010-09-29,79.014
2010-09-30,78.691
2010-10-01,78.72
2010-10-04,78.08800000000001
2010-10-05,78.447
2010-10-06,77.749
2010-10-07,77.38600000000001
2010-10-08,77.387
2010-10-11,77.325
2010-10-12,77.442
2010-10-13,77.363
2010-10-14,77.071
2010-10-15,76.64699999999999
2010-10-18,77.041
2010-10-19,76.934
2010-10-20,78.184
2010-10-21,77.171
2010-10-22,77.418
2010-10-25,77.472
2010-10-26,77.10300000000001
2010-10-27,77.708
2010-10-28,78.149
2010-10-29,77.308
2010-11-01,77.266
2010-11-02,77.296
2010-11-03,76.722
2010-11-04,76.48100000000001
2010-11-05,75.882
2010-11-08,76.548
2010-11-09,77.027
2010-11-10,77.443
2010-11-11,77.634
2010-11-12,78.217
2010-11-15,78.082
2010-11-16,78.518
2010-11-17,79.21
2010-11-18,79.084
2010-11-19,78.617
2010-11-22,78.50399999999999
2010-11-23,78.682
2010-11-24,79.681
2010-11-25,79.867
2010-11-26,79.73
2010-11-29,80.357
2010-11-30,80.835
2010-12-01,81.195
2010-12-02,80.71300000000001
2010-12-03,80.303
2010-12-06,79.377
2010-12-07,79.571
2010-12-08,79.857
2010-12-09,79.997
2010-12-10,80.069
2010-12-13,80.07
2010-12-14,79.28399999999999
2010-12-15,79.367
2010-12-16,80.26100000000001
2010-12-17,80.181
2010-12-20,80.373
2010-12-21,80.628
2010-12-22,80.718
2010-12-23,80.727
2010-12-24,80.52199999999999
2010-12-27,80.47399999999999
2010-12-28,80.366
2010-12-29,80.365
2010-12-30,79.796
2010-12-31,79.521
2011-01-03,79.028
2011-01-04,79.127
2011-01-05,79.444
2011-01-06,80.258
2011-01-07,80.791
2011-01-10,81.012
2011-01-11,80.881
2011-01-12,80.846
2011-01-13,80.031
2011-01-14,79.191
2011-01-17,79.16199999999999
2011-01-18,79.337
2011-01-19,78.962
2011-01-20,78.64
2011-01-21,78.82300000000001
2011-01-24,78.21300000000001
2011-01-25,78.05
2011-01-26,78.002
2011-01-27,77.898
2011-01-28,77.727
2011-01-31,78.133
2011-02-01,77.735
2011-02-02,77.067
2011-02-03,77.158
2011-02-04,77.748
2011-02-07,78.044
2011-02-08,78.029
2011-02-09,77.999
2011-02-10,77.641
2011-02-11,78.25
2011-02-14,78.46
2011-02-15,78.61399999999999
2011-02-16,78.57300000000001
2011-02-17,78.223
2011-02-18,77.995
2011-02-21,77.664
2011-02-22,77.689
2011-02-23,77.768
2011-02-24,77.40899999999999
2011-02-25,77.057
2011-02-28,77.275
2011-03-01,76.889
2011-03-02,77.04899999999999
2011-03-03,76.671
2011-03-04,76.483
2011-03-07,76.4
2011-03-08,76.49600000000001
2011-03-09,76.798
2011-03-10,76.721
2011-03-11,77.27600000000001
2011-03-14,76.77600000000001
2011-03-15,76.34899999999999
2011-03-16,76.328
2011-03-17,76.681
2011-03-18,76.041
2011-03-21,75.718
2011-03-22,75.40100000000001
2011-03-23,75.434
2011-03-24,75.794
2011-03-25,75.656
2011-03-28,76.217
2011-03-29,76.128
2011-03-30,76.249
2011-03-31,76.118
2011-04-01,75.857
2011-04-04,75.833
2011-04-05,75.91199999999999
2011-04-06,75.882
2011-04-07,75.514
2011-04-08,75.585
2011-04-11,75.066
2011-04-12,75.056
2011-04-13,74.85300000000001
2011-04-14,74.98
2011-04-15,74.685
2011-04-18,74.832
2011-04-19,75.50399999999999
2011-04-20,75.029
2011-04-21,74.368
2011-04-22,74.109
2011-04-25,74.108
2011-04-26,73.986
2011-04-27,73.837
2011-04-28,73.51899999999999
2011-04-29,73.12100000000001
2011-05-02,72.933
2011-05-03,72.95100000000001
2011-05-04,73.14
2011-05-05,73.031
2011-05-06,74.194
2011-05-09,74.84100000000001
2011-05-10,74.737
2011-05-11,74.611
2011-05-12,75.327
2011-05-13,75.24
2011-05-16,75.757
2011-05-17,75.47
2011-05-18,75.399
2011-05-19,75.475
2011-05-20,75.123
2011-05-23,75.435
2011-05-24,76.104
2011-05-25,75.882
2011-05-26,75.932
2011-05-27,75.54899999999999
2011-05-30,74.954
2011-05-31,74.958
2011-06-01,74.638
2011-06-02,74.67699999999999
2011-06-03,74.333
2011-06-06,73.783
2011-06-07,73.952
2011-06-08,73.521
2011-06-09,73.93
2011-06-10,74.192
2011-06-13,74.795
2011-06-14,74.512
2011-06-15,74.332
2011-06-16,75.601
2011-06-17,75.752
2011-06-20,74.988
2011-06-21,75.029
2011-06-22,74.541
2011-06-23,74.783
2011-06-24,75.447
2011-06-27,75.665
2011-06-28,75.392
2011-06-29,75.063
2011-06-30,74.691
2011-07-01,74.303
2011-07-04,74.34899999999999
2011-07-05,74.275
2011-07-06,74.691
2011-07-07,75.122
2011-07-08,74.957
2011-07-11,75.179
2011-07-12,75.98899999999999
2011-07-13,75.809
2011-07-14,75.208
2011-07-15,75.253
2011-07-18,75.126
2011-07-19,75.483
2011-07-20,75.221
2011-07-21,74.792
2011-07-22,74.015
2011-07-25,74.20100000000001
2011-07-26,74.064
2011-07-27,73.47399999999999
2011-07-28,74.087
2011-07-29,74.222
2011-08-01,73.89699999999999
2011-08-02,74.262
2011-08-03,74.513
2011-08-04,74.044
2011-08-05,75.124
2011-08-08,74.598
2011-08-09,74.791
2011-08-10,74.605
2011-08-11,74.63600000000001
2011-08-12,74.67699999999999
2011-08-15,74.607
2011-08-16,73.836
2011-08-17,74.01
2011-08-18,73.67399999999999
2011-08-19,74.244
2011-08-22,74.009
2011-08-23,74.074
2011-08-24,73.89399999999999
2011-08-25,74.012
2011-08-26,74.279
2011-08-29,73.814
2011-08-30,73.721
2011-08-31,73.946
2011-09-01,74.117
2011-09-02,74.479
2011-09-05,74.756
2011-09-06,75.112
2011-09-07,75.952
2011-09-08,75.467
2011-09-09,76.24600000000001
2011-09-12,77.192
2011-09-13,77.578
2011-09-14,76.919
2011-09-15,76.833
2011-09-16,76.241
2011-09-19,76.59899999999999
2011-09-20,77.146
2011-09-21,77.03
2011-09-22,77.342
2011-09-23,78.455
2011-09-26,78.501
2011-09-27,78.363
2011-09-28,77.506
2011-09-29,77.852
2011-09-30,78.028
2011-10-03,78.553
2011-10-04,79.431
2011-10-05,79.597
2011-10-06,78.919
2011-10-07,78.634
2011-10-10,78.726
2011-10-11,77.494
2011-10-12,77.585
2011-10-13,76.994
2011-10-14,76.99600000000001
2011-10-17,76.623
2011-10-18,77.146
2011-10-19,77.138
2011-10-20,77.11399999999999
2011-10-21,76.97399999999999
2011-10-24,76.395
2011-10-25,76.028
2011-10-26,76.122
2011-10-27,76.24600000000001
2011-10-28,74.87899999999999
2011-10-31,75.067
2011-11-01,76.166
2011-11-02,77.26100000000001
2011-11-03,77.017
2011-11-04,76.672
2011-11-07,76.962
2011-11-08,76.962
2011-11-09,76.586
2011-11-10,77.926
2011-11-11,77.743
2011-11-14,76.945
2011-11-15,77.569
2011-11-16,77.872
2011-11-17,78.016
2011-11-18,78.282
2011-11-21,78.064
2011-11-22,78.3
2011-11-23,78.266
2011-11-24,79.141
2011-11-25,79.141
2011-11-28,79.686
2011-11-29,79.263
2011-11-30,79.007
2011-12-01,78.384
2011-12-02,78.328
2011-12-05,78.625
2011-12-06,78.57
2011-12-07,78.499
2011-12-08,78.485
2011-12-09,78.832
2011-12-12,78.632
2011-12-13,79.53399999999999
2011-12-14,80.242
2011-12-15,80.589
2011-12-16,80.321
2011-12-19,80.256
2011-12-20,80.25
2011-12-21,79.882
2011-12-22,80.02199999999999
2011-12-23,79.964
2011-12-26,79.93
2011-12-27,79.921
2011-12-28,79.797
2011-12-29,80.497
2011-12-30,80.486
2012-01-02,80.178
2012-01-03,80.28
2012-01-04,79.611
2012-01-05,80.12899999999999
2012-01-06,80.936
2012-01-09,81.25399999999999
2012-01-10,81.051
2012-01-11,80.805
2012-01-12,81.351
2012-01-13,80.77
2012-01-16,81.515
2012-01-17,81.515
2012-01-18,81.182
2012-01-19,80.609
2012-01-20,80.21600000000001
2012-01-23,80.223
2012-01-24,79.783
2012-01-25,79.868
2012-01-26,79.579
2012-01-27,79.395
2012-01-30,78.902
2012-01-31,79.167
2012-02-01,79.288
2012-02-02,78.922
2012-02-03,78.991
2012-02-06,78.92399999999999
2012-02-07,79.069
2012-02-08,78.57600000000001
2012-02-09,78.641
2012-02-10,78.566
2012-02-13,79.11399999999999
2012-02-14,78.946
2012-02-15,79.58
2012-02-16,79.67
2012-02-17,79.348
2012-02-20,79.331
2012-02-21,79.331
2012-02-22,79.044
2012-02-23,79.211
2012-02-24,78.819
2012-02-27,78.352
2012-02-28,78.568
2012-02-29,78.273
2012-03-01,78.737
2012-03-02,78.789
2012-03-05,79.403
2012-03-06,79.3
2012-03-07,79.866
2012-03-08,79.712
2012-03-09,79.139
2012-03-12,80.041
2012-03-13,79.89
2012-03-14,80.193
2012-03-15,80.565
2012-03-16,80.15
2012-03-19,79.786
2012-03-20,79.452
2012-03-21,79.593
2012-03-22,79.657
2012-03-23,79.736
2012-03-26,79.345
2012-03-27,78.982
2012-03-28,79.047
2012-03-29,79.126
2012-03-30,79.186
2012-04-02,79.00399999999999
2012-04-03,78.82
2012-04-04,79.483
2012-04-05,79.778
2012-04-06,80.07600000000001
2012-04-09,79.88600000000001
2012-04-10,79.733
2012-04-11,79.891
2012-04-12,79.795
2012-04-13,79.285
2012-04-16,79.888
2012-04-17,79.555
2012-04-18,79.476
2012-04-19,79.538
2012-04-20,79.561
2012-04-23,79.194
2012-04-24,79.42
2012-04-25,79.225
2012-04-26,79.012
2012-04-27,78.919
2012-04-30,78.709
2012-05-01,78.77600000000001
2012-05-02,78.86399999999999
2012-05-03,79.132
2012-05-04,79.221
2012-05-07,79.498
2012-05-08,79.60300000000001
2012-05-09,79.738
2012-05-10,80.08
2012-05-11,80.112
2012-05-14,80.264
2012-05-15,80.60600000000001
2012-05-16,81.221
2012-05-17,81.372
2012-05-18,81.383
2012-05-21,81.292
2012-05-22,81.084
2012-05-23,81.493
2012-05-24,82.094
2012-05-25,82.34700000000001
2012-05-28,82.402
2012-05-29,82.402
2012-05-30,82.48
2012-05-31,83.01799999999999
2012-06-01,83.04299999999999
2012-06-04,82.89
2012-06-05,82.557
2012-06-06,82.825
2012-06-07,82.321
2012-06-08,82.051
2012-06-11,82.51100000000001
2012-06-12,82.515
2012-06-13,82.42299999999999
2012-06-14,82.05799999999999
2012-06-15,81.99
2012-06-18,81.628
2012-06-19,81.946
2012-06-20,81.378
2012-06-21,81.583
2012-06-22,82.29
2012-06-25,82.256
2012-06-26,82.49700000000001
2012-06-27,82.37200000000001
2012-06-28,82.618
2012-06-29,82.807
2012-07-02,81.627
2012-07-03,81.87
2012-07-04,81.782
2012-07-05,81.782
2012-07-06,82.81299999999999
2012-07-09,83.37700000000001
2012-07-10,83.161
2012-07-11,83.4
2012-07-12,83.568
2012-07-13,83.65899999999999
2012-07-16,83.34899999999999
2012-07-17,83.098
2012-07-18,83.03200000000001
2012-07-19,83.068
2012-07-20,82.883
2012-07-23,83.478
2012-07-24,83.706
2012-07-25,84.005
2012-07-26,83.524
2012-07-27,82.80799999999999
2012-07-30,82.709
2012-07-31,82.794
2012-08-01,82.635
2012-08-02,83.05799999999999
2012-08-03,83.361
2012-08-06,82.375
2012-08-07,82.266
2012-08-08,82.21
2012-08-09,82.39399999999999
2012-08-10,82.63799999999999
2012-08-13,82.553
2012-08-14,82.435
2012-08-15,82.48299999999999
2012-08-16,82.645
2012-08-17,82.35700000000001
2012-08-20,82.596
2012-08-21,82.456
2012-08-22,81.907
2012-08-23,81.486
2012-08-24,81.359
2012-08-27,81.593
2012-08-28,81.658
2012-08-29,81.37
2012-08-30,81.54899999999999
2012-08-31,81.691
2012-09-03,81.208
2012-09-04,81.208
2012-09-05,81.312
2012-09-06,81.235
2012-09-07,81.04
2012-09-10,80.252
2012-09-11,80.357
2012-09-12,79.857
2012-09-13,79.737
2012-09-14,79.262
2012-09-17,78.847
2012-09-18,79.01
2012-09-19,79.249
2012-09-20,79.055
2012-09-21,79.411
2012-09-24,79.328
2012-09-25,79.518
2012-09-26,79.55199999999999
2012-09-27,79.885
2012-09-28,79.548
2012-10-01,79.935
2012-10-02,79.824
2012-10-03,79.744
2012-10-04,79.965
2012-10-05,79.35300000000001
2012-10-08,79.337
2012-10-09,79.54
2012-10-10,79.95100000000001
2012-10-11,79.917
2012-10-12,79.775
2012-10-15,79.667
2012-10-16,79.742
2012-10-17,79.405
2012-10-18,79.016
2012-10-19,79.367
2012-10-22,79.62100000000001
2012-10-23,79.652
2012-10-24,79.976
2012-10-25,79.914
2012-10-26,80.044
2012-10-29,80.068
2012-10-30,80.232
2012-10-31,79.931
2012-11-01,79.919
2012-11-02,80.047
2012-11-05,80.593
2012-11-06,80.749
2012-11-07,80.613
2012-11-08,80.759
2012-11-09,80.793
2012-11-12,81.02600000000001
2012-11-13,81.035
2012-11-14,81.084
2012-11-15,81.056
2012-11-16,81.078
2012-11-19,81.257
2012-11-20,80.874
2012-11-21,80.957
2012-11-22,80.932
2012-11-23,80.699
2012-11-26,80.192
2012-11-27,80.251
2012-11-28,80.402
2012-11-29,80.336
2012-11-30,80.204
2012-12-03,80.153
2012-12-04,79.882
2012-12-05,79.64399999999999
2012-12-06,79.774
2012-12-07,80.258
2012-12-10,80.408
2012-12-11,80.328
2012-12-12,80.061
2012-12-13,79.815
2012-12-14,79.928
2012-12-17,79.58
2012-12-18,79.568
2012-12-19,79.359
2012-12-20,79.26899999999999
2012-12-21,79.26100000000001
2012-12-24,79.617
2012-12-25,79.642
2012-12-26,79.67
2012-12-27,79.62100000000001
2012-12-28,79.62
2012-12-31,79.678
2013-01-01,79.76899999999999
2013-01-02,79.736
2013-01-03,79.845
2013-01-04,80.382
2013-01-07,80.499
2013-01-08,80.256
2013-01-09,80.345
2013-01-10,80.557
2013-01-11,79.738
2013-01-14,79.563
2013-01-15,79.488
2013-01-16,79.779
2013-01-17,79.804
2013-01-18,79.649
2013-01-21,80.036
2013-01-22,80.036
2013-01-23,79.874
2013-01-24,79.92
2013-01-25,79.949
2013-01-28,79.748
2013-01-29,79.78
2013-01-30,79.564
2013-01-31,79.281
2013-02-01,79.207
2013-02-04,79.125
2013-02-05,79.554
2013-02-06,79.488
2013-02-07,79.721
2013-02-08,80.192
2013-02-11,80.24600000000001
2013-02-12,80.31
2013-02-13,80.10600000000001
2013-02-14,80.09100000000001
2013-02-15,80.458
2013-02-18,80.58
2013-02-19,80.627
2013-02-20,80.468
2013-02-21,81.069
2013-02-22,81.461
2013-02-25,81.482
2013-02-26,81.67
2013-02-27,81.87
2013-02-28,81.602
2013-03-01,81.949
2013-03-04,82.31299999999999
2013-03-05,82.195
2013-03-06,82.087
2013-03-07,82.459
2013-03-08,82.081
2013-03-11,82.696
2013-03-12,82.573
2013-03-13,82.584
2013-03-14,82.889
2013-03-15,82.60600000000001
2013-03-18,82.26100000000001
2013-03-19,82.694
2013-03-20,82.98899999999999
2013-03-21,82.779
2013-03-22,82.74
2013-03-25,82.376
2013-03-26,82.82799999999999
2013-03-27,82.881
2013-03-28,83.221
2013-03-29,82.99600000000001
2013-04-01,82.976
2013-04-02,82.73299999999999
2013-04-03,82.92399999999999
2013-04-04,82.71799999999999
2013-04-05,82.677
2013-04-08,82.49600000000001
2013-04-09,82.75200000000001
2013-04-10,82.309
2013-04-11,82.53200000000001
2013-04-12,82.24700000000001
2013-04-15,82.311
2013-04-16,82.417
2013-04-17,81.749
2013-04-18,82.684
2013-04-19,82.559
2013-04-22,82.714
2013-04-23,82.676
2013-04-24,83.04799999999999
2013-04-25,83.04799999999999
2013-04-26,82.744
2013-04-29,82.50200000000001
2013-04-30,82.147
2013-05-01,81.74600000000001
2013-05-02,81.484
2013-05-03,82.22399999999999
2013-05-06,82.125
2013-05-07,82.315
2013-05-08,82.25299999999999
2013-05-09,81.896
2013-05-10,82.79299999999999
2013-05-13,83.14299999999999
2013-05-14,83.277
2013-05-15,83.595
2013-05-16,83.83
2013-05-17,83.588
2013-05-20,84.25200000000001
2013-05-21,83.736
2013-05-22,83.86399999999999
2013-05-23,84.352
2013-05-24,83.8
2013-05-27,83.7
2013-05-28,83.7
2013-05-29,84.1
2013-05-30,83.66
2013-05-31,83.042
2013-06-03,83.375
2013-06-04,82.656
2013-06-05,82.76899999999999
2013-06-06,82.594
2013-06-07,81.53699999999999
2013-06-10,81.669
2013-06-11,81.646
2013-06-12,81.113
2013-06-13,80.947
2013-06-14,80.752
2013-06-17,80.67
2013-06-18,80.78699999999999
2013-06-19,80.612
2013-06-20,81.428
2013-06-21,81.915
2013-06-24,82.318
2013-06-25,82.425
2013-06-26,82.581
2013-06-27,82.977
2013-06-28,82.902
2013-07-01,83.13600000000001
2013-07-02,83.054
2013-07-03,83.544
2013-07-04,83.23100000000001
2013-07-05,83.23100000000001
2013-07-08,84.449
2013-07-09,84.193
2013-07-10,84.58
2013-07-11,84.041
2013-07-12,82.74600000000001
2013-07-15,82.988
2013-07-16,83.04299999999999
2013-07-17,82.49799999999999
2013-07-18,82.708
2013-07-19,82.823
2013-07-22,82.60700000000001
2013-07-23,82.219
2013-07-24,81.945
2013-07-25,82.291
2013-07-26,81.97
2013-07-29,81.657
2013-07-30,81.663
2013-07-31,81.829
2013-08-01,81.452
2013-08-02,82.336
2013-08-05,81.908
2013-08-06,81.875
2013-08-07,81.60300000000001
2013-08-08,81.28699999999999
2013-08-09,80.977
2013-08-12,81.126
2013-08-13,81.333
2013-08-14,81.768
2013-08-15,81.711
2013-08-16,81.181
2013-08-19,81.257
2013-08-20,81.226
2013-08-21,80.906
2013-08-22,81.21300000000001
2013-08-23,81.488
2013-08-26,81.361
2013-08-27,81.407
2013-08-28,81.166
2013-08-29,81.431
2013-08-30,81.948
2013-09-02,82.087
2013-09-03,82.087
2013-09-04,82.361
2013-09-05,82.169
2013-09-06,82.633
2013-09-09,82.146
2013-09-10,81.793
2013-09-11,81.821
2013-09-12,81.518
2013-09-13,81.48899999999999
2013-09-16,81.452
2013-09-17,81.295
2013-09-18,81.143
2013-09-19,80.237
2013-09-20,80.372
2013-09-23,80.431
2013-09-24,80.449
2013-09-25,80.563
2013-09-26,80.334
2013-09-27,80.523
2013-09-30,80.28699999999999
2013-10-01,80.221
2013-10-02,80.141
2013-10-03,79.9
2013-10-04,79.749
2013-10-07,80.122
2013-10-08,79.941
2013-10-09,80.06
2013-10-10,80.376
2013-10-11,80.417
2013-10-14,80.362
2013-10-15,80.263
2013-10-16,80.482
2013-10-17,80.47
2013-10-18,79.649
2013-10-21,79.654
2013-10-22,79.695
2013-10-23,79.23
2013-10-24,79.264
2013-10-25,79.185
2013-10-28,79.194
2013-10-29,79.24600000000001
2013-10-30,79.607
2013-10-31,79.777
2013-11-01,80.195
2013-11-04,80.71600000000001
2013-11-05,80.553
2013-11-06,80.706
2013-11-07,80.483
2013-11-08,80.845
2013-11-11,81.303
2013-11-12,81.09100000000001
2013-11-13,81.192
2013-11-14,80.926
2013-11-15,81.023
2013-11-18,80.84899999999999
2013-11-19,80.825
2013-11-20,80.704
2013-11-21,81.112
2013-11-22,81.07300000000001
2013-11-25,80.708
2013-11-26,80.92
2013-11-27,80.611
2013-11-28,80.722
2013-11-29,80.582
2013-12-02,80.68
2013-12-03,80.925
2013-12-04,80.59100000000001
2013-12-05,80.619
2013-12-06,80.235
2013-12-09,80.315
2013-12-10,80.134
2013-12-11,79.96600000000001
2013-12-12,79.89399999999999
2013-12-13,80.206
2013-12-16,80.214
2013-12-17,80.074
2013-12-18,80.061
2013-12-19,80.105
2013-12-20,80.63
2013-12-23,80.575
2013-12-24,80.447
2013-12-25,80.536
2013-12-26,80.558
2013-12-27,80.484
2013-12-30,80.392
2013-12-31,80.0
2014-01-01,80.035
2014-01-02,80.108
2014-01-03,80.63
2014-01-06,80.791
2014-01-07,80.652
2014-01-08,80.833
2014-01-09,81.02199999999999
2014-01-10,81.005
2014-01-13,80.658
2014-01-14,80.513
2014-01-15,80.66199999999999
2014-01-16,81.027
2014-01-17,80.91
2014-01-20,81.225
2014-01-21,81.225
2014-01-22,81.098
2014-01-23,81.167
2014-01-24,80.438
2014-01-27,80.458
2014-01-28,80.524
2014-01-29,80.568
2014-01-30,80.505
2014-01-31,81.085
2014-02-03,81.311
2014-02-04,81.009
2014-02-05,81.12100000000001
2014-02-06,81.036
2014-02-07,80.906
2014-02-10,80.691
2014-02-11,80.642
2014-02-12,80.638
2014-02-13,80.679
2014-02-14,80.32300000000001
2014-02-17,80.13600000000001
2014-02-18,80.13600000000001
2014-02-19,80.008
2014-02-20,80.14399999999999
2014-02-21,80.286
2014-02-24,80.237
2014-02-25,80.199
2014-02-26,80.137
2014-02-27,80.429
2014-02-28,80.285
2014-03-03,79.691
2014-03-04,80.077
2014-03-05,80.168
2014-03-06,80.109
2014-03-07,79.663
2014-03-10,79.719
2014-03-11,79.768
2014-03-12,79.736
2014-03-13,79.608
2014-03-14,79.62
2014-03-17,79.446
2014-03-18,79.385
2014-03-19,79.414
2014-03-20,79.995
2014-03-21,80.192
2014-03-24,80.105
2014-03-25,79.934
2014-03-26,79.944
2014-03-27,80.032
2014-03-28,80.111
2014-03-31,80.176
2014-04-01,80.1
2014-04-02,80.094
2014-04-03,80.215
2014-04-04,80.475
2014-04-07,80.423
2014-04-08,80.232
2014-04-09,79.752
2014-04-10,79.484
2014-04-11,79.383
2014-04-14,79.452
2014-04-15,79.729
2014-04-16,79.803
2014-04-17,79.803
2014-04-18,79.828
2014-04-21,79.847
2014-04-22,79.945
2014-04-23,79.905
2014-04-24,79.855
2014-04-25,79.79899999999999
2014-04-28,79.749
2014-04-29,79.683
2014-04-30,79.808
2014-05-01,79.47399999999999
2014-05-02,79.527
2014-05-05,79.516
2014-05-06,79.486
2014-05-07,79.093
2014-05-08,79.202
2014-05-09,79.361
2014-05-12,79.903
2014-05-13,79.90100000000001
2014-05-14,80.143
2014-05-15,80.07300000000001
2014-05-16,80.003
2014-05-19,80.043
2014-05-20,79.993
2014-05-21,80.041
2014-05-22,80.095
2014-05-23,80.25399999999999
2014-05-26,80.393
2014-05-27,80.393
2014-05-28,80.352
2014-05-29,80.571
2014-05-30,80.494
2014-06-02,80.369
2014-06-03,80.64399999999999
2014-06-04,80.554
2014-06-05,80.663
2014-06-06,80.37100000000001
2014-06-09,80.40899999999999
2014-06-10,80.653
2014-06-11,80.82
2014-06-12,80.788
2014-06-13,80.57600000000001
2014-06-16,80.57600000000001
2014-06-17,80.471
2014-06-18,80.62899999999999
2014-06-19,80.584
2014-06-20,80.317
2014-06-23,80.372
2014-06-24,80.27199999999999
2014-06-25,80.327
2014-06-26,80.225
2014-06-27,80.22
2014-06-30,80.039
2014-07-01,79.775
2014-07-02,79.815
2014-07-03,79.956
2014-07-04,80.212
2014-07-07,80.26899999999999
2014-07-08,80.218
2014-07-09,80.179
2014-07-10,79.993
2014-07-11,80.127
2014-07-14,80.187
2014-07-15,80.188
2014-07-16,80.39
2014-07-17,80.559
2014-07-18,80.505
2014-07-21,80.524
2014-07-22,80.56
2014-07-23,80.781
2014-07-24,80.82300000000001
2014-07-25,80.872
2014-07-28,81.029
2014-07-29,81.025
2014-07-30,81.214
2014-07-31,81.432
2014-08-01,81.456
2014-08-04,81.30199999999999
2014-08-05,81.328
2014-08-06,81.328
2014-08-07,81.444
2014-08-08,81.524
2014-08-11,81.389
2014-08-12,81.46600000000001
2014-08-13,81.5
2014-08-14,81.596
2014-08-15,81.58800000000001
2014-08-18,81.42399999999999
2014-08-19,81.57600000000001
2014-08-20,81.883
2014-08-21,82.226
2014-08-22,82.154
2014-08-25,82.336
2014-08-26,82.54899999999999
2014-08-27,82.65
2014-08-28,82.428
2014-08-29,82.477
2014-09-01,82.74799999999999
2014-09-02,82.74799999999999
2014-09-03,82.992
2014-09-04,82.865
2014-09-05,83.82
2014-09-08,83.73899999999999
2014-09-09,84.23200000000001
2014-09-10,84.27799999999999
2014-09-11,84.28299999999999
2014-09-12,84.29799999999999
2014-09-15,84.24
2014-09-16,84.264
2014-09-17,84.074
2014-09-18,84.345
2014-09-19,84.323
2014-09-22,84.735
2014-09-23,84.75200000000001
2014-09-24,84.65799999999999
2014-09-25,85.037
2014-09-26,85.195
2014-09-29,85.64
2014-09-30,85.59100000000001
2014-10-01,85.936
2014-10-02,85.97200000000001
2014-10-03,85.601
2014-10-06,86.694
2014-10-07,85.928
2014-10-08,85.67200000000001
2014-10-09,85.29700000000001
2014-10-10,85.522
2014-10-13,85.912
2014-10-14,85.53200000000001
2014-10-15,85.822
2014-10-16,85.147
2014-10-17,84.955
2014-10-20,85.11
2014-10-21,84.95299999999999
2014-10-22,85.303
2014-10-23,85.741
2014-10-24,85.84299999999999
2014-10-27,85.73200000000001
2014-10-28,85.495
2014-10-29,85.40799999999999
2014-10-30,85.95200000000001
2014-10-31,86.147
2014-11-03,86.917
2014-11-04,87.309
2014-11-05,86.984
2014-11-06,87.444
2014-11-07,88.012
2014-11-10,87.64200000000001
2014-11-11,87.81
2014-11-12,87.531
2014-11-13,87.822
2014-11-14,87.67399999999999
2014-11-17,87.525
2014-11-18,87.926
2014-11-19,87.575
2014-11-20,87.647
2014-11-21,87.59100000000001
2014-11-24,88.31
2014-11-25,88.15100000000001
2014-11-26,87.92
2014-11-27,87.60700000000001
2014-11-28,87.60700000000001
2014-12-01,88.35600000000001
2014-12-02,87.946
2014-12-03,88.647
2014-12-04,88.956
2014-12-05,88.704
2014-12-08,89.334
2014-12-09,89.041
2014-12-10,88.69
2014-12-11,88.271
2014-12-12,88.663
2014-12-15,88.363
2014-12-16,88.46
2014-12-17,88.125
2014-12-18,89.133
2014-12-19,89.235
2014-12-22,89.598
2014-12-23,89.77
2014-12-24,90.064
2014-12-25,89.96700000000001
2014-12-26,89.835
2014-12-29,90.03
2014-12-30,90.19
2014-12-31,89.991
2015-01-01,90.26899999999999
2015-01-02,90.27600000000001
2015-01-05,91.08
2015-01-06,91.37799999999999
2015-01-07,91.499
2015-01-08,91.89
2015-01-09,92.368
2015-01-12,91.935
2015-01-13,91.98299999999999
2015-01-14,92.31
2015-01-15,92.161
2015-01-16,92.352
2015-01-19,92.52
2015-01-20,92.52
2015-01-21,93.046
2015-01-22,92.904
2015-01-23,94.07700000000001
2015-01-26,94.762
2015-01-27,94.802
2015-01-28,94.022
2015-01-29,94.46700000000001
2015-01-30,94.78200000000001
2015-02-02,94.804
2015-02-03,94.50399999999999
2015-02-04,93.6
2015-02-05,93.986
2015-02-06,93.569
2015-02-09,94.698
2015-02-10,94.449
2015-02-11,94.758
2015-02-12,94.985
2015-02-13,94.094
2015-02-16,94.20100000000001
2015-02-17,94.20100000000001
2015-02-18,94.061
2015-02-19,94.198
2015-02-20,94.404
2015-02-23,94.25299999999999
2015-02-24,94.569
2015-02-25,94.493
2015-02-26,94.213
2015-02-27,95.292
2015-03-02,95.29299999999999
2015-03-03,95.462
2015-03-04,95.383
2015-03-05,95.965
2015-03-06,96.37799999999999
2015-03-09,97.615
2015-03-10,97.588
2015-03-11,98.618
2015-03-12,99.795
2015-03-13,99.435
2015-03-16,100.33
2015-03-17,99.604
2015-03-18,99.585
2015-03-19,98.55
2015-03-20,99.26
2015-03-23,97.90899999999999
2015-03-24,97.03299999999999
2015-03-25,97.193
2015-03-26,96.979
2015-03-27,97.436
2015-03-30,97.291
2015-03-31,97.975
2015-04-01,98.35700000000001
2015-04-02,98.185
2015-04-03,97.436
2015-04-06,96.545
2015-04-07,96.777
2015-04-08,97.83
2015-04-09,97.94
2015-04-10,99.155
2015-04-13,99.338
2015-04-14,99.49
2015-04-15,98.73299999999999
2015-04-16,98.319
2015-04-17,97.415
2015-04-20,97.52
2015-04-21,97.941
2015-04-22,98.00399999999999
2015-04-23,97.932
2015-04-24,97.27799999999999
2015-04-27,96.92200000000001
2015-04-28,96.765
2015-04-29,96.09200000000001
2015-04-30,95.209
2015-05-01,94.6
2015-05-04,95.29700000000001
2015-05-05,95.48
2015-05-06,95.07600000000001
2015-05-07,94.087
2015-05-08,94.635
2015-05-11,94.794
2015-05-12,95.01100000000001
2015-05-13,94.53399999999999
2015-05-14,93.617
2015-05-15,93.45700000000001
2015-05-18,93.135
2015-05-19,94.221
2015-05-20,95.26700000000001
2015-05-21,95.448
2015-05-22,95.255
2015-05-25,96.014
2015-05-26,96.014
2015-05-27,97.29899999999999
2015-05-28,97.37100000000001
2015-05-29,96.965
2015-06-01,96.90700000000001
2015-06-02,97.39200000000001
2015-06-03,95.835
2015-06-04,95.465
2015-06-05,95.461
2015-06-08,96.306
2015-06-09,95.29899999999999
2015-06-10,95.166
2015-06-11,94.646
2015-06-12,94.976
2015-06-15,94.97200000000001
2015-06-16,94.81
2015-06-17,94.999
2015-06-18,94.296
2015-06-19,94.042
2015-06-22,94.085
2015-06-23,94.329
2015-06-24,95.432
2015-06-25,95.264
2015-06-26,95.18700000000001
2015-06-29,95.47200000000001
2015-06-30,94.79
2015-07-01,95.485
2015-07-02,96.31
2015-07-03,96.113
2015-07-06,96.113
2015-07-07,96.29799999999999
2015-07-08,96.865
2015-07-09,96.294
2015-07-10,96.60600000000001
2015-07-13,96.025
2015-07-14,96.85799999999999
2015-07-15,96.64299999999999
2015-07-16,97.166
2015-07-17,97.66799999999999
2015-07-20,97.86200000000001
2015-07-21,98.029
2015-07-22,97.32799999999999
2015-07-23,97.598
2015-07-24,97.115
2015-07-27,97.244
2015-07-28,96.50200000000001
2015-07-29,96.772
2015-07-30,96.976
2015-07-31,97.56
2015-08-03,97.336
2015-08-04,97.494
2015-08-05,97.931
2015-08-06,97.958
2015-08-07,97.833
2015-08-10,97.56299999999999
2015-08-11,97.15899999999999
2015-08-12,97.29
2015-08-13,96.262
2015-08-14,96.445
2015-08-17,96.52
2015-08-18,96.806
2015-08-19,97.04
2015-08-20,96.359
2015-08-21,95.98
2015-08-24,95.008
2015-08-25,93.33200000000001
2015-08-26,94.53
2015-08-27,95.1
2015-08-28,95.61
2015-08-31,96.10600000000001
2015-09-01,95.824
2015-09-02,95.45
2015-09-03,95.82799999999999
2015-09-04,96.405
2015-09-07,96.229
2015-09-08,96.229
2015-09-09,95.985
2015-09-10,96.012
2015-09-11,95.456
2015-09-14,95.194
2015-09-15,95.24600000000001
2015-09-16,95.611
2015-09-17,95.42
2015-09-18,94.55
2015-09-21,94.863
2015-09-22,95.89399999999999
2015-09-23,96.28299999999999
2015-09-24,96.068
2015-09-25,95.994
2015-09-28,96.26899999999999
2015-09-29,96.03399999999999
2015-09-30,95.855
2015-10-01,96.35
2015-10-02,96.185
2015-10-05,95.83
2015-10-06,96.10600000000001
2015-10-07,95.455
2015-10-08,95.49700000000001
2015-10-09,95.318
2015-10-12,94.81299999999999
2015-10-13,94.84100000000001
2015-10-14,94.759
2015-10-15,93.931
2015-10-16,94.37100000000001
2015-10-19,94.54
2015-10-20,94.928
2015-10-21,94.913
2015-10-22,95.035
2015-10-23,96.37799999999999
2015-10-26,97.12700000000001
2015-10-27,96.861
2015-10-28,96.906
2015-10-29,97.78200000000001
2015-10-30,97.28200000000001
2015-11-02,96.946
2015-11-03,96.928
2015-11-04,97.15799999999999
2015-11-05,97.95
2015-11-06,97.936
2015-11-09,99.16799999999999
2015-11-10,98.979
2015-11-11,99.29299999999999
2015-11-12,99.01299999999999
2015-11-13,98.649
2015-11-16,98.99799999999999
2015-11-17,99.44200000000001
2015-11-18,99.631
2015-11-19,99.652
2015-11-20,98.98899999999999
2015-11-23,99.565
2015-11-24,99.803
2015-11-25,99.527
2015-11-26,99.795
2015-11-27,99.795
2015-11-30,100.02
2015-12-01,100.17
2015-12-02,99.795
2015-12-03,99.993
2015-12-04,97.62100000000001
2015-12-07,98.354
2015-12-08,98.655
2015-12-09,98.47399999999999
2015-12-10,97.345
2015-12-11,97.939
2015-12-14,97.565
2015-12-15,97.604
2015-12-16,98.21700000000001
2015-12-17,97.87100000000001
2015-12-18,99.27
2015-12-21,98.70299999999999
2015-12-22,98.363
2015-12-23,98.235
2015-12-24,98.34100000000001
2015-12-25,97.984
2015-12-28,97.84700000000001
2015-12-29,97.919
2015-12-30,98.101
2015-12-31,98.266
2016-01-01,98.631
2016-01-04,98.68299999999999
2016-01-05,98.869
2016-01-06,99.404
2016-01-07,99.181
2016-01-08,98.219
2016-01-11,98.54
2016-01-12,98.725
2016-01-13,98.97399999999999
2016-01-14,98.93299999999999
2016-01-15,99.089
2016-01-18,98.956
2016-01-19,98.956
2016-01-20,98.991
2016-01-21,99.09100000000001
2016-01-22,99.056
2016-01-25,99.574
2016-01-26,99.36
2016-01-27,99.087
2016-01-28,98.902
2016-01-29,98.51
2016-02-01,99.60600000000001
2016-02-02,99.009
2016-02-03,98.87200000000001
2016-02-04,97.288
2016-02-05,96.47399999999999
2016-02-08,97.031
2016-02-09,96.57
2016-02-10,96.071
2016-02-11,95.88799999999999
2016-02-12,95.56200000000001
2016-02-15,95.94
2016-02-16,95.94
2016-02-17,96.868
2016-02-18,96.786
2016-02-19,96.95100000000001
2016-02-22,96.6
2016-02-23,97.37899999999999
2016-02-24,97.48100000000001
2016-02-25,97.458
2016-02-26,97.287
2016-02-29,98.148
2016-03-01,98.211
2016-03-02,98.352
2016-03-03,98.214
2016-03-04,97.59200000000001
2016-03-07,97.34
2016-03-08,97.071
2016-03-09,97.209
2016-03-10,97.17299999999999
2016-03-11,96.066
2016-03-14,96.17200000000001
2016-03-15,96.624
2016-03-16,96.633
2016-03-17,95.89
2016-03-18,94.76
2016-03-21,95.086
2016-03-22,95.288
2016-03-23,95.648
2016-03-24,96.046
2016-03-25,96.14200000000001
2016-03-28,96.273
2016-03-29,95.943
2016-03-30,95.16
2016-03-31,94.84100000000001
2016-04-01,94.586
2016-04-04,94.619
2016-04-05,94.51
2016-04-06,94.631
2016-04-07,94.43
2016-04-08,94.48200000000001
2016-04-11,94.235
2016-04-12,93.95
2016-04-13,93.959
2016-04-14,94.744
2016-04-15,94.902
2016-04-18,94.696
2016-04-19,94.49
2016-04-20,93.976
2016-04-21,94.492
2016-04-22,94.59899999999999
2016-04-25,95.116
2016-04-26,94.84200000000001
2016-04-27,94.573
2016-04-28,94.387
2016-04-29,93.76100000000001
2016-05-02,93.08200000000001
2016-05-03,92.626
2016-05-04,92.944
2016-05-05,93.179
2016-05-06,93.78
2016-05-09,93.88799999999999
2016-05-10,94.12799999999999
2016-05-11,94.29
2016-05-12,93.823
2016-05-13,94.15
2016-05-16,94.60799999999999
2016-05-17,94.572
2016-05-18,94.54799999999999
2016-05-19,95.08
2016-05-20,95.287
2016-05-23,95.334
2016-05-24,95.23100000000001
2016-05-25,95.571
2016-05-26,95.354
2016-05-27,95.16799999999999
2016-05-30,95.521
2016-05-31,95.521
2016-06-01,95.891
2016-06-02,95.455
2016-06-03,95.564
2016-06-06,94.029
2016-06-07,93.902
2016-06-08,93.82799999999999
2016-06-09,93.59
2016-06-10,93.95299999999999
2016-06-13,94.571
2016-06-14,94.36200000000001
2016-06-15,94.928
2016-06-16,94.61
2016-06-17,94.569
2016-06-20,94.206
2016-06-21,93.611
2016-06-22,94.01700000000001
2016-06-23,93.71600000000001
2016-06-24,93.529
2016-06-27,95.448
2016-06-28,96.544
2016-06-29,96.245
2016-06-30,95.76899999999999
2016-07-01,96.14299999999999
2016-07-04,95.649
2016-07-05,95.649
2016-07-06,96.166
2016-07-07,96.053
2016-07-08,96.32799999999999
2016-07-11,96.302
2016-07-12,96.571
2016-07-13,96.441
2016-07-14,96.21600000000001
2016-07-15,96.07700000000001
2016-07-18,96.58
2016-07-19,96.56200000000001
2016-07-20,97.06299999999999
2016-07-21,97.20100000000001
2016-07-22,97.0
2016-07-25,97.46700000000001
2016-07-26,97.286
2016-07-27,97.156
2016-07-28,97.053
2016-07-29,96.73899999999999
2016-08-01,95.53
2016-08-02,95.713
2016-08-03,95.064
2016-08-04,95.56299999999999
2016-08-05,95.758
2016-08-08,96.194
2016-08-09,96.40100000000001
2016-08-10,96.18299999999999
2016-08-11,95.65
2016-08-12,95.85700000000001
2016-08-15,95.72200000000001
2016-08-16,95.62899999999999
2016-08-17,94.791
2016-08-18,94.71799999999999
2016-08-19,94.15700000000001
2016-08-22,94.51100000000001
2016-08-23,94.51899999999999
2016-08-24,94.539
2016-08-25,94.786
2016-08-26,94.772
2016-08-29,95.566
2016-08-30,95.58
2016-08-31,96.054
2016-09-01,96.022
2016-09-02,95.65299999999999
2016-09-05,95.844
2016-09-06,95.844
2016-09-07,94.823
2016-09-08,94.956
2016-09-09,95.027
2016-09-12,95.336
2016-09-13,95.095
2016-09-14,95.633
2016-09-15,95.32700000000001
2016-09-16,95.288
2016-09-19,96.10799999999999
2016-09-20,95.84100000000001
2016-09-21,96.01899999999999
2016-09-22,95.66
2016-09-23,95.448
2016-09-26,95.477
2016-09-27,95.29700000000001
2016-09-28,95.435
2016-09-29,95.431
2016-09-30,95.535
2016-10-03,95.463
2016-10-04,95.695
2016-10-05,96.169
2016-10-06,96.125
2016-10-07,96.765
2016-10-10,96.632
2016-10-11,96.929
2016-10-12,97.69
2016-10-13,97.96600000000001
2016-10-14,97.516
2016-10-17,98.01899999999999
2016-10-18,97.88799999999999
2016-10-19,97.895
2016-10-20,97.92
2016-10-21,98.315
2016-10-24,98.695
2016-10-25,98.756
2016-10-26,98.719
2016-10-27,98.62899999999999
2016-10-28,98.88799999999999
2016-10-31,98.348
2016-11-01,98.445
2016-11-02,97.699
2016-11-03,97.398
2016-11-04,97.15700000000001
2016-11-07,97.065
2016-11-08,97.781
2016-11-09,97.861
2016-11-10,98.50399999999999
2016-11-11,98.785
2016-11-14,99.06
2016-11-15,100.11
2016-11-16,100.23
2016-11-17,100.41
2016-11-18,100.89
2016-11-21,101.21
2016-11-22,101.05
2016-11-23,101.04
2016-11-24,101.7
2016-11-25,101.7
2016-11-28,101.49
2016-11-29,101.33
2016-11-30,100.93
2016-12-01,101.5
2016-12-02,101.04
2016-12-05,100.77
2016-12-06,100.09
2016-12-07,100.49
2016-12-08,100.23
2016-12-09,101.1
2016-12-12,101.59
2016-12-13,101.03
2016-12-14,101.07
2016-12-15,101.76
2016-12-16,103.02
2016-12-19,102.95
2016-12-20,103.14
2016-12-21,103.29
2016-12-22,103.02
2016-12-23,103.09
2016-12-26,103.01
2016-12-27,102.97
2016-12-28,103.02
2016-12-29,103.3
2016-12-30,102.68
2017-01-02,102.21
2017-01-03,102.78
2017-01-04,103.21
2017-01-05,102.7
2017-01-06,101.52
2017-01-09,102.22
2017-01-10,101.93
2017-01-11,102.01
2017-01-12,101.78
2017-01-13,101.35
2017-01-16,101.18
2017-01-17,101.18
2017-01-18,100.33
2017-01-19,100.93
2017-01-20,101.15
2017-01-23,100.74
2017-01-24,100.16
2017-01-25,100.35
2017-01-26,100.03
2017-01-27,100.38
2017-01-30,100.53
2017-01-31,100.43
2017-02-01,99.512
2017-02-02,99.641
2017-02-03,99.79
2017-02-06,99.868
2017-02-07,99.90700000000001
2017-02-08,100.26
2017-02-09,100.28
2017-02-10,100.65
2017-02-13,100.8
2017-02-14,100.96
2017-02-15,101.25
2017-02-16,101.18
2017-02-17,100.44
2017-02-20,100.95
2017-02-21,100.95
2017-02-22,101.37
2017-02-23,101.22
2017-02-24,101.05
2017-02-27,101.09
2017-02-28,101.13
2017-03-01,101.12
2017-03-02,101.78
2017-03-03,102.2
2017-03-06,101.54
2017-03-07,101.64
2017-03-08,101.81
2017-03-09,102.07
2017-03-10,101.85
2017-03-13,101.25
2017-03-14,101.31
2017-03-15,101.7
2017-03-16,100.74
2017-03-17,100.36
2017-03-20,100.3
2017-03-21,100.41
2017-03-22,99.81299999999999
2017-03-23,99.677
2017-03-24,99.76
2017-03-27,99.62700000000001
2017-03-28,99.166
2017-03-29,99.712
2017-03-30,99.99799999999999
2017-03-31,100.41
2017-04-03,100.35
2017-04-04,100.54
2017-04-05,100.54
2017-04-06,100.56
2017-04-07,100.67
2017-04-10,101.18
2017-04-11,101.02
2017-04-12,100.71
2017-04-13,100.78
2017-04-14,100.49
2017-04-17,100.51
2017-04-18,100.29
2017-04-19,99.499
2017-04-20,99.738
2017-04-21,99.77799999999999
2017-04-24,99.977
2017-04-25,99.09200000000001
2017-04-26,98.785
2017-04-27,99.045
2017-04-28,99.07600000000001
2017-05-01,99.05
2017-05-02,99.07700000000001
2017-05-03,98.976
2017-05-04,99.209
2017-05-05,98.79700000000001
2017-05-08,98.648
2017-05-09,99.06
2017-05-10,99.65799999999999
2017-05-11,99.669
2017-05-12,99.62299999999999
2017-05-15,99.25200000000001
2017-05-16,98.911
2017-05-17,98.105
2017-05-18,97.575
2017-05-19,97.87899999999999
2017-05-22,97.14200000000001
2017-05-23,96.984
2017-05-24,97.351
2017-05-25,97.238
2017-05-26,97.24799999999999
2017-05-29,97.44200000000001
2017-05-30,97.44200000000001
2017-05-31,97.28
2017-06-01,96.92200000000001
2017-06-02,97.198
2017-06-05,96.715
2017-06-06,96.79899999999999
2017-06-07,96.63600000000001
2017-06-08,96.74799999999999
2017-06-09,96.91799999999999
2017-06-12,97.274
2017-06-13,97.13799999999999
2017-06-14,96.975
2017-06-15,96.939
2017-06-16,97.43299999999999
2017-06-19,97.164
2017-06-20,97.54799999999999
2017-06-21,97.76
2017-06-22,97.559
2017-06-23,97.59299999999999
2017-06-26,97.264
2017-06-27,97.426
2017-06-28,96.39399999999999
2017-06-29,96.01
2017-06-30,95.62799999999999
2017-07-03,95.62799999999999
2017-07-04,96.21799999999999
2017-07-05,96.21799999999999
2017-07-06,96.29
2017-07-07,95.802
2017-07-10,96.008
2017-07-11,96.022
2017-07-12,95.669
2017-07-13,95.76100000000001
2017-07-14,95.728
2017-07-17,95.15299999999999
2017-07-18,95.12799999999999
2017-07-19,94.604
2017-07-20,94.779
2017-07-21,94.306
2017-07-24,93.85799999999999
2017-07-25,93.977
2017-07-26,94.054
2017-07-27,93.67200000000001
2017-07-28,93.86399999999999
2017-07-31,93.259
2017-08-01,92.863
2017-08-02,93.04299999999999
2017-08-03,92.836
2017-08-04,92.839
2017-08-07,93.542
2017-08-08,93.432
2017-08-09,93.647
2017-08-10,93.54799999999999
2017-08-11,93.40100000000001
2017-08-14,93.069
2017-08-15,93.411
2017-08-16,93.853
2017-08-17,93.541
2017-08-18,93.62200000000001
2017-08-21,93.434
2017-08-22,93.095
2017-08-23,93.545
2017-08-24,93.147
2017-08-25,93.277
2017-08-28,92.74
2017-08-29,92.20700000000001
2017-08-30,92.249
2017-08-31,92.884
2017-09-01,92.66799999999999
2017-09-04,92.814
2017-09-05,92.635
2017-09-06,92.25200000000001
2017-09-07,92.29
2017-09-08,91.663
2017-09-11,91.352
2017-09-12,91.875
2017-09-13,91.882
2017-09-14,92.52
2017-09-15,92.124
2017-09-18,91.87200000000001
2017-09-19,92.04700000000001
2017-09-20,91.79299999999999
2017-09-21,92.508
2017-09-22,92.259
2017-09-25,92.171
2017-09-26,92.648
2017-09-27,92.96600000000001
2017-09-28,93.361
2017-09-29,93.085
2017-10-02,93.07600000000001
2017-10-03,93.559
2017-10-04,93.569
2017-10-05,93.458
2017-10-06,93.961
2017-10-09,93.8
2017-10-10,93.675
2017-10-11,93.29
2017-10-12,93.015
2017-10-13,93.057
2017-10-16,93.09100000000001
2017-10-17,93.31200000000001
2017-10-18,93.486
2017-10-19,93.363
2017-10-20,93.266
2017-10-23,93.70100000000001
2017-10-24,93.936
2017-10-25,93.772
2017-10-26,93.711
2017-10-27,94.61200000000001
2017-10-30,94.916
2017-10-31,94.56
2017-11-01,94.552
2017-11-02,94.815
2017-11-03,94.685
2017-11-06,94.941
2017-11-07,94.757
2017-11-08,94.913
2017-11-09,94.866
2017-11-10,94.444
2017-11-13,94.391
2017-11-14,94.49
2017-11-15,93.82700000000001
2017-11-16,93.81299999999999
2017-11-17,93.932
2017-11-20,93.662
2017-11-21,94.08
2017-11-22,93.95200000000001
2017-11-23,93.22
2017-11-24,93.22
2017-11-27,92.78200000000001
2017-11-28,92.904
2017-11-29,93.27
2017-11-30,93.164
2017-12-01,93.04700000000001
2017-12-04,92.885
2017-12-05,93.18799999999999
2017-12-06,93.37899999999999
2017-12-07,93.61
2017-12-08,93.795
2017-12-11,93.90100000000001
2017-12-12,93.866
2017-12-13,94.101
2017-12-14,93.429
2017-12-15,93.48899999999999
2017-12-18,93.932
2017-12-19,93.695
2017-12-20,93.441
2017-12-21,93.31299999999999
2017-12-22,93.27799999999999
2017-12-25,93.34700000000001
2017-12-26,93.26700000000001
2017-12-27,93.257
2017-12-28,93.025
2017-12-29,92.602
2018-01-01,92.124
2018-01-02,92.24
2018-01-03,91.87200000000001
2018-01-04,92.162
2018-01-05,91.853
2018-01-08,91.949
2018-01-09,92.35799999999999
2018-01-10,92.52799999999999
2018-01-11,92.33200000000001
2018-01-12,91.852
2018-01-15,90.97399999999999
2018-01-16,90.97399999999999
2018-01-17,90.39299999999999
2018-01-18,90.541
2018-01-19,90.49799999999999
2018-01-22,90.572
2018-01-23,90.40100000000001
2018-01-24,90.124
2018-01-25,89.206
2018-01-26,89.391
2018-01-29,89.06700000000001
2018-01-30,89.30799999999999
2018-01-31,89.16
2018-02-01,89.133
2018-02-02,88.671
2018-02-05,89.195
2018-02-06,89.554
2018-02-07,89.585
2018-02-08,90.255
2018-02-09,90.229
2018-02-12,90.44200000000001
2018-02-13,90.208
2018-02-14,89.70299999999999
2018-02-15,89.12100000000001
2018-02-16,88.59299999999999
2018-02-19,89.1
2018-02-20,89.1
2018-02-21,89.71600000000001
2018-02-22,90.0
2018-02-23,89.736
2018-02-26,89.883
2018-02-27,89.853
2018-02-28,90.355
2018-03-01,90.613
2018-03-02,90.324
2018-03-05,89.935
2018-03-06,90.08
2018-03-07,89.618
2018-03-08,89.637
2018-03-09,90.179
2018-03-12,90.09299999999999
2018-03-13,89.895
2018-03-14,89.664
2018-03-15,89.704
2018-03-16,90.139
2018-03-19,90.23299999999999
2018-03-20,89.765
2018-03-21,90.37100000000001
2018-03-22,89.78299999999999
2018-03-23,89.85700000000001
2018-03-26,89.436
2018-03-27,89.027
2018-03-28,89.37200000000001
2018-03-29,90.05799999999999
2018-03-30,90.15100000000001
2018-04-02,89.97399999999999
2018-04-03,90.052
2018-04-04,90.2
2018-04-05,90.14200000000001
2018-04-06,90.46
2018-04-09,90.10799999999999
2018-04-10,89.838
2018-04-11,89.587
2018-04-12,89.568
2018-04-13,89.751
2018-04-16,89.8
2018-04-17,89.425
2018-04-18,89.516
2018-04-19,89.62299999999999
2018-04-20,89.94
2018-04-23,90.316
2018-04-24,90.946
2018-04-25,90.766
2018-04-26,91.17200000000001
2018-04-27,91.561
2018-04-30,91.542
2018-05-01,91.84100000000001
2018-05-02,92.449
2018-05-03,92.512
2018-05-04,92.414
2018-05-07,92.566
2018-05-08,92.749
2018-05-09,93.12
2018-05-10,93.04
2018-05-11,92.65
2018-05-14,92.537
2018-05-15,92.587
2018-05-16,93.219
2018-05-17,93.39200000000001
2018-05-18,93.469
2018-05-21,93.637
2018-05-22,93.677
2018-05-23,93.609
2018-05-24,94.00299999999999
2018-05-25,93.775
2018-05-28,94.25299999999999
2018-05-29,94.41799999999999
2018-05-30,94.82
2018-05-31,94.069
2018-06-01,93.979
2018-06-04,94.156
2018-06-05,94.038
2018-06-06,93.876
2018-06-07,93.61399999999999
2018-06-08,93.435
2018-06-11,93.535
2018-06-12,93.60799999999999
2018-06-13,93.818
2018-06-14,93.544
2018-06-15,94.87899999999999
2018-06-18,94.788
2018-06-19,94.756
2018-06-20,95.01299999999999
2018-06-21,95.124
2018-06-22,94.86200000000001
2018-06-25,94.52
2018-06-26,94.289
2018-06-27,94.676
2018-06-28,95.29
2018-06-29,95.31200000000001
2018-07-02,94.47
2018-07-03,94.87100000000001
2018-07-04,94.59100000000001
2018-07-05,94.531
2018-07-06,94.395
2018-07-09,93.963
2018-07-10,94.07700000000001
2018-07-11,94.15799999999999
2018-07-12,94.719
2018-07-13,94.82700000000001
2018-07-16,94.677
2018-07-17,94.51100000000001
2018-07-18,94.985
2018-07-19,95.085
2018-07-20,95.164
2018-07-23,94.476
2018-07-24,94.632
2018-07-25,94.613
2018-07-26,94.23299999999999
2018-07-27,94.785
2018-07-30,94.669
2018-07-31,94.348
2018-08-01,94.554
2018-08-02,94.661
2018-08-03,95.17
2018-08-06,95.161
2018-08-07,95.35799999999999
2018-08-08,95.186
2018-08-09,95.09200000000001
2018-08-10,95.50399999999999
2018-08-13,96.35700000000001
2018-08-14,96.391
2018-08-15,96.73100000000001
2018-08-16,96.696
2018-08-17,96.645
2018-08-20,96.101
2018-08-21,95.9
2018-08-22,95.256
2018-08-23,95.146
2018-08-24,95.666
2018-08-27,95.146
2018-08-28,94.779
2018-08-29,94.72
2018-08-30,94.6
2018-08-31,94.723
2018-09-03,95.14
2018-09-04,95.14
2018-09-05,95.439
2018-09-06,95.184
2018-09-07,95.021
2018-09-10,95.365
2018-09-11,95.15
2018-09-12,95.249
2018-09-13,94.79899999999999
2018-09-14,94.51799999999999
2018-09-17,94.927
2018-09-18,94.49600000000001
2018-09-19,94.64
2018-09-20,94.537
2018-09-21,93.912
2018-09-24,94.22
2018-09-25,94.185
2018-09-26,94.133
2018-09-27,94.193
2018-09-28,94.89399999999999
2018-10-01,95.132
2018-10-02,95.29799999999999
2018-10-03,95.507
2018-10-04,95.762
2018-10-05,95.751
2018-10-08,95.624
2018-10-09,95.76100000000001
2018-10-10,95.66799999999999
2018-10-11,95.508
2018-10-12,95.01700000000001
2018-10-15,95.221
2018-10-16,95.059
2018-10-17,95.04799999999999
2018-10-18,95.575
2018-10-19,95.9
2018-10-22,95.713
2018-10-23,96.01299999999999
2018-10-24,95.961
2018-10-25,96.434
2018-10-26,96.679
2018-10-29,96.359
2018-10-30,96.579
2018-10-31,97.01100000000001
2018-11-01,97.12700000000001
2018-11-02,96.277
2018-11-05,96.542
2018-11-06,96.279
2018-11-07,96.31700000000001
2018-11-08,95.99700000000001
2018-11-09,96.72399999999999
2018-11-12,96.905
2018-11-13,97.542
2018-11-14,97.303
2018-11-15,96.803
2018-11-16,96.927
2018-11-19,96.465
2018-11-20,96.193
2018-11-21,96.836
2018-11-22,96.712
2018-11-23,96.712
2018-11-26,96.916
2018-11-27,97.074
2018-11-28,97.369
2018-11-29,96.786
2018-11-30,96.77799999999999
2018-12-03,97.272
2018-12-04,97.04
2018-12-05,96.965
2018-12-06,97.07
2018-12-07,96.81
2018-12-10,96.514
2018-12-11,97.219
2018-12-12,97.38799999999999
2018-12-13,97.044
2018-12-14,97.064
2018-12-17,97.443
2018-12-18,97.1
2018-12-19,97.104
2018-12-20,97.035
2018-12-21,96.27600000000001
2018-12-24,96.956
2018-12-25,96.553
2018-12-26,96.581
2018-12-27,97.05
2018-12-28,96.48100000000001
2018-12-31,96.402
2019-01-01,96.17299999999999
2019-01-02,96.085
2019-01-03,96.819
2019-01-04,96.305
2019-01-07,96.179
2019-01-08,95.666
2019-01-09,95.90299999999999
2019-01-10,95.219
2019-01-11,95.539
2019-01-14,95.67
2019-01-15,95.61
2019-01-16,96.039
2019-01-17,96.059
2019-01-18,96.065
2019-01-21,96.336
2019-01-22,96.336
2019-01-23,96.303
2019-01-24,96.12299999999999
2019-01-25,96.601
2019-01-28,95.794
2019-01-29,95.74600000000001
2019-01-30,95.821
2019-01-31,95.34
2019-02-01,95.57799999999999
2019-02-04,95.579
2019-02-05,95.852
2019-02-06,96.06700000000001
2019-02-07,96.39
2019-02-08,96.507
2019-02-11,96.637
2019-02-12,97.057
2019-02-13,96.709
2019-02-14,97.12899999999999
2019-02-15,96.978
2019-02-18,96.904
2019-02-19,96.904
2019-02-20,96.52
2019-02-21,96.454
2019-02-22,96.605
2019-02-25,96.507
2019-02-26,96.413
2019-02-27,96.00299999999999
2019-02-28,96.154
2019-03-01,96.15700000000001
2019-03-04,96.527
2019-03-05,96.682
2019-03-06,96.866
2019-03-07,96.87299999999999
2019-03-08,97.667
2019-03-11,97.306
2019-03-12,97.215
2019-03-13,96.935
2019-03-14,96.55
2019-03-15,96.785
2019-03-18,96.595
2019-03-19,96.524
2019-03-20,96.383
2019-03-21,95.76100000000001
2019-03-22,96.495
2019-03-25,96.65100000000001
2019-03-26,96.566
2019-03-27,96.736
2019-03-28,96.774
2019-03-29,97.20200000000001
2019-04-01,97.28399999999999
2019-04-02,97.23200000000001
2019-04-03,97.361
2019-04-04,97.09100000000001
2019-04-05,97.30799999999999
2019-04-08,97.395
2019-04-09,97.05
2019-04-10,97.006
2019-04-11,96.946
2019-04-12,97.177
2019-04-15,96.97200000000001
2019-04-16,96.94200000000001
2019-04-17,97.04299999999999
2019-04-18,97.009
2019-04-19,97.47399999999999
2019-04-22,97.37799999999999
2019-04-23,97.287
2019-04-24,97.63600000000001
2019-04-25,98.17299999999999
2019-04-26,98.20299999999999
2019-04-29,98.006
2019-04-30,97.85700000000001
2019-05-01,97.479
2019-05-02,97.686
2019-05-03,97.83200000000001
2019-05-06,97.52
2019-05-07,97.515
2019-05-08,97.62799999999999
2019-05-09,97.62299999999999
2019-05-10,97.37299999999999
2019-05-13,97.33
2019-05-14,97.319
2019-05-15,97.52600000000001
2019-05-16,97.569
2019-05-17,97.855
2019-05-20,97.995
2019-05-21,97.93299999999999
2019-05-22,98.06200000000001
2019-05-23,98.041
2019-05-24,97.85600000000001
2019-05-27,97.613
2019-05-28,97.613
2019-05-29,97.95200000000001
2019-05-30,98.14399999999999
2019-05-31,98.14200000000001
2019-06-03,97.75
2019-06-04,97.14200000000001
2019-06-05,97.072
2019-06-06,97.32
2019-06-07,97.044
2019-06-10,96.544
2019-06-11,96.76100000000001
2019-06-12,96.686
2019-06-13,97.0
2019-06-14,97.01299999999999
2019-06-17,97.572
2019-06-18,97.55799999999999
2019-06-19,97.64399999999999
2019-06-20,97.117
2019-06-21,96.62899999999999
2019-06-24,96.22
2019-06-25,95.98
2019-06-26,96.14
2019-06-27,96.214
2019-06-28,96.194
2019-07-01,96.13
2019-07-02,96.844
2019-07-03,96.726
2019-07-04,96.76799999999999
2019-07-05,96.76799999999999
2019-07-08,97.286
2019-07-09,97.384
2019-07-10,97.48899999999999
2019-07-11,97.104
2019-07-12,97.05
2019-07-15,96.81
2019-07-16,96.93299999999999
2019-07-17,97.395
2019-07-18,97.223
2019-07-19,96.794
2019-07-22,97.15100000000001
2019-07-23,97.257
2019-07-24,97.705
2019-07-25,97.729
2019-07-26,97.818
2019-07-29,98.01
2019-07-30,98.044
2019-07-31,98.05
2019-08-01,98.516
2019-08-02,98.369
2019-08-05,98.074
2019-08-06,97.522
2019-08-07,97.63
2019-08-08,97.544
2019-08-09,97.618
2019-08-12,97.491
2019-08-13,97.38
2019-08-14,97.81200000000001
2019-08-15,97.98700000000001
2019-08-16,98.14399999999999
2019-08-19,98.14200000000001
2019-08-20,98.34700000000001
2019-08-21,98.19
2019-08-22,98.295
2019-08-23,98.17
2019-08-26,97.64
2019-08-27,98.081
2019-08-28,97.999
2019-08-29,98.21
2019-08-30,98.507
2019-09-02,98.916
2019-09-03,98.916
2019-09-04,99.0
2019-09-05,98.45100000000001
2019-09-06,98.414
2019-09-09,98.39399999999999
2019-09-10,98.281
2019-09-11,98.32600000000001
2019-09-12,98.645
2019-09-13,98.309
2019-09-16,98.257
2019-09-17,98.61
2019-09-18,98.26100000000001
2019-09-19,98.561
2019-09-20,98.272
2019-09-23,98.51299999999999
2019-09-24,98.59899999999999
2019-09-25,98.337
2019-09-26,99.037
2019-09-27,99.132
2019-09-30,99.109
2019-10-01,99.37700000000001
2019-10-02,99.12799999999999
2019-10-03,99.01899999999999
2019-10-04,98.86399999999999
2019-10-07,98.80799999999999
2019-10-08,98.96700000000001
2019-10-09,99.133
2019-10-10,99.118
2019-10-11,98.70100000000001
2019-10-14,98.301
2019-10-15,98.454
2019-10-16,98.288
2019-10-17,98.00200000000001
2019-10-18,97.60700000000001
2019-10-21,97.28200000000001
2019-10-22,97.32799999999999
2019-10-23,97.52600000000001
2019-10-24,97.491
2019-10-25,97.631
2019-10-28,97.831
2019-10-29,97.764
2019-10-30,97.69
2019-10-31,97.646
2019-11-01,97.352
2019-11-04,97.23899999999999
2019-11-05,97.505
2019-11-06,97.98299999999999
2019-11-07,97.95200000000001
2019-11-08,98.14299999999999
2019-11-11,98.353
2019-11-12,98.2
2019-11-13,98.309
2019-11-14,98.37299999999999
2019-11-15,98.163
2019-11-18,97.999
2019-11-19,97.794
2019-11-20,97.85600000000001
2019-11-21,97.934
2019-11-22,97.993
2019-11-25,98.27
2019-11-26,98.323
2019-11-27,98.25200000000001
2019-11-28,98.37
2019-11-29,98.37
2019-12-02,98.273
2019-12-03,97.85600000000001
2019-12-04,97.73700000000001
2019-12-05,97.648
2019-12-06,97.41
2019-12-09,97.7
2019-12-10,97.64399999999999
2019-12-11,97.413
2019-12-12,97.07799999999999
2019-12-13,97.397
2019-12-16,97.17200000000001
2019-12-17,97.01899999999999
2019-12-18,97.22200000000001
2019-12-19,97.4
2019-12-20,97.37899999999999
2019-12-23,97.69
2019-12-24,97.65799999999999
2019-12-25,97.654
2019-12-26,97.632
2019-12-27,97.53399999999999
2019-12-30,96.919
2019-12-31,96.74
2020-01-01,96.389
2020-01-02,96.445
2020-01-03,96.846
2020-01-06,96.838
2020-01-07,96.671
2020-01-08,97.005
2020-01-09,97.29899999999999
2020-01-10,97.45
2020-01-13,97.35600000000001
2020-01-14,97.345
