Index,SHCOMP
2010-01-04,3243.76
2010-01-05,3282.179
2010-01-06,3254.215
2010-01-07,3192.776
2010-01-08,3195.998
2010-01-11,3212.75
2010-01-12,3273.966
2010-01-13,3172.658
2010-01-14,3215.55
2010-01-15,3224.152
2010-01-18,3237.098
2010-01-19,3246.8740000000003
2010-01-20,3151.85
2010-01-21,3158.863
2010-01-22,3128.5879999999997
2010-01-25,3094.4120000000003
2010-01-26,3019.3940000000002
2010-01-27,2986.607
2010-01-28,2994.143
2010-01-29,2989.292
2010-02-01,2941.36
2010-02-02,2934.7129999999997
2010-02-03,3003.8340000000003
2010-02-04,2995.308
2010-02-05,2939.402
2010-02-08,2935.1740000000004
2010-02-09,2948.842
2010-02-10,2982.4990000000003
2010-02-11,2985.4990000000003
2010-02-12,3018.133
2010-02-22,3003.3979999999997
2010-02-23,2982.575
2010-02-24,3022.177
2010-02-25,3060.618
2010-02-26,3051.9429999999998
2010-03-01,3087.842
2010-03-02,3073.1079999999997
2010-03-03,3097.005
2010-03-04,3023.3740000000003
2010-03-05,3031.065
2010-03-08,3053.232
2010-03-09,3069.1409999999996
2010-03-10,3048.927
2010-03-11,3051.282
2010-03-12,3013.4120000000003
2010-03-15,2976.9390000000003
2010-03-16,2992.841
2010-03-17,3050.4790000000003
2010-03-18,3046.0890000000004
2010-03-19,3067.75
2010-03-22,3074.5759999999996
2010-03-23,3053.1259999999997
2010-03-24,3056.8070000000002
2010-03-25,3019.175
2010-03-26,3059.716
2010-03-29,3123.798
2010-03-30,3128.468
2010-03-31,3109.105
2010-04-01,3147.415
2010-04-02,3157.9570000000003
2010-04-06,3158.6809999999996
2010-04-07,3148.222
2010-04-08,3118.7090000000003
2010-04-09,3145.347
2010-04-12,3129.263
2010-04-13,3161.2509999999997
2010-04-14,3166.183
2010-04-15,3164.966
2010-04-16,3130.302
2010-04-19,2980.297
2010-04-20,2979.532
2010-04-21,3033.278
2010-04-22,2999.4840000000004
2010-04-23,2983.5370000000003
2010-04-26,2969.5029999999997
2010-04-27,2907.928
2010-04-28,2900.3309999999997
2010-04-29,2868.4320000000002
2010-04-30,2870.611
2010-05-04,2835.277
2010-05-05,2857.151
2010-05-06,2739.702
2010-05-07,2688.382
2010-05-10,2698.757
2010-05-11,2647.573
2010-05-12,2655.7140000000004
2010-05-13,2710.508
2010-05-14,2696.6290000000004
2010-05-17,2559.931
2010-05-18,2594.783
2010-05-19,2587.8070000000002
2010-05-20,2555.94
2010-05-21,2583.522
2010-05-24,2673.423
2010-05-25,2622.63
2010-05-26,2625.7929999999997
2010-05-27,2655.9179999999997
2010-05-28,2655.7670000000003
2010-05-31,2592.146
2010-06-01,2568.283
2010-06-02,2571.423
2010-06-03,2552.656
2010-06-04,2553.593
2010-06-07,2511.729
2010-06-08,2513.947
2010-06-09,2583.87
2010-06-10,2562.581
2010-06-11,2569.9410000000003
2010-06-17,2560.245
2010-06-18,2513.222
2010-06-21,2586.209
2010-06-22,2588.698
2010-06-23,2569.8720000000003
2010-06-24,2566.745
2010-06-25,2552.817
2010-06-28,2535.278
2010-06-29,2427.053
2010-06-30,2398.37
2010-07-01,2373.792
2010-07-02,2382.901
2010-07-05,2363.947
2010-07-06,2409.424
2010-07-07,2421.117
2010-07-08,2415.15
2010-07-09,2470.923
2010-07-12,2490.718
2010-07-13,2450.285
2010-07-14,2470.44
2010-07-15,2424.304
2010-07-16,2424.271
2010-07-19,2475.4210000000003
2010-07-20,2528.729
2010-07-21,2535.394
2010-07-22,2562.406
2010-07-23,2572.028
2010-07-26,2588.683
2010-07-27,2575.368
2010-07-28,2633.663
2010-07-29,2648.116
2010-07-30,2637.502
2010-08-02,2672.5159999999996
2010-08-03,2627.002
2010-08-04,2638.522
2010-08-05,2620.757
2010-08-06,2658.3920000000003
2010-08-09,2672.532
2010-08-10,2595.2729999999997
2010-08-11,2607.4970000000003
2010-08-12,2575.475
2010-08-13,2606.7
2010-08-16,2661.708
2010-08-17,2671.893
2010-08-18,2666.301
2010-08-19,2687.9790000000003
2010-08-20,2642.3070000000002
2010-08-23,2639.366
2010-08-24,2650.3070000000002
2010-08-25,2596.58
2010-08-26,2603.481
2010-08-27,2610.742
2010-08-30,2652.664
2010-08-31,2638.798
2010-09-01,2622.882
2010-09-02,2655.776
2010-09-03,2655.3940000000002
2010-09-06,2696.25
2010-09-07,2698.363
2010-09-08,2695.2909999999997
2010-09-09,2656.3520000000003
2010-09-10,2663.2090000000003
2010-09-13,2688.32
2010-09-14,2688.5209999999997
2010-09-15,2652.5029999999997
2010-09-16,2602.465
2010-09-17,2598.689
2010-09-20,2588.7129999999997
2010-09-21,2591.55
2010-09-27,2627.967
2010-09-28,2611.354
2010-09-29,2610.678
2010-09-30,2655.658
2010-10-08,2738.744
2010-10-11,2806.942
2010-10-12,2841.407
2010-10-13,2861.361
2010-10-14,2879.636
2010-10-15,2971.16
2010-10-18,2955.2270000000003
2010-10-19,3001.853
2010-10-20,3003.9509999999996
2010-10-21,2983.532
2010-10-22,2975.0429999999997
2010-10-25,3051.4179999999997
2010-10-26,3041.5429999999997
2010-10-27,2997.048
2010-10-28,2992.579
2010-10-29,2978.835
2010-11-01,3054.0209999999997
2010-11-02,3045.434
2010-11-03,3030.988
2010-11-04,3086.9390000000003
2010-11-05,3129.4970000000003
2010-11-08,3159.512
2010-11-09,3134.9990000000003
2010-11-10,3115.3559999999998
2010-11-11,3147.744
2010-11-12,2985.435
2010-11-15,3014.413
2010-11-16,2894.538
2010-11-17,2838.857
2010-11-18,2865.452
2010-11-19,2888.566
2010-11-22,2884.3709999999996
2010-11-23,2828.282
2010-11-24,2859.935
2010-11-25,2898.262
2010-11-26,2871.698
2010-11-29,2866.3559999999998
2010-11-30,2820.1809999999996
2010-12-01,2823.449
2010-12-02,2843.607
2010-12-03,2842.43
2010-12-06,2857.177
2010-12-07,2875.861
2010-12-08,2848.546
2010-12-09,2810.949
2010-12-10,2841.04
2010-12-13,2922.954
2010-12-14,2927.077
2010-12-15,2911.414
2010-12-16,2898.138
2010-12-17,2893.74
2010-12-20,2852.9159999999997
2010-12-21,2904.115
2010-12-22,2877.8990000000003
2010-12-23,2855.22
2010-12-24,2835.157
2010-12-27,2781.402
2010-12-28,2732.99
2010-12-29,2751.527
2010-12-30,2759.575
2010-12-31,2808.077
2011-01-04,2852.6479999999997
2011-01-05,2838.593
2011-01-06,2824.197
2011-01-07,2838.801
2011-01-10,2791.809
2011-01-11,2804.047
2011-01-12,2821.305
2011-01-13,2827.7129999999997
2011-01-14,2791.344
2011-01-17,2706.66
2011-01-18,2708.9790000000003
2011-01-19,2758.097
2011-01-20,2677.653
2011-01-21,2715.2940000000003
2011-01-24,2695.72
2011-01-25,2677.4320000000002
2011-01-26,2708.8140000000003
2011-01-27,2749.15
2011-01-28,2752.7490000000003
2011-01-31,2790.6940000000004
2011-02-01,2798.96
2011-02-09,2774.065
2011-02-10,2818.163
2011-02-11,2827.328
2011-02-14,2899.134
2011-02-15,2899.237
2011-02-16,2923.8959999999997
2011-02-17,2926.9640000000004
2011-02-18,2899.792
2011-02-21,2932.2459999999996
2011-02-22,2855.5159999999996
2011-02-23,2862.634
2011-02-24,2878.603
2011-02-25,2878.565
2011-02-28,2905.053
2011-03-01,2918.92
2011-03-02,2913.808
2011-03-03,2902.978
2011-03-04,2942.3059999999996
2011-03-07,2996.21
2011-03-08,2999.942
2011-03-09,3002.1540000000005
2011-03-10,2957.143
2011-03-11,2933.796
2011-03-14,2937.6259999999997
2011-03-15,2896.256
2011-03-16,2930.804
2011-03-17,2897.298
2011-03-18,2906.886
2011-03-21,2909.137
2011-03-22,2919.1420000000003
2011-03-23,2948.4770000000003
2011-03-24,2946.7059999999997
2011-03-25,2977.8140000000003
2011-03-28,2984.005
2011-03-29,2958.077
2011-03-30,2955.7709999999997
2011-03-31,2928.111
2011-04-01,2967.41
2011-04-06,3001.36
2011-04-07,3007.909
2011-04-08,3030.0209999999997
2011-04-11,3022.7459999999996
2011-04-12,3021.369
2011-04-13,3050.397
2011-04-14,3042.635
2011-04-15,3050.526
2011-04-18,3057.329
2011-04-19,2999.0409999999997
2011-04-20,3007.0370000000003
2011-04-21,3026.6679999999997
2011-04-22,3010.5170000000003
2011-04-25,2964.9509999999996
2011-04-26,2938.9809999999998
2011-04-27,2925.408
2011-04-28,2887.0429999999997
2011-04-29,2911.51
2011-05-03,2932.188
2011-05-04,2866.0170000000003
2011-05-05,2872.4040000000005
2011-05-06,2863.887
2011-05-09,2872.46
2011-05-10,2890.634
2011-05-11,2883.42
2011-05-12,2844.0820000000003
2011-05-13,2871.031
2011-05-16,2849.067
2011-05-17,2852.7729999999997
2011-05-18,2872.7709999999997
2011-05-19,2859.574
2011-05-20,2858.4590000000003
2011-05-23,2774.5690000000004
2011-05-24,2767.0559999999996
2011-05-25,2741.741
2011-05-26,2736.526
2011-05-27,2709.947
2011-05-30,2706.361
2011-05-31,2743.472
2011-06-01,2743.572
2011-06-02,2705.1809999999996
2011-06-03,2728.02
2011-06-07,2744.301
2011-06-08,2750.288
2011-06-09,2703.345
2011-06-10,2705.143
2011-06-13,2700.3790000000004
2011-06-14,2730.04
2011-06-15,2705.4309999999996
2011-06-16,2664.282
2011-06-17,2642.8179999999998
2011-06-20,2621.2529999999997
2011-06-21,2646.4829999999997
2011-06-22,2649.321
2011-06-23,2688.2490000000003
2011-06-24,2746.211
2011-06-27,2758.2309999999998
2011-06-28,2759.202
2011-06-29,2728.4829999999997
2011-06-30,2762.0759999999996
2011-07-01,2759.362
2011-07-04,2812.8179999999998
2011-07-05,2816.3540000000003
2011-07-06,2810.4790000000003
2011-07-07,2794.2670000000003
2011-07-08,2797.7729999999997
2011-07-11,2802.692
2011-07-12,2754.5820000000003
2011-07-13,2795.4759999999997
2011-07-14,2810.4440000000004
2011-07-15,2820.1690000000003
2011-07-18,2816.688
2011-07-19,2796.9829999999997
2011-07-20,2794.205
2011-07-21,2765.8940000000002
2011-07-22,2770.79
2011-07-25,2688.7459999999996
2011-07-26,2703.026
2011-07-27,2723.492
2011-07-28,2708.777
2011-07-29,2701.7290000000003
2011-08-01,2703.783
2011-08-02,2679.259
2011-08-03,2678.485
2011-08-04,2684.039
2011-08-05,2626.423
2011-08-08,2526.8160000000003
2011-08-09,2526.069
2011-08-10,2549.176
2011-08-11,2581.508
2011-08-12,2593.173
2011-08-15,2626.77
2011-08-16,2608.166
2011-08-17,2601.261
2011-08-18,2559.472
2011-08-19,2534.3579999999997
2011-08-22,2515.863
2011-08-23,2554.019
2011-08-24,2541.091
2011-08-25,2615.261
2011-08-26,2612.188
2011-08-29,2576.413
2011-08-30,2566.595
2011-08-31,2567.34
2011-09-01,2556.0429999999997
2011-09-02,2528.28
2011-09-05,2478.739
2011-09-06,2470.524
2011-09-07,2516.09
2011-09-08,2498.9429999999998
2011-09-09,2497.7529999999997
2011-09-13,2471.305
2011-09-14,2484.827
2011-09-15,2479.054
2011-09-16,2482.343
2011-09-19,2437.795
2011-09-20,2447.755
2011-09-21,2512.9629999999997
2011-09-22,2443.056
2011-09-23,2433.159
2011-09-26,2393.183
2011-09-27,2415.054
2011-09-28,2392.062
2011-09-29,2365.343
2011-09-30,2359.22
2011-10-10,2344.7870000000003
2011-10-11,2348.516
2011-10-12,2420.0
2011-10-13,2438.79
2011-10-14,2431.374
2011-10-17,2440.402
2011-10-18,2383.485
2011-10-19,2377.512
2011-10-20,2331.366
2011-10-21,2317.275
2011-10-24,2370.333
2011-10-25,2409.672
2011-10-26,2427.48
2011-10-27,2435.615
2011-10-28,2473.41
2011-10-31,2468.25
2011-11-01,2470.019
2011-11-02,2504.1079999999997
2011-11-03,2508.089
2011-11-04,2528.294
2011-11-07,2509.799
2011-11-08,2503.8360000000002
2011-11-09,2524.919
2011-11-10,2479.536
2011-11-11,2481.084
2011-11-14,2528.714
2011-11-15,2529.761
2011-11-16,2466.959
2011-11-17,2463.0460000000003
2011-11-18,2416.562
2011-11-21,2415.13
2011-11-22,2412.625
2011-11-23,2395.064
2011-11-24,2397.554
2011-11-25,2380.224
2011-11-28,2383.034
2011-11-29,2412.393
2011-11-30,2333.4139999999998
2011-12-01,2386.861
2011-12-02,2360.6639999999998
2011-12-05,2333.229
2011-12-06,2325.905
2011-12-07,2332.73
2011-12-08,2329.82
2011-12-09,2315.27
2011-12-12,2291.545
2011-12-13,2248.59
2011-12-14,2228.525
2011-12-15,2180.895
2011-12-16,2224.84
2011-12-19,2218.235
2011-12-20,2215.93
2011-12-21,2191.1479999999997
2011-12-22,2186.2960000000003
2011-12-23,2204.784
2011-12-26,2190.11
2011-12-27,2166.205
2011-12-28,2170.013
2011-12-29,2173.561
2011-12-30,2199.417
2012-01-04,2169.39
2012-01-05,2148.452
2012-01-06,2163.395
2012-01-09,2225.89
2012-01-10,2285.744
2012-01-11,2276.0460000000003
2012-01-12,2275.01
2012-01-13,2244.58
2012-01-16,2206.1929999999998
2012-01-17,2298.376
2012-01-18,2266.384
2012-01-19,2296.075
2012-01-20,2319.118
2012-01-30,2285.038
2012-01-31,2292.61
2012-02-01,2268.08
2012-02-02,2312.556
2012-02-03,2330.405
2012-02-06,2331.136
2012-02-07,2291.902
2012-02-08,2347.53
2012-02-09,2349.589
2012-02-10,2351.981
2012-02-13,2351.854
2012-02-14,2344.771
2012-02-15,2366.702
2012-02-16,2356.86
2012-02-17,2357.181
2012-02-20,2363.597
2012-02-21,2381.43
2012-02-22,2403.587
2012-02-23,2409.554
2012-02-24,2439.627
2012-02-27,2447.0570000000002
2012-02-28,2451.857
2012-02-29,2428.487
2012-03-01,2426.115
2012-03-02,2460.6929999999998
2012-03-05,2445.002
2012-03-06,2410.445
2012-03-07,2394.794
2012-03-08,2420.276
2012-03-09,2439.462
2012-03-12,2434.859
2012-03-13,2455.795
2012-03-14,2391.23
2012-03-15,2373.774
2012-03-16,2404.736
2012-03-19,2410.1839999999997
2012-03-20,2376.839
2012-03-21,2378.195
2012-03-22,2375.772
2012-03-23,2349.5389999999998
2012-03-26,2350.599
2012-03-27,2347.179
2012-03-28,2284.881
2012-03-29,2252.16
2012-03-30,2262.7889999999998
2012-04-05,2302.241
2012-04-06,2306.553
2012-04-09,2285.777
2012-04-10,2305.863
2012-04-11,2308.925
2012-04-12,2350.864
2012-04-13,2359.161
2012-04-16,2357.026
2012-04-17,2334.985
2012-04-18,2380.848
2012-04-19,2378.634
2012-04-20,2406.863
2012-04-23,2388.5879999999997
2012-04-24,2388.834
2012-04-25,2406.813
2012-04-26,2404.697
2012-04-27,2396.3160000000003
2012-05-02,2438.436
2012-05-03,2440.08
2012-05-04,2452.014
2012-05-07,2451.947
2012-05-08,2448.884
2012-05-09,2408.587
2012-05-10,2410.229
2012-05-11,2394.9829999999997
2012-05-14,2380.725
2012-05-15,2374.843
2012-05-16,2346.192
2012-05-17,2378.886
2012-05-18,2344.52
2012-05-21,2348.3
2012-05-22,2373.306
2012-05-23,2363.437
2012-05-24,2350.973
2012-05-25,2333.553
2012-05-28,2361.367
2012-05-29,2389.636
2012-05-30,2384.6679999999997
2012-05-31,2372.234
2012-06-01,2373.436
2012-06-04,2308.55
2012-06-05,2311.916
2012-06-06,2309.555
2012-06-07,2293.13
2012-06-08,2281.447
2012-06-11,2305.856
2012-06-12,2289.791
2012-06-13,2318.924
2012-06-14,2295.946
2012-06-15,2306.85
2012-06-18,2316.052
2012-06-19,2300.795
2012-06-20,2292.877
2012-06-21,2260.877
2012-06-25,2224.114
2012-06-26,2222.067
2012-06-27,2216.9339999999997
2012-06-28,2195.843
2012-06-29,2225.431
2012-07-02,2226.11
2012-07-03,2229.192
2012-07-04,2227.314
2012-07-05,2201.353
2012-07-06,2223.5789999999997
2012-07-09,2170.814
2012-07-10,2164.438
2012-07-11,2175.383
2012-07-12,2185.491
2012-07-13,2185.895
2012-07-16,2147.955
2012-07-17,2161.186
2012-07-18,2169.099
2012-07-19,2184.841
2012-07-20,2168.638
2012-07-23,2141.401
2012-07-24,2146.5879999999997
2012-07-25,2136.151
2012-07-26,2126.004
2012-07-27,2128.765
2012-07-30,2109.9139999999998
2012-07-31,2103.635
2012-08-01,2123.36
2012-08-02,2111.1820000000002
2012-08-03,2132.7960000000003
2012-08-06,2154.916
2012-08-07,2157.62
2012-08-08,2160.99
2012-08-09,2174.1020000000003
2012-08-10,2168.814
2012-08-13,2136.078
2012-08-14,2142.524
2012-08-15,2118.945
2012-08-16,2112.197
2012-08-17,2114.891
2012-08-20,2106.9570000000003
2012-08-21,2118.268
2012-08-22,2107.7110000000002
2012-08-23,2113.072
2012-08-24,2092.104
2012-08-27,2055.709
2012-08-28,2073.154
2012-08-29,2053.235
2012-08-30,2052.585
2012-08-31,2047.5220000000002
2012-09-03,2059.147
2012-09-04,2043.649
2012-09-05,2037.681
2012-09-06,2051.9179999999997
2012-09-07,2127.762
2012-09-10,2134.893
2012-09-11,2120.554
2012-09-12,2126.554
2012-09-13,2110.379
2012-09-14,2123.847
2012-09-17,2078.499
2012-09-18,2059.5429999999997
2012-09-19,2067.831
2012-09-20,2024.8370000000002
2012-09-21,2026.69
2012-09-24,2033.191
2012-09-25,2029.293
2012-09-26,2004.172
2012-09-27,2056.323
2012-09-28,2086.169
2012-10-08,2074.419
2012-10-09,2115.229
2012-10-10,2119.942
2012-10-11,2102.868
2012-10-12,2104.9320000000002
2012-10-15,2098.703
2012-10-16,2098.808
2012-10-17,2105.618
2012-10-18,2131.688
2012-10-19,2128.302
2012-10-22,2132.758
2012-10-23,2114.447
2012-10-24,2115.99
2012-10-25,2101.58
2012-10-26,2066.209
2012-10-29,2058.9429999999998
2012-10-30,2062.347
2012-10-31,2068.88
2012-11-01,2104.427
2012-11-02,2117.0460000000003
2012-11-05,2114.027
2012-11-06,2105.999
2012-11-07,2105.73
2012-11-08,2071.509
2012-11-09,2069.067
2012-11-12,2079.2729999999997
2012-11-13,2047.889
2012-11-14,2055.419
2012-11-15,2030.29
2012-11-16,2014.725
2012-11-19,2016.9820000000002
2012-11-20,2008.9229999999998
2012-11-21,2030.319
2012-11-22,2015.611
2012-11-23,2027.384
2012-11-26,2017.464
2012-11-27,1991.165
2012-11-28,1973.523
2012-11-29,1963.4879999999998
2012-11-30,1980.1170000000002
2012-12-03,1959.767
2012-12-04,1975.1429999999998
2012-12-05,2031.9070000000002
2012-12-06,2029.237
2012-12-07,2061.786
2012-12-10,2083.77
2012-12-11,2074.7039999999997
2012-12-12,2082.726
2012-12-13,2061.476
2012-12-14,2150.625
2012-12-17,2160.342
2012-12-18,2162.464
2012-12-19,2162.238
2012-12-20,2168.353
2012-12-21,2153.31
2012-12-24,2159.053
2012-12-25,2213.611
2012-12-26,2219.132
2012-12-27,2205.897
2012-12-28,2233.252
2012-12-31,2269.1279999999997
2013-01-04,2276.992
2013-01-07,2285.364
2013-01-08,2276.07
2013-01-09,2275.34
2013-01-10,2283.657
2013-01-11,2242.9970000000003
2013-01-14,2311.74
2013-01-15,2325.6820000000002
2013-01-16,2309.499
2013-01-17,2284.909
2013-01-18,2317.07
2013-01-21,2328.221
2013-01-22,2315.139
2013-01-23,2320.911
2013-01-24,2302.598
2013-01-25,2291.304
2013-01-28,2346.505
2013-01-29,2358.9770000000003
2013-01-30,2382.475
2013-01-31,2385.422
2013-02-01,2419.02
2013-02-04,2428.154
2013-02-05,2433.13
2013-02-06,2434.4770000000003
2013-02-07,2418.53
2013-02-08,2432.402
2013-02-18,2421.558
2013-02-19,2382.9139999999998
2013-02-20,2397.178
2013-02-21,2325.951
2013-02-22,2314.1639999999998
2013-02-25,2325.819
2013-02-26,2293.341
2013-02-27,2313.22
2013-02-28,2365.593
2013-03-01,2359.506
2013-03-04,2273.404
2013-03-05,2326.306
2013-03-06,2347.179
2013-03-07,2324.2929999999997
2013-03-08,2318.611
2013-03-11,2310.593
2013-03-12,2286.605
2013-03-13,2263.968
2013-03-14,2270.277
2013-03-15,2278.401
2013-03-18,2240.016
2013-03-19,2257.4339999999997
2013-03-20,2317.374
2013-03-21,2324.242
2013-03-22,2328.278
2013-03-25,2326.715
2013-03-26,2297.669
2013-03-27,2301.259
2013-03-28,2236.302
2013-03-29,2236.621
2013-04-01,2234.395
2013-04-02,2227.74
2013-04-03,2225.295
2013-04-08,2211.592
2013-04-09,2225.775
2013-04-10,2226.126
2013-04-11,2219.553
2013-04-12,2206.78
2013-04-15,2181.9410000000003
2013-04-16,2194.845
2013-04-17,2193.795
2013-04-18,2197.6020000000003
2013-04-19,2244.643
2013-04-22,2242.169
2013-04-23,2184.538
2013-04-24,2218.3179999999998
2013-04-25,2199.3070000000002
2013-04-26,2177.9120000000003
2013-05-02,2174.123
2013-05-03,2205.4970000000003
2013-05-06,2231.166
2013-05-07,2235.574
2013-05-08,2246.3
2013-05-09,2232.971
2013-05-10,2246.831
2013-05-13,2241.92
2013-05-14,2217.01
2013-05-15,2224.798
2013-05-16,2251.805
2013-05-17,2282.87
2013-05-20,2299.986
2013-05-21,2305.113
2013-05-22,2302.403
2013-05-23,2275.666
2013-05-24,2288.533
2013-05-27,2293.077
2013-05-28,2321.3179999999998
2013-05-29,2324.0170000000003
2013-05-30,2317.749
2013-05-31,2300.595
2013-06-03,2299.252
2013-06-04,2272.416
2013-06-05,2270.931
2013-06-06,2242.109
2013-06-07,2210.8979999999997
2013-06-13,2148.355
2013-06-14,2162.041
2013-06-17,2156.215
2013-06-18,2159.291
2013-06-19,2143.4539999999997
2013-06-20,2084.021
2013-06-21,2073.095
2013-06-24,1963.235
2013-06-25,1959.5079999999998
2013-06-26,1951.495
2013-06-27,1950.0120000000002
2013-06-28,1979.2060000000001
2013-07-01,1995.2420000000002
2013-07-02,2006.56
2013-07-03,1994.2679999999998
2013-07-04,2006.098
2013-07-05,2007.1989999999998
2013-07-08,1958.273
2013-07-09,1965.454
2013-07-10,2008.126
2013-07-11,2072.991
2013-07-12,2039.486
2013-07-15,2059.39
2013-07-16,2065.72
2013-07-17,2044.922
2013-07-18,2023.396
2013-07-19,1992.648
2013-07-22,2004.7620000000002
2013-07-23,2043.876
2013-07-24,2033.329
2013-07-25,2021.174
2013-07-26,2010.85
2013-07-29,1976.306
2013-07-30,1990.0639999999999
2013-07-31,1993.799
2013-08-01,2029.067
2013-08-02,2029.418
2013-08-05,2050.481
2013-08-06,2060.5
2013-08-07,2046.7779999999998
2013-08-08,2044.895
2013-08-09,2052.235
2013-08-12,2101.283
2013-08-13,2106.156
2013-08-14,2100.137
2013-08-15,2081.88
2013-08-16,2068.452
2013-08-19,2085.6020000000003
2013-08-20,2072.595
2013-08-21,2072.9610000000002
2013-08-22,2067.124
2013-08-23,2057.458
2013-08-26,2096.474
2013-08-27,2103.567
2013-08-28,2101.301
2013-08-29,2097.2270000000003
2013-08-30,2098.382
2013-09-02,2098.448
2013-09-03,2123.112
2013-09-04,2127.618
2013-09-05,2122.43
2013-09-06,2139.993
2013-09-09,2212.516
2013-09-10,2237.984
2013-09-11,2241.268
2013-09-12,2255.604
2013-09-13,2236.218
2013-09-16,2231.401
2013-09-17,2185.56
2013-09-18,2191.851
2013-09-23,2221.044
2013-09-24,2207.531
2013-09-25,2198.515
2013-09-26,2155.8089999999997
2013-09-27,2160.027
2013-09-30,2174.665
2013-10-08,2198.199
2013-10-09,2211.769
2013-10-10,2190.929
2013-10-11,2228.146
2013-10-14,2237.7729999999997
2013-10-15,2233.413
2013-10-16,2193.074
2013-10-17,2188.542
2013-10-18,2193.78
2013-10-21,2229.238
2013-10-22,2210.652
2013-10-23,2183.107
2013-10-24,2164.322
2013-10-25,2132.955
2013-10-28,2133.869
2013-10-29,2128.864
2013-10-30,2160.4629999999997
2013-10-31,2141.614
2013-11-01,2149.562
2013-11-04,2149.635
2013-11-05,2157.24
2013-11-06,2139.607
2013-11-07,2129.4
2013-11-08,2106.127
2013-11-11,2109.471
2013-11-12,2126.772
2013-11-13,2087.9410000000003
2013-11-14,2100.506
2013-11-15,2135.827
2013-11-18,2197.219
2013-11-19,2193.125
2013-11-20,2206.613
2013-11-21,2205.766
2013-11-22,2196.3779999999997
2013-11-25,2186.115
2013-11-26,2183.073
2013-11-27,2201.07
2013-11-28,2219.3720000000003
2013-11-29,2220.504
2013-12-02,2207.371
2013-12-03,2222.67
2013-12-04,2251.762
2013-12-05,2247.063
2013-12-06,2237.1079999999997
2013-12-09,2238.2
2013-12-10,2237.492
2013-12-11,2204.166
2013-12-12,2202.7960000000003
2013-12-13,2196.075
2013-12-16,2160.861
2013-12-17,2151.0789999999997
2013-12-18,2148.285
2013-12-19,2127.792
2013-12-20,2084.794
2013-12-23,2089.7070000000003
2013-12-24,2092.905
2013-12-25,2106.354
2013-12-26,2073.099
2013-12-27,2101.251
2013-12-30,2097.529
2013-12-31,2115.978
2014-01-02,2109.387
2014-01-03,2083.135
2014-01-06,2045.7079999999999
2014-01-07,2047.317
2014-01-08,2044.34
2014-01-09,2027.622
2014-01-10,2013.2979999999998
2014-01-13,2009.5639999999999
2014-01-14,2026.842
2014-01-15,2023.348
2014-01-16,2023.701
2014-01-17,2004.9489999999998
2014-01-20,1991.253
2014-01-21,2008.3129999999999
2014-01-22,2051.749
2014-01-23,2042.18
2014-01-24,2054.3920000000003
2014-01-27,2033.3
2014-01-28,2038.513
2014-01-29,2049.9139999999998
2014-01-30,2033.0829999999999
2014-02-07,2044.497
2014-02-10,2086.067
2014-02-11,2103.6710000000003
2014-02-12,2109.955
2014-02-13,2098.401
2014-02-14,2115.848
2014-02-17,2135.415
2014-02-18,2119.065
2014-02-19,2142.554
2014-02-20,2138.782
2014-02-21,2113.6929999999998
2014-02-24,2076.686
2014-02-25,2034.219
2014-02-26,2041.254
2014-02-27,2047.354
2014-02-28,2056.302
2014-03-03,2075.235
2014-03-04,2071.473
2014-03-05,2053.084
2014-03-06,2059.578
2014-03-07,2057.908
2014-03-10,1999.065
2014-03-11,2001.1570000000002
2014-03-12,1997.692
2014-03-13,2019.111
2014-03-14,2004.339
2014-03-17,2023.672
2014-03-18,2025.1960000000001
2014-03-19,2021.734
2014-03-20,1993.479
2014-03-21,2047.619
2014-03-24,2066.279
2014-03-25,2067.311
2014-03-26,2063.67
2014-03-27,2046.588
2014-03-28,2041.7120000000002
2014-03-31,2033.306
2014-04-01,2047.46
2014-04-02,2058.988
2014-04-03,2043.7020000000002
2014-04-04,2058.831
2014-04-08,2098.284
2014-04-09,2105.237
2014-04-10,2134.3
2014-04-11,2130.542
2014-04-14,2131.5389999999998
2014-04-15,2101.601
2014-04-16,2105.121
2014-04-17,2098.885
2014-04-18,2097.748
2014-04-21,2065.826
2014-04-22,2072.831
2014-04-23,2067.382
2014-04-24,2057.033
2014-04-25,2036.519
2014-04-28,2003.487
2014-04-29,2020.3410000000001
2014-04-30,2026.358
2014-05-05,2027.3529999999998
2014-05-06,2028.0379999999998
2014-05-07,2010.0829999999999
2014-05-08,2015.274
2014-05-09,2011.135
2014-05-12,2052.871
2014-05-13,2050.728
2014-05-14,2047.91
2014-05-15,2024.974
2014-05-16,2026.504
2014-05-19,2005.183
2014-05-20,2008.119
2014-05-21,2024.951
2014-05-22,2021.285
2014-05-23,2034.569
2014-05-26,2041.476
2014-05-27,2034.565
2014-05-28,2050.228
2014-05-29,2040.595
2014-05-30,2039.213
2014-06-03,2038.305
2014-06-04,2024.8339999999998
2014-06-05,2040.878
2014-06-06,2029.9560000000001
2014-06-09,2030.5020000000002
2014-06-10,2052.532
2014-06-11,2054.948
2014-06-12,2051.7129999999997
2014-06-13,2070.715
2014-06-16,2085.9829999999997
2014-06-17,2066.698
2014-06-18,2055.519
2014-06-19,2023.735
2014-06-20,2026.674
2014-06-23,2024.366
2014-06-24,2033.931
2014-06-25,2025.5020000000002
2014-06-26,2038.6770000000001
2014-06-27,2036.51
2014-06-30,2048.327
2014-07-01,2050.381
2014-07-02,2059.4179999999997
2014-07-03,2063.229
2014-07-04,2059.374
2014-07-07,2059.927
2014-07-08,2064.021
2014-07-09,2038.612
2014-07-10,2038.342
2014-07-11,2046.961
2014-07-14,2066.646
2014-07-15,2070.357
2014-07-16,2067.276
2014-07-17,2055.591
2014-07-18,2059.067
2014-07-21,2054.479
2014-07-22,2075.481
2014-07-23,2078.49
2014-07-24,2105.062
2014-07-25,2126.614
2014-07-28,2177.948
2014-07-29,2183.192
2014-07-30,2181.243
2014-07-31,2201.562
2014-08-01,2185.303
2014-08-04,2223.331
2014-08-05,2219.945
2014-08-06,2217.465
2014-08-07,2187.669
2014-08-08,2194.425
2014-08-11,2224.653
2014-08-12,2221.595
2014-08-13,2222.877
2014-08-14,2206.466
2014-08-15,2226.7329999999997
2014-08-18,2239.466
2014-08-19,2245.33
2014-08-20,2240.2110000000002
2014-08-21,2230.458
2014-08-22,2240.812
2014-08-25,2229.274
2014-08-26,2207.106
2014-08-27,2209.465
2014-08-28,2195.8179999999998
2014-08-29,2217.2
2014-09-01,2235.511
2014-09-02,2266.0460000000003
2014-09-03,2288.626
2014-09-04,2306.862
2014-09-05,2326.4320000000002
2014-09-09,2326.527
2014-09-10,2318.305
2014-09-11,2311.679
2014-09-12,2331.95
2014-09-15,2339.14
2014-09-16,2296.555
2014-09-17,2307.893
2014-09-18,2315.927
2014-09-19,2329.451
2014-09-22,2289.865
2014-09-23,2309.718
2014-09-24,2343.575
2014-09-25,2345.103
2014-09-26,2347.718
2014-09-29,2357.71
2014-09-30,2363.87
2014-10-08,2382.794
2014-10-09,2389.371
2014-10-10,2374.54
2014-10-13,2366.009
2014-10-14,2359.475
2014-10-15,2373.67
2014-10-16,2356.499
2014-10-17,2341.1839999999997
2014-10-20,2356.728
2014-10-21,2339.657
2014-10-22,2326.553
2014-10-23,2302.4179999999997
2014-10-24,2302.28
2014-10-27,2290.437
2014-10-28,2337.871
2014-10-29,2373.03
2014-10-30,2391.076
2014-10-31,2420.178
2014-11-03,2430.032
2014-11-04,2430.677
2014-11-05,2419.254
2014-11-06,2425.864
2014-11-07,2418.1710000000003
2014-11-10,2473.673
2014-11-11,2469.673
2014-11-12,2494.476
2014-11-13,2485.606
2014-11-14,2478.824
2014-11-17,2474.009
2014-11-18,2456.366
2014-11-19,2450.986
2014-11-20,2452.66
2014-11-21,2486.791
2014-11-24,2532.879
2014-11-25,2567.597
2014-11-26,2604.345
2014-11-27,2630.486
2014-11-28,2682.835
2014-12-01,2680.155
2014-12-02,2763.545
2014-12-03,2779.525
2014-12-04,2899.4559999999997
2014-12-05,2937.647
2014-12-08,3020.259
2014-12-09,2856.2690000000002
2014-12-10,2940.006
2014-12-11,2925.743
2014-12-12,2938.173
2014-12-15,2953.421
2014-12-16,3021.518
2014-12-17,3061.02
2014-12-18,3057.5209999999997
2014-12-19,3108.5959999999995
2014-12-22,3127.445
2014-12-23,3032.612
2014-12-24,2972.532
2014-12-25,3072.5359999999996
2014-12-26,3157.603
2014-12-29,3168.0159999999996
2014-12-30,3165.8140000000003
2014-12-31,3234.677
2015-01-05,3350.5190000000002
2015-01-06,3351.446
2015-01-07,3373.954
2015-01-08,3293.4559999999997
2015-01-09,3285.4120000000003
2015-01-12,3229.316
2015-01-13,3235.301
2015-01-14,3222.437
2015-01-15,3336.455
2015-01-16,3376.495
2015-01-19,3116.35
2015-01-20,3173.052
2015-01-21,3323.611
2015-01-22,3343.343
2015-01-23,3351.764
2015-01-26,3383.1820000000002
2015-01-27,3352.96
2015-01-28,3305.738
2015-01-29,3262.305
2015-01-30,3210.363
2015-02-02,3128.3
2015-02-03,3204.907
2015-02-04,3174.1259999999997
2015-02-05,3136.531
2015-02-06,3075.907
2015-02-09,3095.1240000000003
2015-02-10,3141.593
2015-02-11,3157.704
2015-02-12,3173.4159999999997
2015-02-13,3203.827
2015-02-16,3222.363
2015-02-17,3246.905
2015-02-25,3228.843
2015-02-26,3298.3579999999997
2015-02-27,3310.303
2015-03-02,3336.285
2015-03-03,3263.052
2015-03-04,3279.532
2015-03-05,3248.4759999999997
2015-03-06,3241.188
2015-03-09,3302.408
2015-03-10,3286.0679999999998
2015-03-11,3290.9
2015-03-12,3349.323
2015-03-13,3372.9109999999996
2015-03-16,3449.305
2015-03-17,3502.847
2015-03-18,3577.302
2015-03-19,3582.2709999999997
2015-03-20,3617.3179999999998
2015-03-23,3687.728
2015-03-24,3691.41
2015-03-25,3660.7270000000003
2015-03-26,3682.095
2015-03-27,3691.0959999999995
2015-03-30,3786.5679999999998
2015-03-31,3747.8990000000003
2015-04-01,3810.2940000000003
2015-04-02,3825.784
2015-04-03,3863.929
2015-04-07,3961.3779999999997
2015-04-08,3994.8109999999997
2015-04-09,3957.534
2015-04-10,4034.309
2015-04-13,4121.714
2015-04-14,4135.565
2015-04-15,4084.163
2015-04-16,4194.822
2015-04-17,4287.295
2015-04-20,4217.0779999999995
2015-04-21,4293.623
2015-04-22,4398.495
2015-04-23,4414.5070000000005
2015-04-24,4393.686
2015-04-27,4527.396
2015-04-28,4476.214
2015-04-29,4476.62
2015-04-30,4441.655
2015-05-04,4480.464
2015-05-05,4298.706
2015-05-06,4229.266
2015-05-07,4112.214
2015-05-08,4205.917
2015-05-11,4333.583
2015-05-12,4401.22
2015-05-13,4375.76
2015-05-14,4378.311
2015-05-15,4308.691
2015-05-18,4283.491
2015-05-19,4417.552
2015-05-20,4446.288
2015-05-21,4529.420999999999
2015-05-22,4657.596
2015-05-25,4813.7970000000005
2015-05-26,4910.897
2015-05-27,4941.714
2015-05-28,4620.266
2015-05-29,4611.744000000001
2015-06-01,4828.738
2015-06-02,4910.527
2015-06-03,4909.978
2015-06-04,4947.102
2015-06-05,5023.095
2015-06-08,5131.880999999999
2015-06-09,5113.534000000001
2015-06-10,5106.036
2015-06-11,5121.593
2015-06-12,5166.35
2015-06-15,5062.9929999999995
2015-06-16,4887.432
2015-06-17,4967.898
2015-06-18,4785.356
2015-06-19,4478.3640000000005
2015-06-23,4576.492
2015-06-24,4690.15
2015-06-25,4527.779
2015-06-26,4192.873
2015-06-29,4053.03
2015-06-30,4277.222
2015-07-01,4053.7
2015-07-02,3912.7670000000003
2015-07-03,3686.915
2015-07-06,3775.9120000000003
2015-07-07,3727.125
2015-07-08,3507.192
2015-07-09,3709.3309999999997
2015-07-10,3877.803
2015-07-13,3970.388
2015-07-14,3924.487
2015-07-15,3805.703
2015-07-16,3823.175
2015-07-17,3957.3520000000003
2015-07-20,3992.1090000000004
2015-07-21,4017.675
2015-07-22,4026.045
2015-07-23,4123.923
2015-07-24,4070.908
2015-07-27,3725.558
2015-07-28,3663.002
2015-07-29,3789.1679999999997
2015-07-30,3705.7659999999996
2015-07-31,3663.725
2015-08-03,3622.905
2015-08-04,3756.545
2015-08-05,3694.573
2015-08-06,3661.539
2015-08-07,3744.205
2015-08-10,3928.415
2015-08-11,3927.908
2015-08-12,3886.32
2015-08-13,3954.5559999999996
2015-08-14,3965.335
2015-08-17,3993.6679999999997
2015-08-18,3748.164
2015-08-19,3794.1090000000004
2015-08-20,3664.2909999999997
2015-08-21,3507.744
2015-08-24,3209.905
2015-08-25,2964.967
2015-08-26,2927.288
2015-08-27,3083.591
2015-08-28,3232.349
2015-08-31,3205.986
2015-09-01,3166.6240000000003
2015-09-02,3160.167
2015-09-07,3080.42
2015-09-08,3170.452
2015-09-09,3243.0890000000004
2015-09-10,3197.893
2015-09-11,3200.2340000000004
2015-09-14,3114.798
2015-09-15,3005.172
2015-09-16,3152.263
2015-09-17,3086.0609999999997
2015-09-18,3097.917
2015-09-21,3156.54
2015-09-22,3185.619
2015-09-23,3115.888
2015-09-24,3142.687
2015-09-25,3092.347
2015-09-28,3100.756
2015-09-29,3038.137
2015-09-30,3052.782
2015-10-08,3143.357
2015-10-09,3183.152
2015-10-12,3287.6620000000003
2015-10-13,3293.23
2015-10-14,3262.441
2015-10-15,3338.073
2015-10-16,3391.3520000000003
2015-10-19,3386.7
2015-10-20,3425.33
2015-10-21,3320.676
2015-10-22,3368.739
2015-10-23,3412.434
2015-10-26,3429.5809999999997
2015-10-27,3434.336
2015-10-28,3375.196
2015-10-29,3387.315
2015-10-30,3382.5609999999997
2015-11-02,3325.0840000000003
2015-11-03,3316.695
2015-11-04,3459.64
2015-11-05,3522.8190000000004
2015-11-06,3590.032
2015-11-09,3646.881
2015-11-10,3640.485
2015-11-11,3650.2490000000003
2015-11-12,3632.902
2015-11-13,3580.8390000000004
2015-11-16,3606.9570000000003
2015-11-17,3604.795
2015-11-18,3568.468
2015-11-19,3617.062
2015-11-20,3630.4990000000003
2015-11-23,3610.3140000000003
2015-11-24,3616.113
2015-11-25,3647.93
2015-11-26,3635.552
2015-11-27,3436.303
2015-11-30,3445.405
2015-12-01,3456.309
2015-12-02,3536.905
2015-12-03,3584.824
2015-12-04,3524.992
2015-12-07,3536.927
2015-12-08,3470.07
2015-12-09,3472.4390000000003
2015-12-10,3455.495
2015-12-11,3434.5820000000003
2015-12-14,3520.6679999999997
2015-12-15,3510.3540000000003
2015-12-16,3516.1859999999997
2015-12-17,3579.9990000000003
2015-12-18,3578.9640000000004
2015-12-21,3642.472
2015-12-22,3651.7670000000003
2015-12-23,3636.0890000000004
2015-12-24,3612.485
2015-12-25,3627.914
2015-12-28,3533.7790000000005
2015-12-29,3563.736
2015-12-30,3572.8759999999997
2015-12-31,3539.1820000000002
2016-01-04,3296.258
2016-01-05,3287.71
2016-01-06,3361.84
2016-01-07,3125.002
2016-01-08,3186.4120000000003
2016-01-11,3016.704
2016-01-12,3022.861
2016-01-13,2949.597
2016-01-14,3007.6490000000003
2016-01-15,2900.97
2016-01-18,2913.837
2016-01-19,3007.739
2016-01-20,2976.6940000000004
2016-01-21,2880.482
2016-01-22,2916.563
2016-01-25,2938.515
2016-01-26,2749.785
2016-01-27,2735.558
2016-01-28,2655.6609999999996
2016-01-29,2737.6
2016-02-01,2688.8540000000003
2016-02-02,2749.57
2016-02-03,2739.2470000000003
2016-02-04,2781.0229999999997
2016-02-05,2763.492
2016-02-15,2746.196
2016-02-16,2836.571
2016-02-17,2867.3379999999997
2016-02-18,2862.893
2016-02-19,2860.0209999999997
2016-02-22,2927.175
2016-02-23,2903.3309999999997
2016-02-24,2928.8959999999997
2016-02-25,2741.245
2016-02-26,2767.21
2016-02-29,2687.9790000000003
2016-03-01,2733.17
2016-03-02,2849.6809999999996
2016-03-03,2859.758
2016-03-04,2874.147
2016-03-07,2897.34
2016-03-08,2901.387
2016-03-09,2862.5559999999996
2016-03-10,2804.725
2016-03-11,2810.308
2016-03-14,2859.4990000000003
2016-03-15,2864.368
2016-03-16,2870.43
2016-03-17,2904.8320000000003
2016-03-18,2955.15
2016-03-21,3018.802
2016-03-22,2999.363
2016-03-23,3009.96
2016-03-24,2960.97
2016-03-25,2979.434
2016-03-28,2957.82
2016-03-29,2919.8320000000003
2016-03-30,3000.645
2016-03-31,3003.915
2016-04-01,3009.53
2016-04-05,3053.065
2016-04-06,3050.592
2016-04-07,3008.42
2016-04-08,2984.958
2016-04-11,3033.9570000000003
2016-04-12,3023.6459999999997
2016-04-13,3066.638
2016-04-14,3082.362
2016-04-15,3078.116
2016-04-18,3033.66
2016-04-19,3042.823
2016-04-20,2972.5840000000003
2016-04-21,2952.8909999999996
2016-04-22,2959.24
2016-04-25,2946.67
2016-04-26,2964.7
2016-04-27,2953.671
2016-04-28,2945.5879999999997
2016-04-29,2938.323
2016-05-03,2992.643
2016-05-04,2991.272
2016-05-05,2997.842
2016-05-06,2913.248
2016-05-09,2832.113
2016-05-10,2832.591
2016-05-11,2837.0370000000003
2016-05-12,2835.862
2016-05-13,2827.1090000000004
2016-05-16,2850.862
2016-05-17,2843.684
2016-05-18,2807.514
2016-05-19,2806.906
2016-05-20,2825.4829999999997
2016-05-23,2843.645
2016-05-24,2821.6659999999997
2016-05-25,2815.086
2016-05-26,2822.4429999999998
2016-05-27,2821.046
2016-05-30,2822.4509999999996
2016-05-31,2916.616
2016-06-01,2913.508
2016-06-02,2925.2290000000003
2016-06-03,2938.6820000000002
2016-06-06,2934.098
2016-06-07,2936.045
2016-06-08,2927.159
2016-06-13,2833.071
2016-06-14,2842.1890000000003
2016-06-15,2887.21
2016-06-16,2872.817
2016-06-17,2885.105
2016-06-20,2888.809
2016-06-21,2878.5570000000002
2016-06-22,2905.55
2016-06-23,2891.96
2016-06-24,2854.2859999999996
2016-06-27,2895.703
2016-06-28,2912.5570000000002
2016-06-29,2931.592
2016-06-30,2929.6059999999998
2016-07-01,2932.4759999999997
2016-07-04,2988.6040000000003
2016-07-05,3006.3920000000003
2016-07-06,3017.2929999999997
2016-07-07,3016.847
2016-07-08,2988.094
2016-07-11,2994.917
2016-07-12,3049.381
2016-07-13,3060.6890000000003
2016-07-14,3054.018
2016-07-15,3054.296
2016-07-18,3043.5640000000003
2016-07-19,3036.598
2016-07-20,3027.8990000000003
2016-07-21,3039.009
2016-07-22,3012.816
2016-07-25,3015.828
2016-07-26,3050.1659999999997
2016-07-27,2991.9990000000003
2016-07-28,2994.323
2016-07-29,2979.3390000000004
2016-08-01,2953.385
2016-08-02,2971.2790000000005
2016-08-03,2978.461
2016-08-04,2982.426
2016-08-05,2976.696
2016-08-08,3004.277
2016-08-09,3025.6809999999996
2016-08-10,3018.7459999999996
2016-08-11,3002.637
2016-08-12,3050.6679999999997
2016-08-15,3125.195
2016-08-16,3110.0370000000003
2016-08-17,3109.555
2016-08-18,3104.114
2016-08-19,3108.1020000000003
2016-08-22,3084.805
2016-08-23,3089.7059999999997
2016-08-24,3085.88
2016-08-25,3068.329
2016-08-26,3070.309
2016-08-29,3070.027
2016-08-30,3074.677
2016-08-31,3085.491
2016-09-01,3063.305
2016-09-02,3067.3520000000003
2016-09-05,3072.095
2016-09-06,3090.7129999999997
2016-09-07,3091.928
2016-09-08,3095.954
2016-09-09,3078.855
2016-09-12,3021.9770000000003
2016-09-13,3023.51
2016-09-14,3002.849
2016-09-19,3026.051
2016-09-20,3022.9990000000003
2016-09-21,3025.8740000000003
2016-09-22,3042.313
2016-09-23,3033.8959999999997
2016-09-26,2980.429
2016-09-27,2998.172
2016-09-28,2987.8579999999997
2016-09-29,2998.4829999999997
2016-09-30,3004.703
2016-10-10,3048.143
2016-10-11,3065.2490000000003
2016-10-12,3058.498
2016-10-13,3061.3459999999995
2016-10-14,3063.809
2016-10-17,3041.1659999999997
2016-10-18,3083.875
2016-10-19,3084.719
2016-10-20,3084.4570000000003
2016-10-21,3090.941
2016-10-24,3128.2470000000003
2016-10-25,3131.9390000000003
2016-10-26,3116.312
2016-10-27,3112.35
2016-10-28,3104.2709999999997
2016-10-31,3100.492
2016-11-01,3122.4359999999997
2016-11-02,3102.732
2016-11-03,3128.9359999999997
2016-11-04,3125.317
2016-11-07,3133.3320000000003
2016-11-08,3147.887
2016-11-09,3128.37
2016-11-10,3171.282
2016-11-11,3196.0429999999997
2016-11-14,3210.3709999999996
2016-11-15,3206.986
2016-11-16,3205.0570000000002
2016-11-17,3208.452
2016-11-18,3192.8559999999998
2016-11-21,3218.1479999999997
2016-11-22,3248.3520000000003
2016-11-23,3241.137
2016-11-24,3241.736
2016-11-25,3261.938
2016-11-28,3277.0
2016-11-29,3282.9240000000004
2016-11-30,3250.035
2016-12-01,3273.309
2016-12-02,3243.843
2016-12-05,3204.7090000000003
2016-12-06,3199.647
2016-12-07,3222.242
2016-12-08,3215.366
2016-12-09,3232.884
2016-12-12,3152.97
2016-12-13,3155.0370000000003
2016-12-14,3140.531
2016-12-15,3117.677
2016-12-16,3122.9809999999998
2016-12-19,3118.0840000000003
2016-12-20,3102.8759999999997
2016-12-21,3137.43
2016-12-22,3139.558
2016-12-23,3110.1540000000005
2016-12-26,3122.5690000000004
2016-12-27,3114.664
2016-12-28,3102.236
2016-12-29,3096.097
2016-12-30,3103.637
2017-01-03,3135.921
2017-01-04,3158.7940000000003
2017-01-05,3165.4109999999996
2017-01-06,3154.321
2017-01-09,3171.236
2017-01-10,3161.671
2017-01-11,3136.7540000000004
2017-01-12,3119.289
2017-01-13,3112.764
2017-01-16,3103.428
2017-01-17,3108.775
2017-01-18,3113.012
2017-01-19,3101.2990000000004
2017-01-20,3123.139
2017-01-23,3136.775
2017-01-24,3142.553
2017-01-25,3149.554
2017-01-26,3159.1659999999997
2017-02-03,3140.17
2017-02-06,3156.9840000000004
2017-02-07,3153.0879999999997
2017-02-08,3166.982
2017-02-09,3183.179
2017-02-10,3196.699
2017-02-13,3216.8390000000004
2017-02-14,3217.928
2017-02-15,3212.986
2017-02-16,3229.619
2017-02-17,3202.075
2017-02-20,3239.961
2017-02-21,3253.3259999999996
2017-02-22,3261.218
2017-02-23,3251.375
2017-02-24,3253.433
2017-02-27,3228.66
2017-02-28,3241.7329999999997
2017-03-01,3246.933
2017-03-02,3230.028
2017-03-03,3218.312
2017-03-06,3233.865
2017-03-07,3242.407
2017-03-08,3240.665
2017-03-09,3216.7459999999996
2017-03-10,3212.76
2017-03-13,3237.0240000000003
2017-03-14,3239.328
2017-03-15,3241.76
2017-03-16,3268.935
2017-03-17,3237.447
2017-03-20,3250.808
2017-03-21,3261.611
2017-03-22,3245.22
2017-03-23,3248.55
2017-03-24,3269.445
2017-03-27,3266.955
2017-03-28,3252.948
2017-03-29,3241.3140000000003
2017-03-30,3210.237
2017-03-31,3222.514
2017-04-05,3270.305
2017-04-06,3281.005
2017-04-07,3286.616
2017-04-10,3269.393
2017-04-11,3288.966
2017-04-12,3273.83
2017-04-13,3275.96
2017-04-14,3246.067
2017-04-17,3222.1679999999997
2017-04-18,3196.7129999999997
2017-04-19,3170.687
2017-04-20,3172.1
2017-04-21,3173.151
2017-04-24,3129.531
2017-04-25,3134.567
2017-04-26,3140.847
2017-04-27,3152.187
2017-04-28,3154.658
2017-05-02,3143.712
2017-05-03,3135.3459999999995
2017-05-04,3127.369
2017-05-05,3103.038
2017-05-08,3078.613
2017-05-09,3080.527
2017-05-10,3052.785
2017-05-11,3061.5
2017-05-12,3083.513
2017-05-15,3090.2290000000003
2017-05-16,3112.9640000000004
2017-05-17,3104.442
2017-05-18,3090.139
2017-05-19,3090.631
2017-05-22,3075.676
2017-05-23,3061.947
2017-05-24,3064.0759999999996
2017-05-25,3107.8309999999997
2017-05-26,3110.059
2017-05-31,3117.178
2017-06-01,3102.623
2017-06-02,3105.54
2017-06-05,3091.656
2017-06-06,3102.1259999999997
2017-06-07,3140.325
2017-06-08,3150.333
2017-06-09,3158.4
2017-06-12,3139.8759999999997
2017-06-13,3153.743
2017-06-14,3130.6740000000004
2017-06-15,3132.486
2017-06-16,3123.1659999999997
2017-06-19,3144.3740000000003
2017-06-20,3140.013
2017-06-21,3156.212
2017-06-22,3147.453
2017-06-23,3157.873
2017-06-26,3185.4440000000004
2017-06-27,3191.197
2017-06-28,3173.2009999999996
2017-06-29,3188.063
2017-06-30,3192.427
2017-07-03,3195.9120000000003
2017-07-04,3182.804
2017-07-05,3207.134
2017-07-06,3212.4440000000004
2017-07-07,3217.9570000000003
2017-07-10,3212.632
2017-07-11,3203.0370000000003
2017-07-12,3197.5440000000003
2017-07-13,3218.163
2017-07-14,3222.417
2017-07-17,3176.465
2017-07-18,3187.567
2017-07-19,3230.9759999999997
2017-07-20,3244.865
2017-07-21,3237.982
2017-07-24,3250.599
2017-07-25,3243.6890000000003
2017-07-26,3247.675
2017-07-27,3249.781
2017-07-28,3253.24
2017-07-31,3273.028
2017-08-01,3292.638
2017-08-02,3285.0570000000002
2017-08-03,3272.929
2017-08-04,3262.0809999999997
2017-08-07,3279.4570000000003
2017-08-08,3281.873
2017-08-09,3275.573
2017-08-10,3261.75
2017-08-11,3208.542
2017-08-14,3237.36
2017-08-15,3251.262
2017-08-16,3246.4509999999996
2017-08-17,3268.43
2017-08-18,3268.724
2017-08-21,3286.906
2017-08-22,3290.2259999999997
2017-08-23,3287.705
2017-08-24,3271.512
2017-08-25,3331.522
2017-08-28,3362.652
2017-08-29,3365.2259999999997
2017-08-30,3363.6259999999997
2017-08-31,3360.81
2017-09-01,3367.119
2017-09-04,3379.583
2017-09-05,3384.317
2017-09-06,3385.389
2017-09-07,3365.4970000000003
2017-09-08,3365.243
2017-09-11,3376.4190000000003
2017-09-12,3379.488
2017-09-13,3384.147
2017-09-14,3371.426
2017-09-15,3353.619
2017-09-18,3362.8590000000004
2017-09-19,3356.844
2017-09-20,3365.9959999999996
2017-09-21,3357.812
2017-09-22,3352.5290000000005
2017-09-25,3341.5490000000004
2017-09-26,3343.583
2017-09-27,3345.272
2017-09-28,3339.6420000000003
2017-09-29,3348.9429999999998
2017-10-09,3374.3779999999997
2017-10-10,3382.988
2017-10-11,3388.284
2017-10-12,3386.1
2017-10-13,3390.5229999999997
2017-10-16,3378.47
2017-10-17,3372.0409999999997
2017-10-18,3381.7940000000003
2017-10-19,3370.172
2017-10-20,3378.6479999999997
2017-10-23,3380.699
2017-10-24,3388.248
2017-10-25,3396.8979999999997
2017-10-26,3407.567
2017-10-27,3416.813
2017-10-30,3390.337
2017-10-31,3393.342
2017-11-01,3395.913
2017-11-02,3383.309
2017-11-03,3371.744
2017-11-06,3388.1740000000004
2017-11-07,3413.575
2017-11-08,3415.46
2017-11-09,3427.795
2017-11-10,3432.673
2017-11-13,3447.836
2017-11-14,3429.548
2017-11-15,3402.5240000000003
2017-11-16,3399.25
2017-11-17,3382.907
2017-11-20,3392.3990000000003
2017-11-21,3410.498
2017-11-22,3430.4640000000004
2017-11-23,3351.9179999999997
2017-11-24,3353.821
2017-11-27,3322.23
2017-11-28,3333.657
2017-11-29,3337.862
2017-11-30,3317.188
2017-12-01,3317.617
2017-12-04,3309.618
2017-12-05,3303.675
2017-12-06,3293.965
2017-12-07,3272.054
2017-12-08,3289.992
2017-12-11,3322.196
2017-12-12,3280.813
2017-12-13,3303.0370000000003
2017-12-14,3292.438
2017-12-15,3266.137
2017-12-18,3267.923
2017-12-19,3296.538
2017-12-20,3287.6059999999998
2017-12-21,3300.059
2017-12-22,3297.063
2017-12-25,3280.461
2017-12-26,3306.125
2017-12-27,3275.783
2017-12-28,3296.385
2017-12-29,3307.172
2018-01-02,3348.3259999999996
2018-01-03,3369.1079999999997
2018-01-04,3385.71
2018-01-05,3391.75
2018-01-08,3409.4790000000003
2018-01-09,3413.8990000000003
2018-01-10,3421.8340000000003
2018-01-11,3425.345
2018-01-12,3428.941
2018-01-15,3410.488
2018-01-16,3436.594
2018-01-17,3444.671
2018-01-18,3474.7540000000004
2018-01-19,3487.864
2018-01-22,3501.362
2018-01-23,3546.505
2018-01-24,3559.465
2018-01-25,3548.3070000000002
2018-01-26,3558.1290000000004
2018-01-29,3523.0009999999997
2018-01-30,3488.009
2018-01-31,3480.833
2018-02-01,3446.98
2018-02-02,3462.0809999999997
2018-02-05,3487.4970000000003
2018-02-06,3370.652
2018-02-07,3309.26
2018-02-08,3262.05
2018-02-09,3129.8509999999997
2018-02-12,3154.125
2018-02-13,3184.9590000000003
2018-02-14,3199.159
2018-02-22,3268.559
2018-02-23,3289.0240000000003
2018-02-26,3329.574
2018-02-27,3292.0679999999998
2018-02-28,3259.408
2018-03-01,3273.755
2018-03-02,3254.528
2018-03-05,3256.926
2018-03-06,3289.6420000000003
2018-03-07,3271.6679999999997
2018-03-08,3288.406
2018-03-09,3307.1659999999997
2018-03-12,3326.699
2018-03-13,3310.239
2018-03-14,3291.382
2018-03-15,3291.112
2018-03-16,3269.882
2018-03-19,3279.252
2018-03-20,3290.64
2018-03-21,3280.952
2018-03-22,3263.48
2018-03-23,3152.761
2018-03-26,3133.722
2018-03-27,3166.6490000000003
2018-03-28,3122.29
2018-03-29,3160.531
2018-03-30,3168.8959999999997
2018-04-02,3163.179
2018-04-03,3136.633
2018-04-04,3131.111
2018-04-09,3138.2940000000003
2018-04-10,3190.322
2018-04-11,3208.0820000000003
2018-04-12,3180.158
2018-04-13,3159.052
2018-04-16,3110.6490000000003
2018-04-17,3066.797
2018-04-18,3091.3990000000003
2018-04-19,3117.3759999999997
2018-04-20,3071.542
2018-04-23,3068.012
2018-04-24,3128.927
2018-04-25,3117.974
2018-04-26,3075.03
2018-04-27,3082.232
2018-05-02,3081.177
2018-05-03,3100.8590000000004
2018-05-04,3091.033
2018-05-07,3136.645
2018-05-08,3161.498
2018-05-09,3159.15
2018-05-10,3174.413
2018-05-11,3163.263
2018-05-14,3174.032
2018-05-15,3192.118
2018-05-16,3169.565
2018-05-17,3154.282
2018-05-18,3193.303
2018-05-21,3213.84
2018-05-22,3214.35
2018-05-23,3168.9640000000004
2018-05-24,3154.651
2018-05-25,3141.303
2018-05-28,3135.0820000000003
2018-05-29,3120.46
2018-05-30,3041.4429999999998
2018-05-31,3095.474
2018-06-01,3075.137
2018-06-04,3091.191
2018-06-05,3114.2059999999997
2018-06-06,3115.18
2018-06-07,3109.4990000000003
2018-06-08,3067.1479999999997
2018-06-11,3052.783
2018-06-12,3079.802
2018-06-13,3049.796
2018-06-14,3044.16
2018-06-15,3021.901
2018-06-19,2907.822
2018-06-20,2915.7309999999998
2018-06-21,2875.81
2018-06-22,2889.76
2018-06-25,2859.336
2018-06-26,2844.508
2018-06-27,2813.177
2018-06-28,2786.8959999999997
2018-06-29,2847.4179999999997
2018-07-02,2775.5570000000002
2018-07-03,2786.888
2018-07-04,2759.1259999999997
2018-07-05,2733.882
2018-07-06,2747.2290000000003
2018-07-09,2815.11
2018-07-10,2827.625
2018-07-11,2777.7709999999997
2018-07-12,2837.659
2018-07-13,2831.184
2018-07-16,2814.042
2018-07-17,2798.1259999999997
2018-07-18,2787.257
2018-07-19,2772.545
2018-07-20,2829.2709999999997
2018-07-23,2859.542
2018-07-24,2905.562
2018-07-25,2903.647
2018-07-26,2882.225
2018-07-27,2873.594
2018-07-30,2869.05
2018-07-31,2876.401
2018-08-01,2824.534
2018-08-02,2768.0240000000003
2018-08-03,2740.4429999999998
2018-08-06,2705.156
2018-08-07,2779.3740000000003
2018-08-08,2744.07
2018-08-09,2794.382
2018-08-10,2795.31
2018-08-13,2785.8720000000003
2018-08-14,2780.965
2018-08-15,2723.258
2018-08-16,2705.192
2018-08-17,2668.966
2018-08-20,2698.466
2018-08-21,2733.8259999999996
2018-08-22,2714.6079999999997
2018-08-23,2724.625
2018-08-24,2729.4309999999996
2018-08-27,2780.8990000000003
2018-08-28,2777.9809999999998
2018-08-29,2769.295
2018-08-30,2737.737
2018-08-31,2725.25
2018-09-03,2720.7340000000004
2018-09-04,2750.58
2018-09-05,2704.337
2018-09-06,2691.593
2018-09-07,2702.301
2018-09-10,2669.485
2018-09-11,2664.8
2018-09-12,2656.11
2018-09-13,2686.578
2018-09-14,2681.643
2018-09-17,2651.789
2018-09-18,2699.95
2018-09-19,2730.85
2018-09-20,2729.244
2018-09-21,2797.485
2018-09-25,2781.138
2018-09-26,2806.813
2018-09-27,2791.775
2018-09-28,2821.35
2018-10-08,2716.51
2018-10-09,2721.013
2018-10-10,2725.837
2018-10-11,2583.458
2018-10-12,2606.913
2018-10-15,2568.098
2018-10-16,2546.33
2018-10-17,2561.614
2018-10-18,2486.419
2018-10-19,2550.465
2018-10-22,2654.8759999999997
2018-10-23,2594.825
2018-10-24,2603.295
2018-10-25,2603.8
2018-10-26,2598.847
2018-10-29,2542.103
2018-10-30,2568.048
2018-10-31,2602.783
2018-11-01,2606.237
2018-11-02,2676.4759999999997
2018-11-05,2665.4309999999996
2018-11-06,2659.3559999999998
2018-11-07,2641.342
2018-11-08,2635.632
2018-11-09,2598.8720000000003
2018-11-12,2630.52
2018-11-13,2654.8790000000004
2018-11-14,2632.242
2018-11-15,2668.17
2018-11-16,2679.11
2018-11-19,2703.512
2018-11-20,2645.8540000000003
2018-11-21,2651.505
2018-11-22,2645.434
2018-11-23,2579.4829999999997
2018-11-26,2575.81
2018-11-27,2574.679
2018-11-28,2601.737
2018-11-29,2567.4429999999998
2018-11-30,2588.188
2018-12-03,2654.798
2018-12-04,2665.958
2018-12-05,2649.805
2018-12-06,2605.181
2018-12-07,2605.888
2018-12-10,2584.5820000000003
2018-12-11,2594.0879999999997
2018-12-12,2602.153
2018-12-13,2634.0490000000004
2018-12-14,2593.741
2018-12-17,2597.974
2018-12-18,2576.649
2018-12-19,2549.563
2018-12-20,2536.268
2018-12-21,2516.25
2018-12-24,2527.007
2018-12-25,2504.819
2018-12-26,2498.294
2018-12-27,2483.0860000000002
2018-12-28,2493.896
2019-01-02,2465.291
2019-01-03,2464.363
2019-01-04,2514.868
2019-01-07,2533.089
2019-01-08,2526.462
2019-01-09,2544.345
2019-01-10,2535.098
2019-01-11,2553.831
2019-01-14,2535.765
2019-01-15,2570.345
2019-01-16,2570.422
2019-01-17,2559.637
2019-01-18,2596.006
2019-01-21,2610.51
2019-01-22,2579.7039999999997
2019-01-23,2581.004
2019-01-24,2591.694
2019-01-25,2601.723
2019-01-28,2596.9770000000003
2019-01-29,2594.254
2019-01-30,2575.576
2019-01-31,2584.573
2019-02-01,2618.232
2019-02-11,2653.8959999999997
2019-02-12,2671.8940000000002
2019-02-13,2721.0679999999998
2019-02-14,2719.7
2019-02-15,2682.385
2019-02-18,2754.357
2019-02-19,2755.6459999999997
2019-02-20,2761.219
2019-02-21,2751.801
2019-02-22,2804.2259999999997
2019-02-25,2961.283
2019-02-26,2941.5159999999996
2019-02-27,2953.824
2019-02-28,2940.954
2019-03-01,2994.005
2019-03-04,3027.575
2019-03-05,3054.2470000000003
2019-03-06,3102.099
2019-03-07,3106.4179999999997
2019-03-08,2969.861
2019-03-11,3026.992
2019-03-12,3060.3070000000002
2019-03-13,3026.9509999999996
2019-03-14,2990.685
2019-03-15,3021.7509999999997
2019-03-18,3096.417
2019-03-19,3090.975
2019-03-20,3090.64
2019-03-21,3101.455
2019-03-22,3104.1490000000003
2019-03-25,3043.031
2019-03-26,2997.095
2019-03-27,3022.719
2019-03-28,2994.9429999999998
2019-03-29,3090.758
2019-04-01,3170.361
2019-04-02,3176.823
2019-04-03,3216.295
2019-04-04,3246.571
2019-04-08,3244.81
2019-04-09,3239.664
2019-04-10,3241.93
2019-04-11,3189.962
2019-04-12,3188.625
2019-04-15,3177.7870000000003
2019-04-16,3253.598
2019-04-17,3263.118
2019-04-18,3250.2009999999996
2019-04-19,3270.797
2019-04-22,3215.042
2019-04-23,3198.594
2019-04-24,3201.614
2019-04-25,3123.8259999999996
2019-04-26,3086.3990000000003
2019-04-29,3062.4990000000003
2019-04-30,3078.3390000000004
2019-05-06,2906.4640000000004
2019-05-07,2926.3909999999996
2019-05-08,2893.757
2019-05-09,2850.954
2019-05-10,2939.211
2019-05-13,2903.7129999999997
2019-05-14,2883.611
2019-05-15,2938.678
2019-05-16,2955.711
2019-05-17,2882.296
2019-05-20,2870.6040000000003
2019-05-21,2905.969
2019-05-22,2891.705
2019-05-23,2852.515
2019-05-24,2852.995
2019-05-27,2892.3779999999997
2019-05-28,2909.9109999999996
2019-05-29,2914.696
2019-05-30,2905.805
2019-05-31,2898.696
2019-06-03,2890.0809999999997
2019-06-04,2862.28
2019-06-05,2861.4179999999997
2019-06-06,2827.798
2019-06-10,2852.13
2019-06-11,2925.716
2019-06-12,2909.38
2019-06-13,2910.74
2019-06-14,2881.974
2019-06-17,2887.6220000000003
2019-06-18,2890.158
2019-06-19,2917.803
2019-06-20,2987.119
2019-06-21,3001.98
2019-06-24,3008.1479999999997
2019-06-25,2982.074
2019-06-26,2976.284
2019-06-27,2996.792
2019-06-28,2978.8779999999997
2019-07-01,3044.903
2019-07-02,3043.9429999999998
2019-07-03,3015.263
2019-07-04,3005.2490000000003
2019-07-05,3011.059
2019-07-08,2933.363
2019-07-09,2928.2290000000003
2019-07-10,2915.302
2019-07-11,2917.761
2019-07-12,2930.546
2019-07-15,2942.185
2019-07-16,2937.617
2019-07-17,2931.6929999999998
2019-07-18,2901.177
2019-07-19,2924.2009999999996
2019-07-22,2886.974
2019-07-23,2899.945
2019-07-24,2923.278
2019-07-25,2937.36
2019-07-26,2944.5409999999997
2019-07-29,2941.007
2019-07-30,2952.3379999999997
2019-07-31,2932.506
2019-08-01,2908.7659999999996
2019-08-02,2867.8379999999997
2019-08-05,2821.4959999999996
2019-08-06,2777.5559999999996
2019-08-07,2768.679
2019-08-08,2794.552
2019-08-09,2774.7529999999997
2019-08-12,2814.994
2019-08-13,2797.26
2019-08-14,2808.915
2019-08-15,2815.798
2019-08-16,2823.824
2019-08-19,2883.0959999999995
2019-08-20,2880.0009999999997
2019-08-21,2880.3309999999997
2019-08-22,2883.4359999999997
2019-08-23,2897.425
2019-08-26,2863.567
2019-08-27,2902.1929999999998
2019-08-28,2893.756
2019-08-29,2890.9190000000003
2019-08-30,2886.237
2019-09-02,2924.1059999999998
2019-09-03,2930.1540000000005
2019-09-04,2957.4120000000003
2019-09-05,2985.865
2019-09-06,2999.6009999999997
2019-09-09,3024.739
2019-09-10,3021.202
2019-09-11,3008.812
2019-09-12,3031.235
2019-09-16,3030.7540000000004
2019-09-17,2978.118
2019-09-18,2985.659
2019-09-19,2999.2790000000005
2019-09-20,3006.447
2019-09-23,2977.077
2019-09-24,2985.341
2019-09-25,2955.433
2019-09-26,2929.087
2019-09-27,2932.167
2019-09-30,2905.1890000000003
2019-10-08,2913.57
2019-10-09,2924.857
2019-10-10,2947.711
2019-10-11,2973.656
2019-10-14,3007.883
2019-10-15,2991.046
2019-10-16,2978.712
2019-10-17,2977.3340000000003
2019-10-18,2938.1409999999996
2019-10-21,2939.618
2019-10-22,2954.38
2019-10-23,2941.619
2019-10-24,2940.921
2019-10-25,2954.933
2019-10-28,2980.05
2019-10-29,2954.176
2019-10-30,2939.321
2019-10-31,2929.0559999999996
2019-11-01,2958.199
2019-11-04,2975.492
2019-11-05,2991.562
2019-11-06,2978.595
2019-11-07,2978.7140000000004
2019-11-08,2964.185
2019-11-11,2909.975
2019-11-12,2914.823
2019-11-13,2905.241
2019-11-14,2909.87
2019-11-15,2891.343
2019-11-18,2909.2
2019-11-19,2933.991
2019-11-20,2911.053
2019-11-21,2903.638
2019-11-22,2885.288
2019-11-25,2906.1690000000003
2019-11-26,2907.06
2019-11-27,2903.195
2019-11-28,2889.6929999999998
2019-11-29,2871.9809999999998
2019-12-02,2875.8070000000002
2019-12-03,2884.699
2019-12-04,2878.116
2019-12-05,2899.469
2019-12-06,2912.014
2019-12-09,2914.478
2019-12-10,2917.316
2019-12-11,2924.417
2019-12-12,2915.698
2019-12-13,2967.677
2019-12-16,2984.393
2019-12-17,3022.422
2019-12-18,3017.0440000000003
2019-12-19,3017.066
2019-12-20,3004.938
2019-12-23,2962.7509999999997
2019-12-24,2982.6809999999996
2019-12-25,2981.881
2019-12-26,3007.3540000000003
2019-12-27,3005.035
2019-12-30,3040.0240000000003
2019-12-31,3050.1240000000003
2020-01-02,3085.198
2020-01-03,3083.7859999999996
2020-01-06,3083.408
2020-01-07,3104.802
2020-01-08,3066.893
2020-01-09,3094.882
2020-01-10,3092.2909999999997
2020-01-13,3115.57
2020-01-14,3107.223
