Index,SHSZ300
2010-01-04,3535.2290000000003
2010-01-05,3564.038
2010-01-06,3541.7270000000003
2010-01-07,3471.4559999999997
2010-01-08,3480.13
2010-01-11,3482.052
2010-01-12,3534.9159999999997
2010-01-13,3421.1440000000002
2010-01-14,3469.051
2010-01-15,3482.738
2010-01-18,3500.684
2010-01-19,3507.482
2010-01-20,3394.434
2010-01-21,3408.574
2010-01-22,3366.197
2010-01-25,3328.014
2010-01-26,3242.797
2010-01-27,3198.566
2010-01-28,3206.57
2010-01-29,3204.155
2010-02-01,3152.7070000000003
2010-02-02,3146.1890000000003
2010-02-03,3230.715
2010-02-04,3218.802
2010-02-05,3153.087
2010-02-08,3150.988
2010-02-09,3169.19
2010-02-10,3214.13
2010-02-11,3220.3979999999997
2010-02-12,3251.278
2010-02-22,3233.345
2010-02-23,3198.634
2010-02-24,3244.4829999999997
2010-02-25,3292.1279999999997
2010-02-26,3281.6659999999997
2010-03-01,3324.423
2010-03-02,3311.236
2010-03-03,3335.0809999999997
2010-03-04,3250.573
2010-03-05,3259.764
2010-03-08,3286.178
2010-03-09,3305.863
2010-03-10,3279.6940000000004
2010-03-11,3276.705
2010-03-12,3233.1259999999997
2010-03-15,3183.183
2010-03-16,3203.9709999999995
2010-03-17,3273.9159999999997
2010-03-18,3267.555
2010-03-19,3293.8709999999996
2010-03-22,3302.6279999999997
2010-03-23,3275.573
2010-03-24,3276.6690000000003
2010-03-25,3229.1279999999997
2010-03-26,3275.002
2010-03-29,3358.54
2010-03-30,3366.708
2010-03-31,3345.607
2010-04-01,3391.935
2010-04-02,3407.3459999999995
2010-04-06,3405.145
2010-04-07,3386.949
2010-04-08,3346.744
2010-04-09,3379.17
2010-04-12,3351.478
2010-04-13,3391.716
2010-04-14,3403.7070000000003
2010-04-15,3394.574
2010-04-16,3356.3320000000003
2010-04-19,3176.423
2010-04-20,3173.3740000000003
2010-04-21,3236.679
2010-04-22,3201.5409999999997
2010-04-23,3190.0029999999997
2010-04-26,3171.9970000000003
2010-04-27,3108.409
2010-04-28,3097.353
2010-04-29,3060.0640000000003
2010-04-30,3067.365
2010-05-04,3019.449
2010-05-05,3036.3940000000002
2010-05-06,2896.8559999999998
2010-05-07,2836.789
2010-05-10,2858.2329999999997
2010-05-11,2800.817
2010-05-12,2818.16
2010-05-13,2886.9109999999996
2010-05-14,2868.0229999999997
2010-05-17,2714.715
2010-05-18,2771.348
2010-05-19,2762.1740000000004
2010-05-20,2726.022
2010-05-21,2768.7909999999997
2010-05-24,2873.469
2010-05-25,2813.9429999999998
2010-05-26,2813.9440000000004
2010-05-27,2859.9790000000003
2010-05-28,2850.302
2010-05-31,2773.264
2010-06-01,2744.1620000000003
2010-06-02,2757.527
2010-06-03,2736.0759999999996
2010-06-04,2744.3909999999996
2010-06-07,2695.715
2010-06-08,2699.336
2010-06-09,2782.133
2010-06-10,2750.0229999999997
2010-06-11,2758.866
2010-06-17,2742.7329999999997
2010-06-18,2696.1659999999997
2010-06-21,2780.663
2010-06-22,2783.72
2010-06-23,2758.495
2010-06-24,2757.498
2010-06-25,2736.2870000000003
2010-06-28,2716.777
2010-06-29,2592.019
2010-06-30,2563.07
2010-07-01,2526.071
2010-07-02,2534.105
2010-07-05,2512.651
2010-07-06,2562.902
2010-07-07,2580.4770000000003
2010-07-08,2575.9210000000003
2010-07-09,2647.1040000000003
2010-07-12,2676.218
2010-07-13,2634.593
2010-07-14,2653.6090000000004
2010-07-15,2608.519
2010-07-16,2616.1279999999997
2010-07-19,2682.472
2010-07-20,2741.5029999999997
2010-07-21,2747.335
2010-07-22,2781.2859999999996
2010-07-23,2793.0759999999996
2010-07-26,2811.055
2010-07-27,2795.724
2010-07-28,2863.724
2010-07-29,2877.9759999999997
2010-07-30,2868.8459999999995
2010-08-02,2917.275
2010-08-03,2865.9709999999995
2010-08-04,2876.434
2010-08-05,2850.829
2010-08-06,2897.659
2010-08-09,2918.241
2010-08-10,2832.638
2010-08-11,2850.211
2010-08-12,2816.386
2010-08-13,2855.547
2010-08-16,2922.083
2010-08-17,2942.2909999999997
2010-08-18,2937.362
2010-08-19,2955.395
2010-08-20,2898.333
2010-08-23,2896.192
2010-08-24,2911.827
2010-08-25,2843.0229999999997
2010-08-26,2850.093
2010-08-27,2858.566
2010-08-30,2915.01
2010-08-31,2903.188
2010-09-01,2884.042
2010-09-02,2921.393
2010-09-03,2920.205
2010-09-06,2975.09
2010-09-07,2983.1079999999997
2010-09-08,2980.967
2010-09-09,2926.46
2010-09-10,2932.554
2010-09-13,2962.3190000000004
2010-09-14,2965.009
2010-09-15,2913.1940000000004
2010-09-16,2857.789
2010-09-17,2861.369
2010-09-20,2849.828
2010-09-21,2857.4759999999997
2010-09-27,2905.0290000000005
2010-09-28,2880.907
2010-09-29,2874.812
2010-09-30,2935.574
2010-10-08,3044.2329999999997
2010-10-11,3132.895
2010-10-12,3172.7259999999997
2010-10-13,3217.577
2010-10-14,3224.14
2010-10-15,3327.683
2010-10-18,3306.16
2010-10-19,3375.6740000000004
2010-10-20,3396.8790000000004
2010-10-21,3374.685
2010-10-22,3378.655
2010-10-25,3481.0809999999997
2010-10-26,3466.0840000000003
2010-10-27,3403.8720000000003
2010-10-28,3397.692
2010-10-29,3379.9829999999997
2010-11-01,3472.995
2010-11-02,3463.131
2010-11-03,3420.341
2010-11-04,3480.505
2010-11-05,3520.798
2010-11-08,3548.566
2010-11-09,3523.954
2010-11-10,3499.111
2010-11-11,3509.975
2010-11-12,3291.833
2010-11-15,3314.893
2010-11-16,3169.538
2010-11-17,3103.906
2010-11-18,3147.962
2010-11-19,3178.8459999999995
2010-11-22,3171.941
2010-11-23,3107.176
2010-11-24,3177.0429999999997
2010-11-25,3223.4840000000004
2010-11-26,3194.853
2010-11-29,3190.05
2010-11-30,3136.985
2010-12-01,3136.0240000000003
2010-12-02,3155.059
2010-12-03,3158.156
2010-12-06,3165.57
2010-12-07,3200.3390000000004
2010-12-08,3171.882
2010-12-09,3123.366
2010-12-10,3161.9770000000003
2010-12-13,3261.0609999999997
2010-12-14,3269.474
2010-12-15,3247.6440000000002
2010-12-16,3230.665
2010-12-17,3225.6609999999996
2010-12-20,3178.657
2010-12-21,3249.509
2010-12-22,3215.453
2010-12-23,3188.607
2010-12-24,3162.955
2010-12-27,3099.7090000000003
2010-12-28,3044.9309999999996
2010-12-29,3061.83
2010-12-30,3064.098
2010-12-31,3128.261
2011-01-04,3189.6820000000002
2011-01-05,3175.6620000000003
2011-01-06,3159.643
2011-01-07,3166.6240000000003
2011-01-10,3108.187
2011-01-11,3124.922
2011-01-12,3142.337
2011-01-13,3141.284
2011-01-14,3091.862
2011-01-17,2974.35
2011-01-18,2977.6479999999997
2011-01-19,3044.8509999999997
2011-01-20,2944.7129999999997
2011-01-21,2983.4559999999997
2011-01-24,2954.232
2011-01-25,2938.6540000000005
2011-01-26,2978.4309999999996
2011-01-27,3026.466
2011-01-28,3036.735
2011-01-31,3076.508
2011-02-01,3077.283
2011-02-09,3040.949
2011-02-10,3104.163
2011-02-11,3120.9559999999997
2011-02-14,3219.143
2011-02-15,3217.671
2011-02-16,3248.527
2011-02-17,3245.907
2011-02-18,3211.8759999999997
2011-02-21,3257.908
2011-02-22,3163.578
2011-02-23,3174.742
2011-02-24,3190.935
2011-02-25,3197.617
2011-02-28,3239.559
2011-03-01,3254.893
2011-03-02,3243.298
2011-03-03,3221.718
2011-03-04,3270.6659999999997
2011-03-07,3334.51
2011-03-08,3337.4570000000003
2011-03-09,3338.8579999999997
2011-03-10,3280.259
2011-03-11,3247.3759999999997
2011-03-14,3262.92
2011-03-15,3203.961
2011-03-16,3248.195
2011-03-17,3197.1
2011-03-18,3215.685
2011-03-21,3207.11
2011-03-22,3222.961
2011-03-23,3264.926
2011-03-24,3251.361
2011-03-25,3294.4840000000004
2011-03-28,3290.571
2011-03-29,3257.9790000000003
2011-03-30,3256.08
2011-03-31,3223.288
2011-04-01,3272.7290000000003
2011-04-06,3311.067
2011-04-07,3324.4190000000003
2011-04-08,3353.3579999999997
2011-04-11,3333.427
2011-04-12,3326.7709999999997
2011-04-13,3372.031
2011-04-14,3353.56
2011-04-15,3358.9440000000004
2011-04-18,3359.438
2011-04-19,3295.812
2011-04-20,3295.758
2011-04-21,3317.367
2011-04-22,3299.942
2011-04-25,3249.574
2011-04-26,3230.96
2011-04-27,3209.5029999999997
2011-04-28,3161.776
2011-04-29,3192.723
2011-05-03,3211.132
2011-05-04,3129.028
2011-05-05,3126.117
2011-05-06,3121.3959999999997
2011-05-09,3129.759
2011-05-10,3153.2209999999995
2011-05-11,3145.0849
2011-05-12,3101.603
2011-05-13,3128.093
2011-05-16,3100.4629
2011-05-17,3116.0281
2011-05-18,3139.3789
2011-05-19,3120.6389
2011-05-20,3121.5959
2011-05-23,3022.98
2011-05-24,3026.2229
2011-05-25,2990.343
2011-05-26,2978.3811
2011-05-27,2963.31
2011-05-30,2954.51
2011-05-31,3001.56
2011-06-01,3004.17
2011-06-02,2955.71
2011-06-03,2986.35
2011-06-07,3004.26
2011-06-08,3008.65
2011-06-09,2951.89
2011-06-10,2961.93
2011-06-13,2950.35
2011-06-14,2993.56
2011-06-15,2963.12
2011-06-16,2917.58
2011-06-17,2892.16
2011-06-20,2874.9
2011-06-21,2909.07
2011-06-22,2908.58
2011-06-23,2957.63
2011-06-24,3027.47
2011-06-27,3036.49
2011-06-28,3041.73
2011-06-29,3000.17
2011-06-30,3044.09
2011-07-01,3049.75
2011-07-04,3121.98
2011-07-05,3122.5
2011-07-06,3113.71
2011-07-07,3101.68
2011-07-08,3109.18
2011-07-11,3113.21
2011-07-12,3056.91
2011-07-13,3106.25
2011-07-14,3115.75
2011-07-15,3128.89
2011-07-18,3122.6
2011-07-19,3095.13
2011-07-20,3091.57
2011-07-21,3059.14
2011-07-22,3067.99
2011-07-25,2968.29
2011-07-26,2977.77
2011-07-27,3000.05
2011-07-28,2981.0
2011-07-29,2972.08
2011-08-01,2977.72
2011-08-02,2956.38
2011-08-03,2954.87
2011-08-04,2960.31
2011-08-05,2897.42
2011-08-08,2793.9
2011-08-09,2798.19
2011-08-10,2824.12
2011-08-11,2866.92
2011-08-12,2875.36
2011-08-15,2917.88
2011-08-16,2897.58
2011-08-17,2886.01
2011-08-18,2834.25
2011-08-19,2807.66
2011-08-22,2777.79
2011-08-23,2821.0
2011-08-24,2810.02
2011-08-25,2903.84
2011-08-26,2901.22
2011-08-29,2852.81
2011-08-30,2841.74
2011-08-31,2846.78
2011-09-01,2834.53
2011-09-02,2803.85
2011-09-05,2743.82
2011-09-06,2723.3
2011-09-07,2779.09
2011-09-08,2756.11
2011-09-09,2751.09
2011-09-13,2720.28
2011-09-14,2733.11
2011-09-15,2729.05
2011-09-16,2733.99
2011-09-19,2679.27
2011-09-20,2689.84
2011-09-21,2771.01
2011-09-22,2685.69
2011-09-23,2669.48
2011-09-26,2610.92
2011-09-27,2637.88
2011-09-28,2610.59
2011-09-29,2588.19
2011-09-30,2581.35
2011-10-10,2557.08
2011-10-11,2551.99
2011-10-12,2644.76
2011-10-13,2662.6
2011-10-14,2653.78
2011-10-17,2666.95
2011-10-18,2592.21
2011-10-19,2583.08
2011-10-20,2520.53
2011-10-21,2507.88
2011-10-24,2576.67
2011-10-25,2625.43
2011-10-26,2651.65
2011-10-27,2657.48
2011-10-28,2709.02
2011-10-31,2695.31
2011-11-01,2697.53
2011-11-02,2742.39
2011-11-03,2744.3
2011-11-04,2763.75
2011-11-07,2736.25
2011-11-08,2727.71
2011-11-09,2751.65
2011-11-10,2699.59
2011-11-11,2695.0
2011-11-14,2750.2
2011-11-15,2744.68
2011-11-16,2670.12
2011-11-17,2662.02
2011-11-18,2606.5
2011-11-21,2609.69
2011-11-22,2609.48
2011-11-23,2584.01
2011-11-24,2588.92
2011-11-25,2569.97
2011-11-28,2573.32
2011-11-29,2608.57
2011-11-30,2521.52
2011-12-01,2583.61
2011-12-02,2557.31
2011-12-05,2521.39
2011-12-06,2516.34
2011-12-07,2528.23
2011-12-08,2525.0
2011-12-09,2503.46
2011-12-12,2477.69
2011-12-13,2421.93
2011-12-14,2397.48
2011-12-15,2340.79
2011-12-16,2390.13
2011-12-19,2384.41
2011-12-20,2377.07
2011-12-21,2339.11
2011-12-22,2341.33
2011-12-23,2359.16
2011-12-26,2335.7
2011-12-27,2305.03
2011-12-28,2307.93
2011-12-29,2311.36
2011-12-30,2345.74
2012-01-04,2298.75
2012-01-05,2276.39
2012-01-06,2290.6
2012-01-09,2368.57
2012-01-10,2447.35
2012-01-11,2435.61
2012-01-12,2435.22
2012-01-13,2394.33
2012-01-16,2345.65
2012-01-17,2460.6
2012-01-18,2422.19
2012-01-19,2468.35
2012-01-20,2504.09
2012-01-30,2460.72
2012-01-31,2464.26
2012-02-01,2428.99
2012-02-02,2486.24
2012-02-03,2506.09
2012-02-06,2504.32
2012-02-07,2457.95
2012-02-08,2528.24
2012-02-09,2529.23
2012-02-10,2533.62
2012-02-13,2531.98
2012-02-14,2522.11
2012-02-15,2549.61
2012-02-16,2536.07
2012-02-17,2537.09
2012-02-20,2540.71
2012-02-21,2562.45
2012-02-22,2597.48
2012-02-23,2606.26
2012-02-24,2648.02
2012-02-27,2656.57
2012-02-28,2662.46
2012-02-29,2634.14
2012-03-01,2633.34
2012-03-02,2679.93
2012-03-05,2662.7
2012-03-06,2621.05
2012-03-07,2603.0
2012-03-08,2635.79
2012-03-09,2664.3
2012-03-12,2654.4
2012-03-13,2681.07
2012-03-14,2605.11
2012-03-15,2585.55
2012-03-16,2623.52
2012-03-19,2630.01
2012-03-20,2584.45
2012-03-21,2587.79
2012-03-22,2583.75
2012-03-23,2552.94
2012-03-26,2555.44
2012-03-27,2547.14
2012-03-28,2474.9
2012-03-29,2443.12
2012-03-30,2454.9
2012-04-05,2512.83
2012-04-06,2519.83
2012-04-09,2495.15
2012-04-10,2519.79
2012-04-11,2520.04
2012-04-12,2570.44
2012-04-13,2580.45
2012-04-16,2574.04
2012-04-17,2541.88
2012-04-18,2599.91
2012-04-19,2596.06
2012-04-20,2626.84
2012-04-23,2606.04
2012-04-24,2604.87
2012-04-25,2625.99
2012-04-26,2631.49
2012-04-27,2626.16
2012-05-02,2683.49
2012-05-03,2691.52
2012-05-04,2715.88
2012-05-07,2717.78
2012-05-08,2709.12
2012-05-09,2657.51
2012-05-10,2657.21
2012-05-11,2636.92
2012-05-14,2615.53
2012-05-15,2617.37
2012-05-16,2574.65
2012-05-17,2613.94
2012-05-18,2573.98
2012-05-21,2587.23
2012-05-22,2627.52
2012-05-23,2616.87
2012-05-24,2595.26
2012-05-25,2573.1
2012-05-28,2614.69
2012-05-29,2650.85
2012-05-30,2642.26
2012-05-31,2632.04
2012-06-01,2633.0
2012-06-04,2559.03
2012-06-05,2558.84
2012-06-06,2557.4
2012-06-07,2542.18
2012-06-08,2524.33
2012-06-11,2558.26
2012-06-12,2540.18
2012-06-13,2580.64
2012-06-14,2560.42
2012-06-15,2568.05
2012-06-18,2581.21
2012-06-19,2558.62
2012-06-20,2552.61
2012-06-21,2512.19
2012-06-25,2456.52
2012-06-26,2454.92
2012-06-27,2447.2
2012-06-28,2425.73
2012-06-29,2461.61
2012-07-02,2465.24
2012-07-03,2468.72
2012-07-04,2464.92
2012-07-05,2430.37
2012-07-06,2472.61
2012-07-09,2416.04
2012-07-10,2406.71
2012-07-11,2425.57
2012-07-12,2449.18
2012-07-13,2450.63
2012-07-16,2399.73
2012-07-17,2414.2
2012-07-18,2414.33
2012-07-19,2424.32
2012-07-20,2398.46
2012-07-23,2365.43
2012-07-24,2375.99
2012-07-25,2360.08
2012-07-26,2347.49
2012-07-27,2349.11
2012-07-30,2335.79
2012-07-31,2332.92
2012-08-01,2358.65
2012-08-02,2334.88
2012-08-03,2353.74
2012-08-06,2385.61
2012-08-07,2388.87
2012-08-08,2389.8
2012-08-09,2411.7
2012-08-10,2399.75
2012-08-13,2351.93
2012-08-14,2357.02
2012-08-15,2331.61
2012-08-16,2319.67
2012-08-17,2313.48
2012-08-20,2301.79
2012-08-21,2313.7
2012-08-22,2295.59
2012-08-23,2302.2
2012-08-24,2275.68
2012-08-27,2228.2
2012-08-28,2238.41
2012-08-29,2214.81
2012-08-30,2211.37
2012-08-31,2204.87
2012-09-03,2228.37
2012-09-04,2204.41
2012-09-05,2199.88
2012-09-06,2217.82
2012-09-07,2317.18
2012-09-10,2326.67
2012-09-11,2311.89
2012-09-12,2320.07
2012-09-13,2298.46
2012-09-14,2315.54
2012-09-17,2258.7
2012-09-18,2235.24
2012-09-19,2246.24
2012-09-20,2195.95
2012-09-21,2199.06
2012-09-24,2215.52
2012-09-25,2210.15
2012-09-26,2184.89
2012-09-27,2251.72
2012-09-28,2293.11
2012-10-08,2270.05
2012-10-09,2320.16
2012-10-10,2324.12
2012-10-11,2302.53
2012-10-12,2304.53
2012-10-15,2294.86
2012-10-16,2298.16
2012-10-17,2300.8
2012-10-18,2336.08
2012-10-19,2332.47
2012-10-22,2341.59
2012-10-23,2312.08
2012-10-24,2307.78
2012-10-25,2291.24
2012-10-26,2247.91
2012-10-29,2235.85
2012-10-30,2239.88
2012-10-31,2254.82
2012-11-01,2297.88
2012-11-02,2306.77
2012-11-05,2301.88
2012-11-06,2292.21
2012-11-07,2287.51
2012-11-08,2245.41
2012-11-09,2240.92
2012-11-12,2251.85
2012-11-13,2212.44
2012-11-14,2223.11
2012-11-15,2193.62
2012-11-16,2177.24
2012-11-19,2174.99
2012-11-20,2164.88
2012-11-21,2194.9
2012-11-22,2177.55
2012-11-23,2192.68
2012-11-26,2175.6
2012-11-27,2150.64
2012-11-28,2129.16
2012-11-29,2115.68
2012-11-30,2139.66
2012-12-03,2108.85
2012-12-04,2131.47
2012-12-05,2207.88
2012-12-06,2203.6
2012-12-07,2246.76
2012-12-10,2271.05
2012-12-11,2258.5
2012-12-12,2267.77
2012-12-13,2242.64
2012-12-14,2355.86
2012-12-17,2366.7
2012-12-18,2368.12
2012-12-19,2371.11
2012-12-20,2384.82
2012-12-21,2372.0
2012-12-24,2381.22
2012-12-25,2448.39
2012-12-26,2457.62
2012-12-27,2444.59
2012-12-28,2480.05
2012-12-31,2522.95
2013-01-04,2524.41
2013-01-07,2535.99
2013-01-08,2525.33
2013-01-09,2526.13
2013-01-10,2530.57
2013-01-11,2483.23
2013-01-14,2577.72
2013-01-15,2595.86
2013-01-16,2577.09
2013-01-17,2552.76
2013-01-18,2595.44
2013-01-21,2610.9
2013-01-22,2596.9
2013-01-23,2607.46
2013-01-24,2582.76
2013-01-25,2571.67
2013-01-28,2651.86
2013-01-29,2675.87
2013-01-30,2688.71
2013-01-31,2686.88
2013-02-01,2743.32
2013-02-04,2748.03
2013-02-05,2771.68
2013-02-06,2775.84
2013-02-07,2759.87
2013-02-08,2771.72
2013-02-18,2737.47
2013-02-19,2685.61
2013-02-20,2702.64
2013-02-21,2610.55
2013-02-22,2596.6
2013-02-25,2604.96
2013-02-26,2567.59
2013-02-27,2594.68
2013-02-28,2673.33
2013-03-01,2668.84
2013-03-04,2545.72
2013-03-05,2622.81
2013-03-06,2650.2
2013-03-07,2619.48
2013-03-08,2606.93
2013-03-11,2592.37
2013-03-12,2555.61
2013-03-13,2527.49
2013-03-14,2534.27
2013-03-15,2539.87
2013-03-18,2502.49
2013-03-19,2525.1
2013-03-20,2610.17
2013-03-21,2614.99
2013-03-22,2618.31
2013-03-25,2613.1
2013-03-26,2575.05
2013-03-27,2583.53
2013-03-28,2499.3
2013-03-29,2495.08
2013-04-01,2493.19
2013-04-02,2486.39
2013-04-03,2483.55
2013-04-08,2472.3
2013-04-09,2489.43
2013-04-10,2485.31
2013-04-11,2477.88
2013-04-12,2462.11
2013-04-15,2436.82
2013-04-16,2459.59
2013-04-17,2458.47
2013-04-18,2464.85
2013-04-19,2533.83
2013-04-22,2530.67
2013-04-23,2449.47
2013-04-24,2495.58
2013-04-25,2467.88
2013-04-26,2447.31
2013-05-02,2449.64
2013-05-03,2492.91
2013-05-06,2525.98
2013-05-07,2529.94
2013-05-08,2542.8
2013-05-09,2527.79
2013-05-10,2540.84
2013-05-13,2530.77
2013-05-14,2493.34
2013-05-15,2506.93
2013-05-16,2552.71
2013-05-17,2592.05
2013-05-20,2609.61
2013-05-21,2614.85
2013-05-22,2618.03
2013-05-23,2582.85
2013-05-24,2597.23
2013-05-27,2599.59
2013-05-28,2644.36
2013-05-29,2642.56
2013-05-30,2634.32
2013-05-31,2606.43
2013-06-03,2602.62
2013-06-04,2565.67
2013-06-05,2560.54
2013-06-06,2527.84
2013-06-07,2484.16
2013-06-13,2399.94
2013-06-14,2416.77
2013-06-17,2403.84
2013-06-18,2418.74
2013-06-19,2400.76
2013-06-20,2321.47
2013-06-21,2317.39
2013-06-24,2171.21
2013-06-25,2165.42
2013-06-26,2168.3
2013-06-27,2160.74
2013-06-28,2200.64
2013-07-01,2213.32
2013-07-02,2221.98
2013-07-03,2203.83
2013-07-04,2221.98
2013-07-05,2226.85
2013-07-08,2163.62
2013-07-09,2162.67
2013-07-10,2224.07
2013-07-11,2326.69
2013-07-12,2275.37
2013-07-15,2307.3
2013-07-16,2317.85
2013-07-17,2282.84
2013-07-18,2245.33
2013-07-19,2190.48
2013-07-22,2202.19
2013-07-23,2265.84
2013-07-24,2249.15
2013-07-25,2237.68
2013-07-26,2224.01
2013-07-29,2175.97
2013-07-30,2189.39
2013-07-31,2193.02
2013-08-01,2245.36
2013-08-02,2247.26
2013-08-05,2278.33
2013-08-06,2293.64
2013-08-07,2280.62
2013-08-08,2276.78
2013-08-09,2286.01
2013-08-12,2352.79
2013-08-13,2359.07
2013-08-14,2349.08
2013-08-15,2321.58
2013-08-16,2304.14
2013-08-19,2331.43
2013-08-20,2312.47
2013-08-21,2308.59
2013-08-22,2303.93
2013-08-23,2286.93
2013-08-26,2335.62
2013-08-27,2340.88
2013-08-28,2328.06
2013-08-29,2318.31
2013-08-30,2313.91
2013-09-02,2320.34
2013-09-03,2354.5
2013-09-04,2350.7
2013-09-05,2341.74
2013-09-06,2357.78
2013-09-09,2440.61
2013-09-10,2474.89
2013-09-11,2482.89
2013-09-12,2507.45
2013-09-13,2488.9
2013-09-16,2478.39
2013-09-17,2427.32
2013-09-18,2432.51
2013-09-23,2472.29
2013-09-24,2443.89
2013-09-25,2429.03
2013-09-26,2384.44
2013-09-27,2394.97
2013-09-30,2409.04
2013-10-08,2441.81
2013-10-09,2453.58
2013-10-10,2429.32
2013-10-11,2468.51
2013-10-14,2472.54
2013-10-15,2467.52
2013-10-16,2421.37
2013-10-17,2413.33
2013-10-18,2426.05
2013-10-21,2471.32
2013-10-22,2445.89
2013-10-23,2418.49
2013-10-24,2400.51
2013-10-25,2368.56
2013-10-28,2365.95
2013-10-29,2372.05
2013-10-30,2407.47
2013-10-31,2373.72
2013-11-01,2384.96
2013-11-04,2380.45
2013-11-05,2383.77
2013-11-06,2353.57
2013-11-07,2340.55
2013-11-08,2307.95
2013-11-11,2315.89
2013-11-12,2340.0
2013-11-13,2288.12
2013-11-14,2304.5
2013-11-15,2350.73
2013-11-18,2428.9
2013-11-19,2412.16
2013-11-20,2424.85
2013-11-21,2409.99
2013-11-22,2397.96
2013-11-25,2388.63
2013-11-26,2387.42
2013-11-27,2414.48
2013-11-28,2439.53
2013-11-29,2438.94
2013-12-02,2418.79
2013-12-03,2442.78
2013-12-04,2475.14
2013-12-05,2468.2
2013-12-06,2452.29
2013-12-09,2450.87
2013-12-10,2453.32
2013-12-11,2412.76
2013-12-12,2410.01
2013-12-13,2406.64
2013-12-16,2367.92
2013-12-17,2356.38
2013-12-18,2357.23
2013-12-19,2332.41
2013-12-20,2278.14
2013-12-23,2284.6
2013-12-24,2288.25
2013-12-25,2305.11
2013-12-26,2265.33
2013-12-27,2303.48
2013-12-30,2299.46
2013-12-31,2330.03
2014-01-02,2321.98
2014-01-03,2290.78
2014-01-06,2238.64
2014-01-07,2238.0
2014-01-08,2241.91
2014-01-09,2222.22
2014-01-10,2204.85
2014-01-13,2193.68
2014-01-14,2212.85
2014-01-15,2208.94
2014-01-16,2211.84
2014-01-17,2178.49
2014-01-20,2165.99
2014-01-21,2187.41
2014-01-22,2243.8
2014-01-23,2231.89
2014-01-24,2245.68
2014-01-27,2215.92
2014-01-28,2219.86
2014-01-29,2227.78
2014-01-30,2202.45
2014-02-07,2212.48
2014-02-10,2267.53
2014-02-11,2285.56
2014-02-12,2291.25
2014-02-13,2279.55
2014-02-14,2295.57
2014-02-17,2311.65
2014-02-18,2282.44
2014-02-19,2308.66
2014-02-20,2287.44
2014-02-21,2264.29
2014-02-24,2214.51
2014-02-25,2157.91
2014-02-26,2163.41
2014-02-27,2154.11
2014-02-28,2178.97
2014-03-03,2190.37
2014-03-04,2184.27
2014-03-05,2163.98
2014-03-06,2173.63
2014-03-07,2168.36
2014-03-10,2097.79
2014-03-11,2108.66
2014-03-12,2114.13
2014-03-13,2140.33
2014-03-14,2122.84
2014-03-17,2143.04
2014-03-18,2138.13
2014-03-19,2120.87
2014-03-20,2086.97
2014-03-21,2158.8
2014-03-24,2176.55
2014-03-25,2174.44
2014-03-26,2171.05
2014-03-27,2155.71
2014-03-28,2151.97
2014-03-31,2146.3
2014-04-01,2163.11
2014-04-02,2180.73
2014-04-03,2165.01
2014-04-04,2185.47
2014-04-08,2237.32
2014-04-09,2238.62
2014-04-10,2273.76
2014-04-11,2270.67
2014-04-14,2268.61
2014-04-15,2229.46
2014-04-16,2232.53
2014-04-17,2224.8
2014-04-18,2224.48
2014-04-21,2187.25
2014-04-22,2196.8
2014-04-23,2194.67
2014-04-24,2190.47
2014-04-25,2167.83
2014-04-28,2134.97
2014-04-29,2158.47
2014-04-30,2158.66
2014-05-05,2156.47
2014-05-06,2157.33
2014-05-07,2137.32
2014-05-08,2135.5
2014-05-09,2133.91
2014-05-12,2180.05
2014-05-13,2174.85
2014-05-14,2172.37
2014-05-15,2144.08
2014-05-16,2145.95
2014-05-19,2115.14
2014-05-20,2115.77
2014-05-21,2135.91
2014-05-22,2130.87
2014-05-23,2148.41
2014-05-26,2155.98
2014-05-27,2147.28
2014-05-28,2169.35
2014-05-29,2155.16
2014-05-30,2156.46
2014-06-03,2149.92
2014-06-04,2128.27
2014-06-05,2150.6
2014-06-06,2134.72
2014-06-09,2134.28
2014-06-10,2161.27
2014-06-11,2160.77
2014-06-12,2153.41
2014-06-13,2176.24
2014-06-16,2191.86
2014-06-17,2169.67
2014-06-18,2160.24
2014-06-19,2126.91
2014-06-20,2136.73
2014-06-23,2134.11
2014-06-24,2144.82
2014-06-25,2133.37
2014-06-26,2149.08
2014-06-27,2150.26
2014-06-30,2165.12
2014-07-01,2164.56
2014-07-02,2170.87
2014-07-03,2180.19
2014-07-04,2178.7
2014-07-07,2176.29
2014-07-08,2180.47
2014-07-09,2148.71
2014-07-10,2142.85
2014-07-11,2148.01
2014-07-14,2171.76
2014-07-15,2174.98
2014-07-16,2170.87
2014-07-17,2157.07
2014-07-18,2164.14
2014-07-21,2166.3
2014-07-22,2192.7
2014-07-23,2197.83
2014-07-24,2237.01
2014-07-25,2260.45
2014-07-28,2323.9
2014-07-29,2331.37
2014-07-30,2322.01
2014-07-31,2350.25
2014-08-01,2329.4
2014-08-04,2375.62
2014-08-05,2369.35
2014-08-06,2363.22
2014-08-07,2327.46
2014-08-08,2331.13
2014-08-11,2365.35
2014-08-12,2357.05
2014-08-13,2358.9
2014-08-14,2335.95
2014-08-15,2360.64
2014-08-18,2374.56
2014-08-19,2374.77
2014-08-20,2366.14
2014-08-21,2354.24
2014-08-22,2365.36
2014-08-25,2342.86
2014-08-26,2324.09
2014-08-27,2327.59
2014-08-28,2311.28
2014-08-29,2338.29
2014-09-01,2355.32
2014-09-02,2386.46
2014-09-03,2408.84
2014-09-04,2426.22
2014-09-05,2449.26
2014-09-09,2445.22
2014-09-10,2432.43
2014-09-11,2423.45
2014-09-12,2438.36
2014-09-15,2437.19
2014-09-16,2388.76
2014-09-17,2401.33
2014-09-18,2408.66
2014-09-19,2425.21
2014-09-22,2378.92
2014-09-23,2399.46
2014-09-24,2441.86
2014-09-25,2436.97
2014-09-26,2437.2
2014-09-29,2447.8
2014-09-30,2450.99
2014-10-08,2478.38
2014-10-09,2481.95
2014-10-10,2466.79
2014-10-13,2454.95
2014-10-14,2446.56
2014-10-15,2463.87
2014-10-16,2444.39
2014-10-17,2441.73
2014-10-20,2454.71
2014-10-21,2433.39
2014-10-22,2418.64
2014-10-23,2395.94
2014-10-24,2390.71
2014-10-27,2368.83
2014-10-28,2416.65
2014-10-29,2451.38
2014-10-30,2468.93
2014-10-31,2508.32
2014-11-03,2512.55
2014-11-04,2513.17
2014-11-05,2503.45
2014-11-06,2506.07
2014-11-07,2502.15
2014-11-10,2565.73
2014-11-11,2558.61
2014-11-12,2594.32
2014-11-13,2579.75
2014-11-14,2581.09
2014-11-17,2567.1
2014-11-18,2541.42
2014-11-19,2537.22
2014-11-20,2537.1
2014-11-21,2583.45
2014-11-24,2649.26
2014-11-25,2685.56
2014-11-26,2723.02
2014-11-27,2754.49
2014-11-28,2808.82
2014-12-01,2819.81
2014-12-02,2923.94
2014-12-03,2967.55
2014-12-04,3104.35
2014-12-05,3124.89
2014-12-08,3252.88
2014-12-09,3106.91
2014-12-10,3221.55
2014-12-11,3183.01
2014-12-12,3193.23
2014-12-15,3217.23
2014-12-16,3303.4
2014-12-17,3360.6
2014-12-18,3345.93
2014-12-19,3383.17
2014-12-22,3394.48
2014-12-23,3324.92
2014-12-24,3230.39
2014-12-25,3335.42
2014-12-26,3445.84
2014-12-29,3455.45
2014-12-30,3457.55
2014-12-31,3533.7
2015-01-05,3641.54
2015-01-06,3641.06
2015-01-07,3643.79
2015-01-08,3559.26
2015-01-09,3546.72
2015-01-12,3513.58
2015-01-13,3514.04
2015-01-14,3502.42
2015-01-15,3604.12
2015-01-16,3635.15
2015-01-19,3355.16
2015-01-20,3396.22
2015-01-21,3548.89
2015-01-22,3567.61
2015-01-23,3571.73
2015-01-26,3607.99
2015-01-27,3574.93
2015-01-28,3525.32
2015-01-29,3481.8
2015-01-30,3434.39
2015-02-02,3353.96
2015-02-03,3437.45
2015-02-04,3401.77
2015-02-05,3366.95
2015-02-06,3312.42
2015-02-09,3345.92
2015-02-10,3406.94
2015-02-11,3434.12
2015-02-12,3442.87
2015-02-13,3469.83
2015-02-16,3499.48
2015-02-17,3522.32
2015-02-25,3478.73
2015-02-26,3566.3
2015-02-27,3572.84
2015-03-02,3601.26
2015-03-03,3507.9
2015-03-04,3530.82
2015-03-05,3496.34
2015-03-06,3478.52
2015-03-09,3537.75
2015-03-10,3520.61
2015-03-11,3524.65
2015-03-12,3592.84
2015-03-13,3617.66
2015-03-16,3705.67
2015-03-17,3757.12
2015-03-18,3846.05
2015-03-19,3839.74
2015-03-20,3892.57
2015-03-23,3972.06
2015-03-24,3973.05
2015-03-25,3940.41
2015-03-26,3950.0
2015-03-27,3971.7
2015-03-30,4088.18
2015-03-31,4051.2
2015-04-01,4123.9
2015-04-02,4124.78
2015-04-03,4170.54
2015-04-07,4260.04
2015-04-08,4295.8
2015-04-09,4262.14
2015-04-10,4344.42
2015-04-13,4421.07
2015-04-14,4438.18
2015-04-15,4380.51
2015-04-16,4513.55
2015-04-17,4596.14
2015-04-20,4521.92
2015-04-21,4619.16
2015-04-22,4739.81
2015-04-23,4740.89
2015-04-24,4702.64
2015-04-27,4807.59
2015-04-28,4741.86
2015-04-29,4774.33
2015-04-30,4749.89
2015-05-04,4787.74
2015-05-05,4596.84
2015-05-06,4553.33
2015-05-07,4470.09
2015-05-08,4558.4
2015-05-11,4690.53
2015-05-12,4747.42
2015-05-13,4718.44
2015-05-14,4700.78
2015-05-15,4617.47
2015-05-18,4575.14
2015-05-19,4731.22
2015-05-20,4754.92
2015-05-21,4840.98
2015-05-22,4951.34
2015-05-25,5099.49
2015-05-26,5198.92
2015-05-27,5181.43
2015-05-28,4834.01
2015-05-29,4840.83
2015-06-01,5076.18
2015-06-02,5161.87
2015-06-03,5143.59
2015-06-04,5181.42
2015-06-05,5230.55
2015-06-08,5353.75
2015-06-09,5317.46
2015-06-10,5309.11
2015-06-11,5306.59
2015-06-12,5335.12
2015-06-15,5221.17
2015-06-16,5064.82
2015-06-17,5138.83
2015-06-18,4930.55
2015-06-19,4637.05
2015-06-23,4786.09
2015-06-24,4880.13
2015-06-25,4706.52
2015-06-26,4336.19
2015-06-29,4191.55
2015-06-30,4473.0
2015-07-01,4253.02
2015-07-02,4108.0
2015-07-03,3885.92
2015-07-06,3998.54
2015-07-07,3928.0
2015-07-08,3663.04
2015-07-09,3897.63
2015-07-10,4106.56
2015-07-13,4211.81
2015-07-14,4112.15
2015-07-15,3966.76
2015-07-16,3997.36
2015-07-17,4151.5
2015-07-20,4160.61
2015-07-21,4166.01
2015-07-22,4157.16
2015-07-23,4250.81
2015-07-24,4176.28
2015-07-27,3818.73
2015-07-28,3811.09
2015-07-29,3930.38
2015-07-30,3815.41
2015-07-31,3816.7
2015-08-03,3829.24
2015-08-04,3948.16
2015-08-05,3866.9
2015-08-06,3831.85
2015-08-07,3906.94
2015-08-10,4084.36
2015-08-11,4066.67
2015-08-12,4016.13
2015-08-13,4075.46
2015-08-14,4073.54
2015-08-17,4077.87
2015-08-18,3825.41
2015-08-19,3886.14
2015-08-20,3761.45
2015-08-21,3589.54
2015-08-24,3275.53
2015-08-25,3042.93
2015-08-26,3025.69
2015-08-27,3205.64
2015-08-28,3342.29
2015-08-31,3366.54
2015-09-01,3362.08
2015-09-02,3365.83
2015-09-07,3250.49
2015-09-08,3334.02
2015-09-09,3399.31
2015-09-10,3357.56
2015-09-11,3347.19
2015-09-14,3281.13
2015-09-15,3152.23
2015-09-16,3309.25
2015-09-17,3237.0
2015-09-18,3251.27
2015-09-21,3308.25
2015-09-22,3339.03
2015-09-23,3263.03
2015-09-24,3285.0
2015-09-25,3231.95
2015-09-28,3242.75
2015-09-29,3178.85
2015-09-30,3202.95
2015-10-08,3296.48
2015-10-09,3340.12
2015-10-12,3447.69
2015-10-13,3445.04
2015-10-14,3406.11
2015-10-15,3486.82
2015-10-16,3534.07
2015-10-19,3534.18
2015-10-20,3577.7
2015-10-21,3473.25
2015-10-22,3524.53
2015-10-23,3571.24
2015-10-26,3589.26
2015-10-27,3592.88
2015-10-28,3524.92
2015-10-29,3533.31
2015-10-30,3534.08
2015-11-02,3475.96
2015-11-03,3465.49
2015-11-04,3628.54
2015-11-05,3705.97
2015-11-06,3793.37
2015-11-09,3840.35
2015-11-10,3833.24
2015-11-11,3833.65
2015-11-12,3795.32
2015-11-13,3746.24
2015-11-16,3764.13
2015-11-17,3758.39
2015-11-18,3715.58
2015-11-19,3774.97
2015-11-20,3774.38
2015-11-23,3753.34
2015-11-24,3753.89
2015-11-25,3781.61
2015-11-26,3759.43
2015-11-27,3556.99
2015-11-30,3566.41
2015-12-01,3591.7
2015-12-02,3721.95
2015-12-03,3749.3
2015-12-04,3677.59
2015-12-07,3687.61
2015-12-08,3623.02
2015-12-09,3635.94
2015-12-10,3623.08
2015-12-11,3608.06
2015-12-14,3711.32
2015-12-15,3694.39
2015-12-16,3685.44
2015-12-17,3755.89
2015-12-18,3767.91
2015-12-21,3865.96
2015-12-22,3876.73
2015-12-23,3866.38
2015-12-24,3829.4
2015-12-25,3838.2
2015-12-28,3727.63
2015-12-29,3761.87
2015-12-30,3765.18
2015-12-31,3731.0
2016-01-04,3469.07
2016-01-05,3478.78
2016-01-06,3539.81
2016-01-07,3294.38
2016-01-08,3361.56
2016-01-11,3192.45
2016-01-12,3215.71
2016-01-13,3155.88
2016-01-14,3221.57
2016-01-15,3118.73
2016-01-18,3130.73
2016-01-19,3223.13
2016-01-20,3174.38
2016-01-21,3081.35
2016-01-22,3113.46
2016-01-25,3128.89
2016-01-26,2940.51
2016-01-27,2930.35
2016-01-28,2853.76
2016-01-29,2946.09
2016-02-01,2901.05
2016-02-02,2961.33
2016-02-03,2948.64
2016-02-04,2984.76
2016-02-05,2963.79
2016-02-15,2946.71
2016-02-16,3037.04
2016-02-17,3063.32
2016-02-18,3053.7
2016-02-19,3051.59
2016-02-22,3118.87
2016-02-23,3089.36
2016-02-24,3109.55
2016-02-25,2918.75
2016-02-26,2948.03
2016-02-29,2877.47
2016-03-01,2930.69
2016-03-02,3051.33
2016-03-03,3058.42
2016-03-04,3093.89
2016-03-07,3104.84
2016-03-08,3107.67
2016-03-09,3071.91
2016-03-10,3013.15
2016-03-11,3018.28
2016-03-14,3065.69
2016-03-15,3074.78
2016-03-16,3090.03
2016-03-17,3124.2
2016-03-18,3171.96
2016-03-21,3249.44
2016-03-22,3225.79
2016-03-23,3236.09
2016-03-24,3181.85
2016-03-25,3197.82
2016-03-28,3169.73
2016-03-29,3135.41
2016-03-30,3216.28
2016-03-31,3218.09
2016-04-01,3221.89
2016-04-05,3264.49
2016-04-06,3257.53
2016-04-07,3209.29
2016-04-08,3185.73
2016-04-11,3230.1
2016-04-12,3218.45
2016-04-13,3261.38
2016-04-14,3275.83
2016-04-15,3272.21
2016-04-18,3228.45
2016-04-19,3238.3
2016-04-20,3181.03
2016-04-21,3160.6
2016-04-22,3174.9
2016-04-25,3162.03
2016-04-26,3179.16
2016-04-27,3165.92
2016-04-28,3160.58
2016-04-29,3156.75
2016-05-03,3213.54
2016-05-04,3209.46
2016-05-05,3213.92
2016-05-06,3130.35
2016-05-09,3065.62
2016-05-10,3069.11
2016-05-11,3082.81
2016-05-12,3090.14
2016-05-13,3074.94
2016-05-16,3095.31
2016-05-17,3086.02
2016-05-18,3068.04
2016-05-19,3062.5
2016-05-20,3078.22
2016-05-23,3087.22
2016-05-24,3063.56
2016-05-25,3059.23
2016-05-26,3064.21
2016-05-27,3062.5
2016-05-30,3066.71
2016-05-31,3169.56
2016-06-01,3160.55
2016-06-02,3167.1
2016-06-03,3189.33
2016-06-06,3178.79
2016-06-07,3177.05
2016-06-08,3163.99
2016-06-13,3066.34
2016-06-14,3075.98
2016-06-15,3116.37
2016-06-16,3094.67
2016-06-17,3110.36
2016-06-20,3112.67
2016-06-21,3106.32
2016-06-22,3133.96
2016-06-23,3117.32
2016-06-24,3077.16
2016-06-27,3120.54
2016-06-28,3136.4
2016-06-29,3151.39
2016-06-30,3153.92
2016-07-01,3154.2
2016-07-04,3204.7
2016-07-05,3207.38
2016-07-06,3216.8
2016-07-07,3209.95
2016-07-08,3192.28
2016-07-11,3203.33
2016-07-12,3273.18
2016-07-13,3282.87
2016-07-14,3276.76
2016-07-15,3276.28
2016-07-18,3262.02
2016-07-19,3248.23
2016-07-20,3237.61
2016-07-21,3252.52
2016-07-22,3225.16
2016-07-25,3230.89
2016-07-26,3269.59
2016-07-27,3218.24
2016-07-28,3221.14
2016-07-29,3203.93
2016-08-01,3176.81
2016-08-02,3189.05
2016-08-03,3193.51
2016-08-04,3201.29
2016-08-05,3205.11
2016-08-08,3234.18
2016-08-09,3256.98
2016-08-10,3243.34
2016-08-11,3233.36
2016-08-12,3294.23
2016-08-15,3393.42
2016-08-16,3378.25
2016-08-17,3373.05
2016-08-18,3364.49
2016-08-19,3365.02
2016-08-22,3336.79
2016-08-23,3341.83
2016-08-24,3329.86
2016-08-25,3308.97
2016-08-26,3307.09
2016-08-29,3307.78
2016-08-30,3311.99
2016-08-31,3327.79
2016-09-01,3301.58
2016-09-02,3314.11
2016-09-05,3319.68
2016-09-06,3342.63
2016-09-07,3340.82
2016-09-08,3339.56
2016-09-09,3318.04
2016-09-12,3262.6
2016-09-13,3260.33
2016-09-14,3238.73
2016-09-19,3263.12
2016-09-20,3257.4
2016-09-21,3266.64
2016-09-22,3291.12
2016-09-23,3275.67
2016-09-26,3220.28
2016-09-27,3240.75
2016-09-28,3230.89
2016-09-29,3244.39
2016-09-30,3253.28
2016-10-10,3293.87
2016-10-11,3306.56
2016-10-12,3300.01
2016-10-13,3302.65
2016-10-14,3305.85
2016-10-17,3277.88
2016-10-18,3321.33
2016-10-19,3316.24
2016-10-20,3318.6
2016-10-21,3327.74
2016-10-24,3367.58
2016-10-25,3367.45
2016-10-26,3354.8
2016-10-27,3345.7
2016-10-28,3340.13
2016-10-31,3336.28
2016-11-01,3359.05
2016-11-02,3333.35
2016-11-03,3365.09
2016-11-04,3354.17
2016-11-07,3356.59
2016-11-08,3371.12
2016-11-09,3353.05
2016-11-10,3390.61
2016-11-11,3417.22
2016-11-14,3430.25
2016-11-15,3429.87
2016-11-16,3429.59
2016-11-17,3436.53
2016-11-18,3417.46
2016-11-21,3441.11
2016-11-22,3468.36
2016-11-23,3474.73
2016-11-24,3488.74
2016-11-25,3521.3
2016-11-28,3535.08
2016-11-29,3564.04
2016-11-30,3538.0
2016-12-01,3565.04
2016-12-02,3528.95
2016-12-05,3469.41
2016-12-06,3459.15
2016-12-07,3475.75
2016-12-08,3470.14
2016-12-09,3493.7
2016-12-12,3409.18
2016-12-13,3405.04
2016-12-14,3378.95
2016-12-15,3340.43
2016-12-16,3346.03
2016-12-19,3328.98
2016-12-20,3309.06
2016-12-21,3338.54
2016-12-22,3335.67
2016-12-23,3307.6
2016-12-26,3322.4
2016-12-27,3316.39
2016-12-28,3301.89
2016-12-29,3297.76
2016-12-30,3310.08
2017-01-03,3342.23
2017-01-04,3368.31
2017-01-05,3367.79
2017-01-06,3347.67
2017-01-09,3363.9
2017-01-10,3358.27
2017-01-11,3334.5
2017-01-12,3317.62
2017-01-13,3319.91
2017-01-16,3319.45
2017-01-17,3326.36
2017-01-18,3339.37
2017-01-19,3329.29
2017-01-20,3354.89
2017-01-23,3364.08
2017-01-24,3364.45
2017-01-25,3375.9
2017-01-26,3387.96
2017-02-03,3364.49
2017-02-06,3373.21
2017-02-07,3365.68
2017-02-08,3383.29
2017-02-09,3396.29
2017-02-10,3413.49
2017-02-13,3436.28
2017-02-14,3435.8
2017-02-15,3421.71
2017-02-16,3440.93
2017-02-17,3421.44
2017-02-20,3471.39
2017-02-21,3482.82
2017-02-22,3489.76
2017-02-23,3473.32
2017-02-24,3473.85
2017-02-27,3446.22
2017-02-28,3452.81
2017-03-01,3458.44
2017-03-02,3435.1
2017-03-03,3427.86
2017-03-06,3446.48
2017-03-07,3453.96
2017-03-08,3448.73
2017-03-09,3426.94
2017-03-10,3427.89
2017-03-13,3458.1
2017-03-14,3456.69
2017-03-15,3463.64
2017-03-16,3481.51
2017-03-17,3445.81
2017-03-20,3449.61
2017-03-21,3466.35
2017-03-22,3450.05
2017-03-23,3461.98
2017-03-24,3489.6
2017-03-27,3478.04
2017-03-28,3469.81
2017-03-29,3465.19
2017-03-30,3436.76
2017-03-31,3456.05
2017-04-05,3503.89
2017-04-06,3514.05
2017-04-07,3517.46
2017-04-10,3505.14
2017-04-11,3517.33
2017-04-12,3509.44
2017-04-13,3514.57
2017-04-14,3486.5
2017-04-17,3479.94
2017-04-18,3462.74
2017-04-19,3445.88
2017-04-20,3461.55
2017-04-21,3466.79
2017-04-24,3431.26
2017-04-25,3440.97
2017-04-26,3445.18
2017-04-27,3446.72
2017-04-28,3439.75
2017-05-02,3426.58
2017-05-03,3413.13
2017-05-04,3404.39
2017-05-05,3382.55
2017-05-08,3358.81
2017-05-09,3352.53
2017-05-10,3337.7
2017-05-11,3356.65
2017-05-12,3385.38
2017-05-15,3399.19
2017-05-16,3428.65
2017-05-17,3409.97
2017-05-18,3398.11
2017-05-19,3403.85
2017-05-22,3411.24
2017-05-23,3424.19
2017-05-24,3424.17
2017-05-25,3485.66
2017-05-26,3480.43
2017-05-31,3492.88
2017-06-01,3497.74
2017-06-02,3486.51
2017-06-05,3468.75
2017-06-06,3492.88
2017-06-07,3533.87
2017-06-08,3560.98
2017-06-09,3576.17
2017-06-12,3574.39
2017-06-13,3582.27
2017-06-14,3535.3
2017-06-15,3528.79
2017-06-16,3518.76
2017-06-19,3553.67
2017-06-20,3546.49
2017-06-21,3587.95
2017-06-22,3590.34
2017-06-23,3622.88
2017-06-26,3668.09
2017-06-27,3674.72
2017-06-28,3646.17
2017-06-29,3668.83
2017-06-30,3666.8
2017-07-03,3650.85
2017-07-04,3619.98
2017-07-05,3659.68
2017-07-06,3660.1
2017-07-07,3655.93
2017-07-10,3653.69
2017-07-11,3670.81
2017-07-12,3658.82
2017-07-13,3686.92
2017-07-14,3703.09
2017-07-17,3663.56
2017-07-18,3667.18
2017-07-19,3729.75
2017-07-20,3747.88
2017-07-21,3728.6
2017-07-24,3743.47
2017-07-25,3719.56
2017-07-26,3705.39
2017-07-27,3712.2
2017-07-28,3721.89
2017-07-31,3737.87
2017-08-01,3770.38
2017-08-02,3760.85
2017-08-03,3727.83
2017-08-04,3707.58
2017-08-07,3726.8
2017-08-08,3732.21
2017-08-09,3731.04
2017-08-10,3715.92
2017-08-11,3647.35
2017-08-14,3694.68
2017-08-15,3706.06
2017-08-16,3701.42
2017-08-17,3721.28
2017-08-18,3724.68
2017-08-21,3740.99
2017-08-22,3752.3
2017-08-23,3756.09
2017-08-24,3734.65
2017-08-25,3795.75
2017-08-28,3842.71
2017-08-29,3834.54
2017-08-30,3834.3
2017-08-31,3822.09
2017-09-01,3830.54
2017-09-04,3845.62
2017-09-05,3857.05
2017-09-06,3849.45
2017-09-07,3829.87
2017-09-08,3825.99
2017-09-11,3825.64
2017-09-12,3837.93
2017-09-13,3842.61
2017-09-14,3829.96
2017-09-15,3831.3
2017-09-18,3843.14
2017-09-19,3832.12
2017-09-20,3842.43
2017-09-21,3837.82
2017-09-22,3837.73
2017-09-25,3817.79
2017-09-26,3820.78
2017-09-27,3821.2
2017-09-28,3822.54
2017-09-29,3836.5
2017-10-09,3882.21
2017-10-10,3889.86
2017-10-11,3902.69
2017-10-12,3912.95
2017-10-13,3921.0
2017-10-16,3913.45
2017-10-17,3913.07
2017-10-18,3944.16
2017-10-19,3931.25
2017-10-20,3926.85
2017-10-23,3930.8
2017-10-24,3959.39
2017-10-25,3976.95
2017-10-26,3993.58
2017-10-27,4021.97
2017-10-30,4009.72
2017-10-31,4006.72
2017-11-01,3996.62
2017-11-02,3997.13
2017-11-03,3992.7
2017-11-06,4020.89
2017-11-07,4054.25
2017-11-08,4048.01
2017-11-09,4075.9
2017-11-10,4111.91
2017-11-13,4128.07
2017-11-14,4099.35
2017-11-15,4073.67
2017-11-16,4105.01
2017-11-17,4120.85
2017-11-20,4143.83
2017-11-21,4217.7
2017-11-22,4227.57
2017-11-23,4102.4
2017-11-24,4104.2
2017-11-27,4049.95
2017-11-28,4055.82
2017-11-29,4053.75
2017-11-30,4006.1
2017-12-01,3998.14
2017-12-04,4018.86
2017-12-05,4040.17
2017-12-06,4015.82
2017-12-07,3971.06
2017-12-08,4003.38
2017-12-11,4069.5
2017-12-12,4016.02
2017-12-13,4050.09
2017-12-14,4026.15
2017-12-15,3980.86
2017-12-18,3985.29
2017-12-19,4035.33
2017-12-20,4030.49
2017-12-21,4067.85
2017-12-22,4054.6
2017-12-25,4041.54
2017-12-26,4053.62
2017-12-27,3991.21
2017-12-28,4018.9
2017-12-29,4030.86
2018-01-02,4087.4
2018-01-03,4111.39
2018-01-04,4128.81
2018-01-05,4138.75
2018-01-08,4160.16
2018-01-09,4189.3
2018-01-10,4207.81
2018-01-11,4205.59
2018-01-12,4225.0
2018-01-15,4225.24
2018-01-16,4258.47
2018-01-17,4248.12
2018-01-18,4271.42
2018-01-19,4285.4
2018-01-22,4336.6
2018-01-23,4382.61
2018-01-24,4389.89
2018-01-25,4365.08
2018-01-26,4381.3
2018-01-29,4302.02
2018-01-30,4256.1
2018-01-31,4275.9
2018-02-01,4245.9
2018-02-02,4271.23
2018-02-05,4274.15
2018-02-06,4148.89
2018-02-07,4050.5
2018-02-08,4012.05
2018-02-09,3840.65
2018-02-12,3890.1
2018-02-13,3935.63
2018-02-14,3966.96
2018-02-22,4052.73
2018-02-23,4071.09
2018-02-26,4118.42
2018-02-27,4058.98
2018-02-28,4023.64
2018-03-01,4049.09
2018-03-02,4016.46
2018-03-05,4018.1
2018-03-06,4066.56
2018-03-07,4036.65
2018-03-08,4077.6
2018-03-09,4108.86
2018-03-12,4127.67
2018-03-13,4091.25
2018-03-14,4073.34
2018-03-15,4096.16
2018-03-16,4056.42
2018-03-19,4074.25
2018-03-20,4077.7
2018-03-21,4061.05
2018-03-22,4020.35
2018-03-23,3904.94
2018-03-26,3879.89
2018-03-27,3913.27
2018-03-28,3842.72
2018-03-29,3894.05
2018-03-30,3898.5
2018-04-02,3886.92
2018-04-03,3862.48
2018-04-04,3854.86
2018-04-09,3852.93
2018-04-10,3927.17
2018-04-11,3938.34
2018-04-12,3898.64
2018-04-13,3871.14
2018-04-16,3808.86
2018-04-17,3748.64
2018-04-18,3766.28
2018-04-19,3811.84
2018-04-20,3760.85
2018-04-23,3766.33
2018-04-24,3843.49
2018-04-25,3828.7
2018-04-26,3755.49
2018-04-27,3756.88
2018-05-02,3763.65
2018-05-03,3793.0
2018-05-04,3774.6
2018-05-07,3834.19
2018-05-08,3878.68
2018-05-09,3871.61
2018-05-10,3893.06
2018-05-11,3872.84
2018-05-14,3909.29
2018-05-15,3924.1
2018-05-16,3892.84
2018-05-17,3864.05
2018-05-18,3903.06
2018-05-21,3921.24
2018-05-22,3906.21
2018-05-23,3854.58
2018-05-24,3827.22
2018-05-25,3816.5
2018-05-28,3833.26
2018-05-29,3804.01
2018-05-30,3723.37
2018-05-31,3802.38
2018-06-01,3770.59
2018-06-04,3807.58
2018-06-05,3845.32
2018-06-06,3837.35
2018-06-07,3831.01
2018-06-08,3779.62
2018-06-11,3779.98
2018-06-12,3825.95
2018-06-13,3788.34
2018-06-14,3773.36
2018-06-15,3753.43
2018-06-19,3621.12
2018-06-20,3635.44
2018-06-21,3592.97
2018-06-22,3608.91
2018-06-25,3560.48
2018-06-26,3531.11
2018-06-27,3459.26
2018-06-28,3423.53
2018-06-29,3510.99
2018-07-02,3407.96
2018-07-03,3409.28
2018-07-04,3363.75
2018-07-05,3342.44
2018-07-06,3365.12
2018-07-09,3459.18
2018-07-10,3467.52
2018-07-11,3407.53
2018-07-12,3481.06
2018-07-13,3492.69
2018-07-16,3472.09
2018-07-17,3449.38
2018-07-18,3431.32
2018-07-19,3428.34
2018-07-20,3492.89
2018-07-23,3525.75
2018-07-24,3581.71
2018-07-25,3577.75
2018-07-26,3536.25
2018-07-27,3521.23
2018-07-30,3515.08
2018-07-31,3517.66
2018-08-01,3447.39
2018-08-02,3370.96
2018-08-03,3315.28
2018-08-06,3273.27
2018-08-07,3368.87
2018-08-08,3314.51
2018-08-09,3397.53
2018-08-10,3405.02
2018-08-13,3390.34
2018-08-14,3372.91
2018-08-15,3291.98
2018-08-16,3276.73
2018-08-17,3229.62
2018-08-20,3267.25
2018-08-21,3326.65
2018-08-22,3307.95
2018-08-23,3320.03
2018-08-24,3325.33
2018-08-27,3406.57
2018-08-28,3400.17
2018-08-29,3386.57
2018-08-30,3351.09
2018-08-31,3334.5
2018-09-03,3321.82
2018-09-04,3363.9
2018-09-05,3298.14
2018-09-06,3262.88
2018-09-07,3277.64
2018-09-10,3230.07
2018-09-11,3224.21
2018-09-12,3202.02
2018-09-13,3236.57
2018-09-14,3242.09
2018-09-17,3204.92
2018-09-18,3269.43
2018-09-19,3312.48
2018-09-20,3310.13
2018-09-21,3410.49
2018-09-25,3379.8
2018-09-26,3417.24
2018-09-27,3403.59
2018-09-28,3438.86
2018-10-08,3290.9
2018-10-09,3288.69
2018-10-10,3281.6
2018-10-11,3124.11
2018-10-12,3170.73
2018-10-15,3126.45
2018-10-16,3100.97
2018-10-17,3118.25
2018-10-18,3044.39
2018-10-19,3134.95
2018-10-22,3270.27
2018-10-23,3183.43
2018-10-24,3188.2
2018-10-25,3194.31
2018-10-26,3173.64
2018-10-29,3076.89
2018-10-30,3110.26
2018-10-31,3153.82
2018-11-01,3177.03
2018-11-02,3290.25
2018-11-05,3262.84
2018-11-06,3243.15
2018-11-07,3221.91
2018-11-08,3212.77
2018-11-09,3167.44
2018-11-12,3205.14
2018-11-13,3237.38
2018-11-14,3204.94
2018-11-15,3242.37
2018-11-16,3257.67
2018-11-19,3294.6
2018-11-20,3218.41
2018-11-21,3226.49
2018-11-22,3214.43
2018-11-23,3143.47
2018-11-26,3141.24
2018-11-27,3137.24
2018-11-28,3178.93
2018-11-29,3137.65
2018-11-30,3172.69
2018-12-03,3260.95
2018-12-04,3267.71
2018-12-05,3252.0
2018-12-06,3181.67
2018-12-07,3181.56
2018-12-10,3144.76
2018-12-11,3159.82
2018-12-12,3170.61
2018-12-13,3219.69
2018-12-14,3165.91
2018-12-17,3161.2
2018-12-18,3128.43
2018-12-19,3091.13
2018-12-20,3067.42
2018-12-21,3029.4
2018-12-24,3038.2
2018-12-25,3017.28
2018-12-26,3002.03
2018-12-27,2990.51
2018-12-28,3010.65
2019-01-02,2969.53
2019-01-03,2964.84
2019-01-04,3035.87
2019-01-07,3054.3
2019-01-08,3047.7
2019-01-09,3078.48
2019-01-10,3072.69
2019-01-11,3094.78
2019-01-14,3067.78
2019-01-15,3127.99
2019-01-16,3128.65
2019-01-17,3111.42
2019-01-18,3168.17
2019-01-21,3185.64
2019-01-22,3143.32
2019-01-23,3141.05
2019-01-24,3158.78
2019-01-25,3184.47
2019-01-28,3183.78
2019-01-29,3193.97
2019-01-30,3168.48
2019-01-31,3201.63
2019-02-01,3247.4
2019-02-11,3306.47
2019-02-12,3330.34
2019-02-13,3397.03
2019-02-14,3402.14
2019-02-15,3338.7
2019-02-18,3445.74
2019-02-19,3439.61
2019-02-20,3451.93
2019-02-21,3442.71
2019-02-22,3520.12
2019-02-25,3729.48
2019-02-26,3684.69
2019-02-27,3678.39
2019-02-28,3669.37
2019-03-01,3749.71
2019-03-04,3794.1
2019-03-05,3816.01
2019-03-06,3848.09
2019-03-07,3808.85
2019-03-08,3657.58
2019-03-11,3729.95
2019-03-12,3755.35
2019-03-13,3724.19
2019-03-14,3698.49
2019-03-15,3745.01
2019-03-18,3851.75
2019-03-19,3833.96
2019-03-20,3835.44
2019-03-21,3836.89
2019-03-22,3833.8
2019-03-25,3742.82
2019-03-26,3700.44
2019-03-27,3743.39
2019-03-28,3728.39
2019-03-29,3872.34
2019-04-01,3973.93
2019-04-02,3971.28
2019-04-03,4022.16
2019-04-04,4062.23
2019-04-08,4057.23
2019-04-09,4075.43
2019-04-10,4085.85
2019-04-11,3997.58
2019-04-12,3988.62
2019-04-15,3975.52
2019-04-16,4085.79
2019-04-17,4087.24
2019-04-18,4072.08
2019-04-19,4120.61
2019-04-22,4025.61
2019-04-23,4019.01
2019-04-24,4030.09
2019-04-25,3941.82
2019-04-26,3889.28
2019-04-29,3900.33
2019-04-30,3913.21
2019-05-06,3684.62
2019-05-07,3720.67
2019-05-08,3667.46
2019-05-09,3599.7
2019-05-10,3730.45
2019-05-13,3668.73
2019-05-14,3645.15
2019-05-15,3727.09
2019-05-16,3743.96
2019-05-17,3648.76
2019-05-20,3617.79
2019-05-21,3666.78
2019-05-22,3649.38
2019-05-23,3583.96
2019-05-24,3593.91
2019-05-27,3637.2
2019-05-28,3672.26
2019-05-29,3663.91
2019-05-30,3641.18
2019-05-31,3629.79
2019-06-03,3632.01
2019-06-04,3598.47
2019-06-05,3597.11
2019-06-06,3564.68
2019-06-10,3610.74
2019-06-11,3719.28
2019-06-12,3691.1
2019-06-13,3685.39
2019-06-14,3654.88
2019-06-17,3654.82
2019-06-18,3667.62
2019-06-19,3715.94
2019-06-20,3828.52
2019-06-21,3833.94
2019-06-24,3841.27
2019-06-25,3801.31
2019-06-26,3794.33
2019-06-27,3834.82
2019-06-28,3825.59
2019-07-01,3935.81
2019-07-02,3937.17
2019-07-03,3893.53
2019-07-04,3873.1
2019-07-05,3893.2
2019-07-08,3802.79
2019-07-09,3793.13
2019-07-10,3786.74
2019-07-11,3785.22
2019-07-12,3808.73
2019-07-15,3824.19
2019-07-16,3806.84
2019-07-17,3804.64
2019-07-18,3768.4
2019-07-19,3807.95
2019-07-22,3781.68
2019-07-23,3789.91
2019-07-24,3819.83
2019-07-25,3851.07
2019-07-26,3858.57
2019-07-29,3854.27
2019-07-30,3870.32
2019-07-31,3835.36
2019-08-01,3803.47
2019-08-02,3747.44
2019-08-05,3675.69
2019-08-06,3636.33
2019-08-07,3621.43
2019-08-08,3669.29
2019-08-09,3633.53
2019-08-12,3699.1
2019-08-13,3665.75
2019-08-14,3682.4
2019-08-15,3694.0
2019-08-16,3710.54
2019-08-19,3791.09
2019-08-20,3787.73
2019-08-21,3781.76
2019-08-22,3793.51
2019-08-23,3820.86
2019-08-26,3765.91
2019-08-27,3816.95
2019-08-28,3802.58
2019-08-29,3790.19
2019-08-30,3799.59
2019-09-02,3848.32
2019-09-03,3853.61
2019-09-04,3886.0
2019-09-05,3925.32
2019-09-06,3948.51
2019-09-09,3972.95
2019-09-10,3959.27
2019-09-11,3930.1
2019-09-12,3972.38
2019-09-16,3957.72
2019-09-17,3891.22
2019-09-18,3910.08
2019-09-19,3924.38
2019-09-20,3935.65
2019-09-23,3890.66
2019-09-24,3901.08
2019-09-25,3870.98
2019-09-26,3841.14
2019-09-27,3852.65
2019-09-30,3814.53
2019-10-08,3837.68
2019-10-09,3843.24
2019-10-10,3874.64
2019-10-11,3911.73
2019-10-14,3953.24
2019-10-15,3936.25
2019-10-16,3922.69
2019-10-17,3925.22
2019-10-18,3869.38
2019-10-21,3880.84
2019-10-22,3895.88
2019-10-23,3871.08
2019-10-24,3870.67
2019-10-25,3896.79
2019-10-28,3926.59
2019-10-29,3910.23
2019-10-30,3891.23
2019-10-31,3886.75
2019-11-01,3952.39
2019-11-04,3978.12
2019-11-05,4002.81
2019-11-06,3984.88
2019-11-07,3991.87
2019-11-08,3973.01
2019-11-11,3902.98
2019-11-12,3903.69
2019-11-13,3899.98
2019-11-14,3905.86
2019-11-15,3877.09
2019-11-18,3907.93
2019-11-19,3947.04
2019-11-20,3907.86
2019-11-21,3889.6
2019-11-22,3849.99
2019-11-25,3878.21
2019-11-26,3891.65
2019-11-27,3875.62
2019-11-28,3862.3
2019-11-29,3828.67
2019-12-02,3836.06
2019-12-03,3851.09
2019-12-04,3849.82
2019-12-05,3879.36
2019-12-06,3902.39
2019-12-09,3895.45
2019-12-10,3900.38
2019-12-11,3902.75
2019-12-12,3891.02
2019-12-13,3968.22
2019-12-16,3987.55
2019-12-17,4041.8
2019-12-18,4032.78
2019-12-19,4027.15
2019-12-20,4017.25
2019-12-23,3967.1
2019-12-24,3992.96
2019-12-25,3990.87
2019-12-26,4025.99
2019-12-27,4022.03
2019-12-30,4081.63
2019-12-31,4096.58
2020-01-02,4152.24
2020-01-03,4144.96
2020-01-06,4129.3
2020-01-07,4160.23
2020-01-08,4112.32
2020-01-09,4164.37
2020-01-10,4163.18
2020-01-13,4203.99
2020-01-14,4194.03
