Index,SX5E
2010-01-05,3017.8
2010-01-06,3012.36
2010-01-07,3009.66
2010-01-08,3007.34
2010-01-11,3017.85
2010-01-12,3010.24
2010-01-13,2976.89
2010-01-14,2978.41
2010-01-15,2989.71
2010-01-18,2940.25
2010-01-19,2957.87
2010-01-20,2984.82
2010-01-21,2914.6
2010-01-22,2863.25
2010-01-25,2836.8
2010-01-26,2807.3
2010-01-27,2827.74
2010-01-28,2787.4
2010-01-29,2737.33
2010-02-01,2776.83
2010-02-02,2793.29
2010-02-03,2830.01
2010-02-04,2804.61
2010-02-05,2707.45
2010-02-08,2631.64
2010-02-09,2664.29
2010-02-10,2668.43
2010-02-11,2700.17
2010-02-12,2680.25
2010-02-15,2674.46
2010-02-16,2683.83
2010-02-17,2720.77
2010-02-18,2762.25
2010-02-19,2778.3
2010-02-22,2793.37
2010-02-23,2778.12
2010-02-24,2730.57
2010-02-25,2734.95
2010-02-26,2684.42
2010-03-01,2728.47
2010-03-02,2772.7
2010-03-03,2796.33
2010-03-04,2822.59
2010-03-05,2816.1
2010-03-08,2877.44
2010-03-09,2879.29
2010-03-10,2880.71
2010-03-11,2909.4
2010-03-12,2895.74
2010-03-15,2898.36
2010-03-16,2870.55
2010-03-17,2905.93
2010-03-18,2931.31
2010-03-19,2913.74
2010-03-22,2897.95
2010-03-23,2890.75
2010-03-24,2910.52
2010-03-25,2903.94
2010-03-26,2948.09
2010-03-29,2940.94
2010-03-30,2947.49
2010-03-31,2939.68
2010-04-01,2931.16
2010-04-06,2978.5
2010-04-07,2989.49
2010-04-08,2974.62
2010-04-09,2942.31
2010-04-12,2993.54
2010-04-13,3002.23
2010-04-14,2988.24
2010-04-15,3008.03
2010-04-16,3012.65
2010-04-19,2949.65
2010-04-20,2940.19
2010-04-21,2983.91
2010-04-22,2947.64
2010-04-23,2897.59
2010-04-26,2918.11
2010-04-27,2947.04
2010-04-28,2838.78
2010-04-29,2788.54
2010-04-30,2828.12
2010-05-03,2816.86
2010-05-04,2816.5
2010-05-05,2708.12
2010-05-06,2679.3
2010-05-07,2611.41
2010-05-10,2500.18
2010-05-11,2758.89
2010-05-12,2730.48
2010-05-13,2764.31
2010-05-14,2764.05
2010-05-17,2633.92
2010-05-18,2635.34
2010-05-19,2698.21
2010-05-20,2619.48
2010-05-21,2569.58
2010-05-24,2574.18
2010-05-25,2558.27
2010-05-26,2488.5
2010-05-27,2530.34
2010-05-28,2619.36
2010-05-31,2614.06
2010-06-01,2610.26
2010-06-02,2606.58
2010-06-03,2601.98
2010-06-04,2634.16
2010-06-07,2553.59
2010-06-08,2529.97
2010-06-09,2510.84
2010-06-10,2556.68
2010-06-11,2608.74
2010-06-14,2638.31
2010-06-15,2683.46
2010-06-16,2716.3
2010-06-17,2718.73
2010-06-18,2728.12
2010-06-21,2737.02
2010-06-22,2768.27
2010-06-23,2745.97
2010-06-24,2704.8
2010-06-25,2645.32
2010-06-28,2629.25
2010-06-29,2668.67
2010-06-30,2556.34
2010-07-01,2573.32
2010-07-02,2518.65
2010-07-05,2522.36
2010-07-06,2507.83
2010-07-07,2578.69
2010-07-08,2634.39
2010-07-09,2666.42
2010-07-12,2681.2
2010-07-13,2686.09
2010-07-14,2737.59
2010-07-15,2738.96
2010-07-16,2702.81
2010-07-19,2645.61
2010-07-20,2634.6
2010-07-21,2627.28
2010-07-22,2639.52
2010-07-23,2714.21
2010-07-26,2719.13
2010-07-27,2743.12
2010-07-28,2769.31
2010-07-29,2766.11
2010-07-30,2752.93
2010-08-02,2742.14
2010-08-03,2822.17
2010-08-04,2818.97
2010-08-05,2825.08
2010-08-06,2819.34
2010-08-09,2779.34
2010-08-10,2827.27
2010-08-11,2800.02
2010-08-12,2724.16
2010-08-13,2720.85
2010-08-16,2708.73
2010-08-17,2698.29
2010-08-18,2737.69
2010-08-19,2728.66
2010-08-20,2675.02
2010-08-23,2643.98
2010-08-24,2660.84
2010-08-25,2614.54
2010-08-26,2587.4
2010-08-27,2606.89
2010-08-30,2630.35
2010-08-31,2616.57
2010-09-01,2622.95
2010-09-02,2715.27
2010-09-03,2715.19
2010-09-06,2746.23
2010-09-07,2753.6
2010-09-08,2727.16
2010-09-09,2752.89
2010-09-10,2782.43
2010-09-13,2780.4
2010-09-14,2805.06
2010-09-15,2806.47
2010-09-16,2794.36
2010-09-17,2784.61
2010-09-20,2757.37
2010-09-21,2802.67
2010-09-22,2794.55
2010-09-23,2752.77
2010-09-24,2738.61
2010-09-27,2792.75
2010-09-28,2776.33
2010-09-29,2774.62
2010-09-30,2752.71
2010-10-01,2747.9
2010-10-04,2732.91
2010-10-05,2701.02
2010-10-06,2758.56
2010-10-07,2780.0
2010-10-08,2786.88
2010-10-11,2785.43
2010-10-12,2789.72
2010-10-13,2775.75
2010-10-14,2840.55
2010-10-15,2836.11
2010-10-18,2841.65
2010-10-19,2850.72
2010-10-20,2837.33
2010-10-21,2851.52
2010-10-22,2882.29
2010-10-25,2873.74
2010-10-26,2871.48
2010-10-27,2856.31
2010-10-28,2829.42
2010-10-29,2845.53
2010-11-01,2844.99
2010-11-02,2836.73
2010-11-03,2861.01
2010-11-04,2830.43
2010-11-05,2884.21
2010-11-08,2875.94
2010-11-09,2867.96
2010-11-10,2890.64
2010-11-11,2845.93
2010-11-12,2831.22
2010-11-15,2822.43
2010-11-16,2848.45
2010-11-17,2781.77
2010-11-18,2802.7
2010-11-19,2855.23
2010-11-22,2845.75
2010-11-23,2811.43
2010-11-24,2739.37
2010-11-25,2758.02
2010-11-26,2765.05
2010-11-29,2736.96
2010-11-30,2669.96
2010-12-01,2650.99
2010-12-02,2721.87
2010-12-03,2781.39
2010-12-06,2782.39
2010-12-07,2769.96
2010-12-08,2802.74
2010-12-09,2818.95
2010-12-10,2840.71
2010-12-13,2839.53
2010-12-14,2855.37
2010-12-15,2861.67
2010-12-16,2841.99
2010-12-17,2845.78
2010-12-20,2821.77
2010-12-21,2839.22
2010-12-22,2876.99
2010-12-23,2869.63
2010-12-24,2864.52
2010-12-27,2861.94
2010-12-28,2826.51
2010-12-29,2824.3
2010-12-30,2841.23
2010-12-31,2807.04
2011-01-03,2792.82
2011-01-04,2839.43
2011-01-05,2844.17
2011-01-06,2833.74
2011-01-07,2836.23
2011-01-10,2808.25
2011-01-11,2760.88
2011-01-12,2796.6
2011-01-13,2879.11
2011-01-14,2915.62
2011-01-17,2920.4
2011-01-18,2910.63
2011-01-19,2945.62
2011-01-20,2923.76
2011-01-21,2927.42
2011-01-24,2970.56
2011-01-25,2979.06
2011-01-26,2957.78
2011-01-27,2967.78
2011-01-28,2989.75
2011-01-31,2954.13
2011-02-01,2953.63
2011-02-02,3006.81
2011-02-03,3012.7
2011-02-04,2995.49
2011-02-07,3003.19
2011-02-08,3031.18
2011-02-09,3042.5
2011-02-10,3031.62
2011-02-11,3025.68
2011-02-14,3024.37
2011-02-15,3018.38
2011-02-16,3030.46
2011-02-17,3061.92
2011-02-18,3064.54
2011-02-21,3068.0
2011-02-22,3012.34
2011-02-23,2983.33
2011-02-24,2954.92
2011-02-25,2949.13
2011-02-28,2985.02
2011-03-01,3013.09
2011-03-02,2983.27
2011-03-03,2958.8
2011-03-04,2969.24
2011-03-07,2949.18
2011-03-08,2931.42
2011-03-09,2945.42
2011-03-10,2935.11
2011-03-11,2909.73
2011-03-14,2883.84
2011-03-15,2852.11
2011-03-16,2784.2
2011-03-17,2721.24
2011-03-18,2786.16
2011-03-21,2792.61
2011-03-22,2860.81
2011-03-23,2854.79
2011-03-24,2866.23
2011-03-25,2909.78
2011-03-28,2911.33
2011-03-29,2914.76
2011-03-30,2910.93
2011-03-31,2936.44
2011-04-01,2910.91
2011-04-04,2962.92
2011-04-05,2955.84
2011-04-06,2950.96
2011-04-07,2971.48
2011-04-08,2963.69
2011-04-11,2984.66
2011-04-12,2974.58
2011-04-13,2932.33
2011-04-14,2949.98
2011-04-15,2917.72
2011-04-18,2919.05
2011-04-19,2847.96
2011-04-20,2857.61
2011-04-21,2921.43
2011-04-26,2936.3
2011-04-27,2955.36
2011-04-28,2977.59
2011-04-29,3005.33
2011-05-02,3011.25
2011-05-03,3008.89
2011-05-04,3000.39
2011-05-05,2952.02
2011-05-06,2926.54
2011-05-09,2952.9
2011-05-10,2902.4
2011-05-11,2939.02
2011-05-12,2942.43
2011-05-13,2917.05
2011-05-16,2894.6
2011-05-17,2881.31
2011-05-18,2849.6
2011-05-19,2867.3
2011-05-20,2890.6
2011-05-23,2853.98
2011-05-24,2794.26
2011-05-25,2801.27
2011-05-26,2816.84
2011-05-27,2799.82
2011-05-30,2819.4
2011-05-31,2814.34
2011-06-01,2861.92
2011-06-02,2827.66
2011-06-03,2782.57
2011-06-06,2789.11
2011-06-07,2765.33
2011-06-08,2774.5
2011-06-09,2752.06
2011-06-10,2778.12
2011-06-13,2732.54
2011-06-14,2733.95
2011-06-15,2779.94
2011-06-16,2731.5
2011-06-17,2730.62
2011-06-20,2770.12
2011-06-21,2748.01
2011-06-22,2801.99
2011-06-23,2795.07
2011-06-24,2730.86
2011-06-27,2715.88
2011-06-28,2723.93
2011-06-29,2750.49
2011-06-30,2802.55
2011-07-01,2848.53
2011-07-04,2875.67
2011-07-05,2870.19
2011-07-06,2850.51
2011-07-07,2832.63
2011-07-08,2844.51
2011-07-11,2790.09
2011-07-12,2709.14
2011-07-13,2693.53
2011-07-14,2715.05
2011-07-15,2695.29
2011-07-18,2675.38
2011-07-19,2622.36
2011-07-20,2657.45
2011-07-21,2705.75
2011-07-22,2763.34
2011-07-25,2772.6
2011-07-26,2742.7
2011-07-27,2739.65
2011-07-28,2693.71
2011-07-29,2692.76
2011-08-01,2670.37
2011-08-02,2593.34
2011-08-03,2544.89
2011-08-04,2497.83
2011-08-05,2412.29
2011-08-08,2375.15
2011-08-09,2286.91
2011-08-10,2294.24
2011-08-11,2153.77
2011-08-12,2215.45
2011-08-15,2307.33
2011-08-16,2324.48
2011-08-17,2323.67
2011-08-18,2331.12
2011-08-19,2206.61
2011-08-22,2159.07
2011-08-23,2183.39
2011-08-24,2199.98
2011-08-25,2238.7
2011-08-26,2216.7
2011-08-29,2190.44
2011-08-30,2239.3
2011-08-31,2239.14
2011-09-01,2302.08
2011-09-02,2305.75
2011-09-05,2220.72
2011-09-06,2107.27
2011-09-07,2080.1
2011-09-08,2151.16
2011-09-09,2163.4
2011-09-12,2073.67
2011-09-13,1995.01
2011-09-14,2036.64
2011-09-15,2083.38
2011-09-16,2155.62
2011-09-19,2159.28
2011-09-20,2096.1
2011-09-21,2140.41
2011-09-22,2098.49
2011-09-23,1995.75
2011-09-26,2026.03
2011-09-27,2083.35
2011-09-28,2194.03
2011-09-29,2176.64
2011-09-30,2212.44
2011-10-03,2179.66
2011-10-04,2138.24
2011-10-05,2091.09
2011-10-06,2179.42
2011-10-07,2248.78
2011-10-10,2269.19
2011-10-11,2320.8
2011-10-12,2315.97
2011-10-13,2372.15
2011-10-14,2332.52
2011-10-17,2355.48
2011-10-18,2315.89
2011-10-19,2306.81
2011-10-20,2330.08
2011-10-21,2271.77
2011-10-24,2337.51
2011-10-25,2369.07
2011-10-26,2343.96
2011-10-27,2335.06
2011-10-28,2476.92
2011-10-31,2462.36
2011-11-01,2385.22
2011-11-02,2259.73
2011-11-03,2291.89
2011-11-04,2347.94
2011-11-07,2291.47
2011-11-08,2275.92
2011-11-09,2303.2
2011-11-10,2249.39
2011-11-11,2254.92
2011-11-14,2324.81
2011-11-15,2288.32
2011-11-16,2254.0
2011-11-17,2267.96
2011-11-18,2242.78
2011-11-21,2236.68
2011-11-22,2160.28
2011-11-23,2136.81
2011-11-24,2096.79
2011-11-25,2090.25
2011-11-28,2111.26
2011-11-29,2221.76
2011-11-30,2234.17
2011-12-01,2330.43
2011-12-02,2313.84
2011-12-05,2342.5
2011-12-06,2369.39
2011-12-07,2356.71
2011-12-08,2344.92
2011-12-09,2288.05
2011-12-12,2342.59
2011-12-13,2269.46
2011-12-14,2260.98
2011-12-15,2205.91
2011-12-16,2224.89
2011-12-19,2202.72
2011-12-20,2202.95
2011-12-21,2262.39
2011-12-22,2244.35
2011-12-23,2273.02
2011-12-27,2290.37
2011-12-28,2290.31
2011-12-29,2255.03
2011-12-30,2292.28
2012-01-02,2316.55
2012-01-03,2370.2
2012-01-04,2389.91
2012-01-05,2349.89
2012-01-06,2315.75
2012-01-09,2298.65
2012-01-10,2286.45
2012-01-11,2347.47
2012-01-12,2339.51
2012-01-13,2345.85
2012-01-16,2338.01
2012-01-17,2361.56
2012-01-18,2396.63
2012-01-19,2390.64
2012-01-20,2435.04
2012-01-23,2426.96
2012-01-24,2441.44
2012-01-25,2432.07
2012-01-26,2421.12
2012-01-27,2460.4
2012-01-30,2436.62
2012-01-31,2404.62
2012-02-01,2416.66
2012-02-02,2470.79
2012-02-03,2478.15
2012-02-06,2515.15
2012-02-07,2507.89
2012-02-08,2514.12
2012-02-09,2512.92
2012-02-10,2522.34
2012-02-13,2480.76
2012-02-14,2491.54
2012-02-15,2488.29
2012-02-16,2493.96
2012-02-17,2489.35
2012-02-20,2520.31
2012-02-21,2550.28
2012-02-22,2541.6
2012-02-23,2519.0
2012-02-24,2508.08
2012-02-27,2523.69
2012-02-28,2513.06
2012-02-29,2519.72
2012-03-01,2512.11
2012-03-02,2548.66
2012-03-05,2546.16
2012-03-06,2529.86
2012-03-07,2443.52
2012-03-08,2460.77
2012-03-09,2514.22
2012-03-12,2515.95
2012-03-13,2514.97
2012-03-14,2556.82
2012-03-15,2574.79
2012-03-16,2593.97
2012-03-19,2608.3
2012-03-20,2608.42
2012-03-21,2576.61
2012-03-22,2567.58
2012-03-23,2530.22
2012-03-26,2525.43
2012-03-27,2539.87
2012-03-28,2525.21
2012-03-29,2496.68
2012-03-30,2452.74
2012-04-02,2477.28
2012-04-03,2501.18
2012-04-04,2458.98
2012-04-05,2398.46
2012-04-10,2392.54
2012-04-11,2321.53
2012-04-12,2341.36
2012-04-13,2352.24
2012-04-16,2291.51
2012-04-17,2301.19
2012-04-18,2367.05
2012-04-19,2327.84
2012-04-20,2284.67
2012-04-23,2311.27
2012-04-24,2244.83
2012-04-25,2284.08
2012-04-26,2322.91
2012-04-27,2322.69
2012-04-30,2344.02
2012-05-01,2306.43
2012-05-02,2306.69
2012-05-03,2290.31
2012-05-04,2287.1
2012-05-07,2248.34
2012-05-08,2283.09
2012-05-09,2236.11
2012-05-10,2225.63
2012-05-11,2247.38
2012-05-14,2254.54
2012-05-15,2201.95
2012-05-16,2178.67
2012-05-17,2175.34
2012-05-18,2146.91
2012-05-21,2144.69
2012-05-22,2150.16
2012-05-23,2192.85
2012-05-24,2134.05
2012-05-25,2156.52
2012-05-28,2161.87
2012-05-29,2147.92
2012-05-30,2160.31
2012-05-31,2116.18
2012-06-01,2118.94
2012-06-04,2068.66
2012-06-05,2078.96
2012-06-06,2087.31
2012-06-07,2137.73
2012-06-08,2143.08
2012-06-11,2143.9
2012-06-12,2137.7
2012-06-13,2143.38
2012-06-14,2143.5
2012-06-15,2148.21
2012-06-18,2181.23
2012-06-19,2155.64
2012-06-20,2198.01
2012-06-21,2207.49
2012-06-22,2199.42
2012-06-25,2186.81
2012-06-26,2130.71
2012-06-27,2127.95
2012-06-28,2165.61
2012-06-29,2157.62
2012-07-02,2264.72
2012-07-03,2292.08
2012-07-04,2320.43
2012-07-05,2312.41
2012-07-06,2284.92
2012-07-09,2235.51
2012-07-10,2227.91
2012-07-11,2241.85
2012-07-12,2246.23
2012-07-13,2228.01
2012-07-16,2259.09
2012-07-17,2251.96
2012-07-18,2250.75
2012-07-19,2284.7
2012-07-20,2302.45
2012-07-23,2237.33
2012-07-24,2179.31
2012-07-25,2151.54
2012-07-26,2159.09
2012-07-27,2251.05
2012-07-30,2301.23
2012-07-31,2340.31
2012-08-01,2325.72
2012-08-02,2333.38
2012-08-03,2263.36
2012-08-06,2372.58
2012-08-07,2399.32
2012-08-08,2440.24
2012-08-09,2432.28
2012-08-10,2437.04
2012-08-13,2423.22
2012-08-14,2415.96
2012-08-15,2432.29
2012-08-16,2430.39
2012-08-17,2456.53
2012-08-20,2471.53
2012-08-21,2466.32
2012-08-22,2490.27
2012-08-23,2452.73
2012-08-24,2429.17
2012-08-27,2434.23
2012-08-28,2461.82
2012-08-29,2442.12
2012-08-30,2434.23
2012-08-31,2403.8
2012-09-03,2440.71
2012-09-04,2463.17
2012-09-05,2436.54
2012-09-06,2441.81
2012-09-07,2524.95
2012-09-10,2538.6
2012-09-11,2528.53
2012-09-12,2557.65
2012-09-13,2564.8
2012-09-14,2543.22
2012-09-17,2594.56
2012-09-18,2583.57
2012-09-19,2553.4
2012-09-20,2567.67
2012-09-21,2553.03
2012-09-24,2577.08
2012-09-25,2557.89
2012-09-26,2568.48
2012-09-27,2498.52
2012-09-28,2506.06
2012-10-01,2454.26
2012-10-02,2498.81
2012-10-03,2493.59
2012-10-04,2492.48
2012-10-05,2485.75
2012-10-08,2531.21
2012-10-09,2496.09
2012-10-10,2472.23
2012-10-11,2456.54
2012-10-12,2487.08
2012-10-15,2469.09
2012-10-16,2485.12
2012-10-17,2547.9
2012-10-18,2569.83
2012-10-19,2574.19
2012-10-22,2542.24
2012-10-23,2531.1
2012-10-24,2477.92
2012-10-25,2490.58
2012-10-26,2483.43
2012-10-29,2496.1
2012-10-30,2478.84
2012-10-31,2515.99
2012-11-01,2503.64
2012-11-02,2533.87
2012-11-05,2547.15
2012-11-06,2517.67
2012-11-07,2535.94
2012-11-08,2479.1
2012-11-09,2479.13
2012-11-12,2479.82
2012-11-13,2473.52
2012-11-14,2493.14
2012-11-15,2472.84
2012-11-16,2461.77
2012-11-19,2427.32
2012-11-20,2495.21
2012-11-21,2509.62
2012-11-22,2519.68
2012-11-23,2535.09
2012-11-26,2557.03
2012-11-27,2542.52
2012-11-28,2543.45
2012-11-29,2546.84
2012-11-30,2581.69
2012-12-03,2575.25
2012-12-04,2582.36
2012-12-05,2590.83
2012-12-06,2592.09
2012-12-07,2603.41
2012-12-10,2601.37
2012-12-11,2596.02
2012-12-12,2624.03
2012-12-13,2630.34
2012-12-14,2627.66
2012-12-17,2630.54
2012-12-18,2628.01
2012-12-19,2643.5
2012-12-20,2654.69
2012-12-21,2658.3
2012-12-24,2651.09
2012-12-27,2648.53
2012-12-28,2659.95
2012-12-31,2626.85
2013-01-02,2635.93
2013-01-03,2711.25
2013-01-04,2701.22
2013-01-07,2709.35
2013-01-08,2695.56
2013-01-09,2691.45
2013-01-10,2706.39
2013-01-11,2708.27
2013-01-14,2717.79
2013-01-15,2715.16
2013-01-16,2701.59
2013-01-17,2702.54
2013-01-18,2718.93
2013-01-21,2709.59
2013-01-22,2726.63
2013-01-23,2716.7
2013-01-24,2708.28
2013-01-25,2722.96
2013-01-28,2744.18
2013-01-29,2744.5
2013-01-30,2749.27
2013-01-31,2732.12
2013-02-01,2702.98
2013-02-04,2710.08
2013-02-05,2625.17
2013-02-06,2651.21
2013-02-07,2617.35
2013-02-08,2597.92
2013-02-11,2630.3
2013-02-12,2622.61
2013-02-13,2648.83
2013-02-14,2656.86
2013-02-15,2635.35
2013-02-18,2615.26
2013-02-19,2616.65
2013-02-20,2662.37
2013-02-21,2640.35
2013-02-22,2579.76
2013-02-25,2630.05
2013-02-26,2651.86
2013-02-27,2570.52
2013-02-28,2611.89
2013-03-01,2633.55
2013-03-04,2616.75
2013-03-05,2619.78
2013-03-06,2683.02
2013-03-07,2679.89
2013-03-08,2690.85
2013-03-11,2728.78
2013-03-12,2718.71
2013-03-13,2711.85
2013-03-14,2704.73
2013-03-15,2744.7
2013-03-18,2725.72
2013-03-19,2705.47
2013-03-20,2671.96
2013-03-21,2708.9
2013-03-22,2683.92
2013-03-25,2681.67
2013-03-26,2649.28
2013-03-27,2641.12
2013-03-28,2612.46
2013-04-02,2624.02
2013-04-03,2679.8
2013-04-04,2639.01
2013-04-05,2621.43
2013-04-08,2585.28
2013-04-09,2589.25
2013-04-10,2595.13
2013-04-11,2661.62
2013-04-12,2674.33
2013-04-15,2633.47
2013-04-16,2624.71
2013-04-17,2609.3
2013-04-18,2553.49
2013-04-19,2555.5
2013-04-22,2575.16
2013-04-23,2583.62
2013-04-24,2662.88
2013-04-25,2702.05
2013-04-26,2704.41
2013-04-29,2683.43
2013-04-30,2717.38
2013-05-01,2712.0
2013-05-02,2711.74
2013-05-03,2718.9
2013-05-06,2763.68
2013-05-07,2750.52
2013-05-08,2769.08
2013-05-09,2784.62
2013-05-10,2773.16
2013-05-13,2785.24
2013-05-14,2777.39
2013-05-15,2795.63
2013-05-16,2809.58
2013-05-17,2806.7
2013-05-20,2817.99
2013-05-21,2824.5
2013-05-22,2821.65
2013-05-23,2835.01
2013-05-24,2776.78
2013-05-27,2764.29
2013-05-28,2795.0
2013-05-29,2835.87
2013-05-30,2786.54
2013-05-31,2799.2
2013-06-03,2769.64
2013-06-04,2747.74
2013-06-05,2755.7
2013-06-06,2709.33
2013-06-07,2676.21
2013-06-10,2724.08
2013-06-11,2719.4
2013-06-12,2683.2
2013-06-13,2666.52
2013-06-14,2661.71
2013-06-17,2667.32
2013-06-18,2702.69
2013-06-19,2700.93
2013-06-20,2683.98
2013-06-21,2586.45
2013-06-24,2549.48
2013-06-25,2511.83
2013-06-26,2543.37
2013-06-27,2602.81
2013-06-28,2619.86
2013-07-01,2602.59
2013-07-02,2622.62
2013-07-03,2603.2
2013-07-04,2570.76
2013-07-05,2646.54
2013-07-08,2596.01
2013-07-09,2650.85
2013-07-10,2664.14
2013-07-11,2659.71
2013-07-12,2681.32
2013-07-15,2674.87
2013-07-16,2686.69
2013-07-17,2665.61
2013-07-18,2681.88
2013-07-19,2717.99
2013-07-22,2716.17
2013-07-23,2725.4
2013-07-24,2722.9
2013-07-25,2752.25
2013-07-26,2740.29
2013-07-29,2741.96
2013-07-30,2741.73
2013-07-31,2759.21
2013-08-01,2768.15
2013-08-02,2808.64
2013-08-05,2811.0
2013-08-06,2809.08
2013-08-07,2790.78
2013-08-08,2794.44
2013-08-09,2816.88
2013-08-12,2825.62
2013-08-13,2827.15
2013-08-14,2841.61
2013-08-15,2852.08
2013-08-16,2835.86
2013-08-19,2854.27
2013-08-20,2823.35
2013-08-21,2787.98
2013-08-22,2774.58
2013-08-23,2812.32
2013-08-26,2826.05
2013-08-27,2821.45
2013-08-28,2749.27
2013-08-29,2742.61
2013-08-30,2758.31
2013-09-02,2721.37
2013-09-03,2774.09
2013-09-04,2753.35
2013-09-05,2758.29
2013-09-06,2774.2
2013-09-09,2803.42
2013-09-10,2798.31
2013-09-11,2851.4
2013-09-12,2863.44
2013-09-13,2862.07
2013-09-16,2867.11
2013-09-17,2894.64
2013-09-18,2890.95
2013-09-19,2908.92
2013-09-20,2936.2
2013-09-23,2927.19
2013-09-24,2906.35
2013-09-25,2922.93
2013-09-26,2927.35
2013-09-27,2922.99
2013-09-30,2919.34
2013-10-01,2893.15
2013-10-02,2933.02
2013-10-03,2918.31
2013-10-04,2902.12
2013-10-07,2928.31
2013-10-08,2923.04
2013-10-09,2903.35
2013-10-10,2904.73
2013-10-11,2969.41
2013-10-14,2974.28
2013-10-15,2977.69
2013-10-16,3004.56
2013-10-17,3015.4
2013-10-18,3010.39
2013-10-21,3033.31
2013-10-22,3028.65
2013-10-23,3045.77
2013-10-24,3017.16
2013-10-25,3038.96
2013-10-28,3034.5
2013-10-29,3022.04
2013-10-30,3050.64
2013-10-31,3040.69
2013-11-01,3067.95
2013-11-04,3052.14
2013-11-05,3061.18
2013-11-06,3035.92
2013-11-07,3056.4
2013-11-08,3042.98
2013-11-11,3034.91
2013-11-12,3052.83
2013-11-13,3034.68
2013-11-14,3021.17
2013-11-15,3053.69
2013-11-18,3054.53
2013-11-19,3081.3
2013-11-20,3049.17
2013-11-21,3047.32
2013-11-22,3044.34
2013-11-25,3055.98
2013-11-26,3072.75
2013-11-27,3062.62
2013-11-28,3082.65
2013-11-29,3092.42
2013-12-02,3086.64
2013-12-03,3077.23
2013-12-04,3013.88
2013-12-05,2991.76
2013-12-06,2953.17
2013-12-09,2979.94
2013-12-10,2988.67
2013-12-11,2960.86
2013-12-12,2947.31
2013-12-13,2928.12
2013-12-16,2921.92
2013-12-17,2978.77
2013-12-18,2941.76
2013-12-19,2975.09
2013-12-20,3031.05
2013-12-23,3049.35
2013-12-24,3070.91
2013-12-27,3072.88
2013-12-30,3111.37
2013-12-31,3100.93
2014-01-02,3109.0
2014-01-03,3059.93
2014-01-06,3074.43
2014-01-07,3069.16
2014-01-08,3110.96
2014-01-09,3110.66
2014-01-10,3090.26
2014-01-13,3104.15
2014-01-14,3111.94
2014-01-15,3119.53
2014-01-16,3168.76
2014-01-17,3150.2
2014-01-20,3154.1
2014-01-21,3153.17
2014-01-22,3153.08
2014-01-23,3151.27
2014-01-24,3117.08
2014-01-27,3028.2
2014-01-28,3014.62
2014-01-29,3038.6
2014-01-30,3011.45
2014-01-31,3027.3
2014-02-03,3013.96
2014-02-04,2963.96
2014-02-05,2962.49
2014-02-06,2962.51
2014-02-07,3010.79
2014-02-10,3038.49
2014-02-11,3032.53
2014-02-12,3077.08
2014-02-13,3094.89
2014-02-14,3097.95
2014-02-17,3119.06
2014-02-18,3118.91
2014-02-19,3117.44
2014-02-20,3120.8
2014-02-21,3121.59
2014-02-24,3131.67
2014-02-25,3157.31
2014-02-26,3157.48
2014-02-27,3148.19
2014-02-28,3134.94
2014-03-03,3149.23
2014-03-04,3053.99
2014-03-05,3136.33
2014-03-06,3135.97
2014-03-07,3144.53
2014-03-10,3095.31
2014-03-11,3092.79
2014-03-12,3092.55
2014-03-13,3065.46
2014-03-14,3019.54
2014-03-17,3004.64
2014-03-18,3049.19
2014-03-19,3073.75
2014-03-20,3076.36
2014-03-21,3088.9
2014-03-24,3096.49
2014-03-25,3052.91
2014-03-26,3096.64
2014-03-27,3130.17
2014-03-28,3133.75
2014-03-31,3172.43
2014-04-01,3161.6
2014-04-02,3186.34
2014-04-03,3187.45
2014-04-04,3206.76
2014-04-07,3230.33
2014-04-08,3185.97
2014-04-09,3177.66
2014-04-10,3182.79
2014-04-11,3152.86
2014-04-14,3116.54
2014-04-15,3131.57
2014-04-16,3091.52
2014-04-17,3139.26
2014-04-22,3155.81
2014-04-23,3199.69
2014-04-24,3175.97
2014-04-25,3189.81
2014-04-28,3147.4
2014-04-29,3165.84
2014-04-30,3208.68
2014-05-01,3198.39
2014-05-02,3198.66
2014-05-05,3177.89
2014-05-06,3171.29
2014-05-07,3149.79
2014-05-08,3159.67
2014-05-09,3204.3
2014-05-12,3184.09
2014-05-13,3206.97
2014-05-14,3211.78
2014-05-15,3210.42
2014-05-16,3163.22
2014-05-19,3172.72
2014-05-20,3169.9
2014-05-21,3163.93
2014-05-22,3187.08
2014-05-23,3187.63
2014-05-26,3203.28
2014-05-27,3240.39
2014-05-28,3244.28
2014-05-29,3246.24
2014-05-30,3244.66
2014-06-02,3244.6
2014-06-03,3247.8
2014-06-04,3241.04
2014-06-05,3237.93
2014-06-06,3267.05
2014-06-09,3294.28
2014-06-10,3305.26
2014-06-11,3313.8
2014-06-12,3289.09
2014-06-13,3284.28
2014-06-16,3282.84
2014-06-17,3261.42
2014-06-18,3275.33
2014-06-19,3279.2
2014-06-20,3314.8
2014-06-23,3302.36
2014-06-24,3282.58
2014-06-25,3284.81
2014-06-26,3252.31
2014-06-27,3233.19
2014-06-30,3227.85
2014-07-01,3228.24
2014-07-02,3258.71
2014-07-03,3252.25
2014-07-04,3289.75
2014-07-07,3270.47
2014-07-08,3230.92
2014-07-09,3184.38
2014-07-10,3203.1
2014-07-11,3150.59
2014-07-14,3157.05
2014-07-15,3185.86
2014-07-16,3153.75
2014-07-17,3202.94
2014-07-18,3157.82
2014-07-21,3164.21
2014-07-22,3137.06
2014-07-23,3189.22
2014-07-24,3193.13
2014-07-25,3220.07
2014-07-28,3174.99
2014-07-29,3171.55
2014-07-30,3190.54
2014-07-31,3169.23
2014-08-01,3115.51
2014-08-04,3072.57
2014-08-05,3070.46
2014-08-06,3072.2
2014-08-07,3050.37
2014-08-08,3012.88
2014-08-11,3006.83
2014-08-12,3047.56
2014-08-13,3023.77
2014-08-14,3056.17
2014-08-15,3058.16
2014-08-18,3033.52
2014-08-19,3073.45
2014-08-20,3091.11
2014-08-21,3083.5
2014-08-22,3124.56
2014-08-25,3098.5
2014-08-26,3165.47
2014-08-27,3197.54
2014-08-28,3194.45
2014-08-29,3164.44
2014-09-01,3172.63
2014-09-02,3175.05
2014-09-03,3180.29
2014-09-04,3218.84
2014-09-05,3277.25
2014-09-08,3275.25
2014-09-09,3267.54
2014-09-10,3245.43
2014-09-11,3244.16
2014-09-12,3237.76
2014-09-15,3235.07
2014-09-16,3231.7
2014-09-17,3221.73
2014-09-18,3237.44
2014-09-19,3271.37
2014-09-22,3273.25
2014-09-23,3257.48
2014-09-24,3205.93
2014-09-25,3244.01
2014-09-26,3202.31
2014-09-29,3219.58
2014-09-30,3186.95
2014-10-01,3225.93
2014-10-02,3195.08
2014-10-03,3106.42
2014-10-06,3133.37
2014-10-07,3138.67
2014-10-08,3082.1
2014-10-09,3053.31
2014-10-10,3042.45
2014-10-13,2991.5
2014-10-14,2998.32
2014-10-15,3000.99
2014-10-16,2892.55
2014-10-17,2874.65
2014-10-20,2962.24
2014-10-21,2927.3
2014-10-22,2991.46
2014-10-23,3008.53
2014-10-24,3044.3
2014-10-27,3030.37
2014-10-28,2998.84
2014-10-29,3036.15
2014-10-30,3022.42
2014-10-31,3035.9
2014-11-03,3113.32
2014-11-04,3082.32
2014-11-05,3034.24
2014-11-06,3091.54
2014-11-07,3102.07
2014-11-10,3064.92
2014-11-11,3094.6
2014-11-12,3104.59
2014-11-13,3047.3
2014-11-14,3056.8
2014-11-17,3059.99
2014-11-18,3084.79
2014-11-19,3120.42
2014-11-20,3123.12
2014-11-21,3102.21
2014-11-24,3194.22
2014-11-25,3211.7
2014-11-26,3226.15
2014-11-27,3226.08
2014-11-28,3244.92
2014-12-01,3250.93
2014-12-02,3232.91
2014-12-03,3238.35
2014-12-04,3247.72
2014-12-05,3191.25
2014-12-08,3277.38
2014-12-09,3247.99
2014-12-10,3162.77
2014-12-11,3150.95
2014-12-12,3159.11
2014-12-15,3067.32
2014-12-16,2982.9
2014-12-17,3049.99
2014-12-18,3051.99
2014-12-19,3153.77
2014-12-22,3141.28
2014-12-23,3154.91
2014-12-24,3192.47
2014-12-29,3184.66
2014-12-30,3185.17
2014-12-31,3135.95
2015-01-02,3146.43
2015-01-05,3139.44
2015-01-06,3023.14
2015-01-07,3007.91
2015-01-08,3026.79
2015-01-09,3135.08
2015-01-12,3042.9
2015-01-13,3084.18
2015-01-14,3133.86
2015-01-15,3089.67
2015-01-16,3157.36
2015-01-19,3202.24
2015-01-20,3220.9
2015-01-21,3244.92
2015-01-22,3269.73
2015-01-23,3322.65
2015-01-26,3382.55
2015-01-27,3414.28
2015-01-28,3372.58
2015-01-29,3358.96
2015-01-30,3371.83
2015-02-02,3351.44
2015-02-03,3370.11
2015-02-04,3414.18
2015-02-05,3415.53
2015-02-06,3408.96
2015-02-09,3398.16
2015-02-10,3347.75
2015-02-11,3383.13
2015-02-12,3374.14
2015-02-13,3417.61
2015-02-16,3447.59
2015-02-17,3433.3
2015-02-18,3438.44
2015-02-19,3465.8
2015-02-20,3488.08
2015-02-23,3490.53
2015-02-24,3519.58
2015-02-25,3547.1
2015-02-26,3541.78
2015-02-27,3574.94
2015-03-02,3599.0
2015-03-03,3591.09
2015-03-04,3549.11
2015-03-05,3583.44
2015-03-06,3618.21
2015-03-09,3617.62
2015-03-10,3610.28
2015-03-11,3567.25
2015-03-12,3649.54
2015-03-13,3641.32
2015-03-16,3656.21
2015-03-17,3706.75
2015-03-18,3672.16
2015-03-19,3668.52
2015-03-20,3670.73
2015-03-23,3726.07
2015-03-24,3699.04
2015-03-25,3731.35
2015-03-26,3684.04
2015-03-27,3669.79
2015-03-30,3679.03
2015-03-31,3727.8
2015-04-01,3697.38
2015-04-02,3714.89
2015-04-07,3715.27
2015-04-08,3768.72
2015-04-09,3742.63
2015-04-10,3781.79
2015-04-13,3816.76
2015-04-14,3828.78
2015-04-15,3784.53
2015-04-16,3803.55
2015-04-17,3751.72
2015-04-20,3674.05
2015-04-21,3718.04
2015-04-22,3719.38
2015-04-23,3724.49
2015-04-24,3697.88
2015-04-27,3713.96
2015-04-28,3771.45
2015-04-29,3715.42
2015-04-30,3617.11
2015-05-01,3615.59
2015-05-04,3615.59
2015-05-05,3632.94
2015-05-06,3546.56
2015-05-07,3558.03
2015-05-08,3556.21
2015-05-11,3649.48
2015-05-12,3624.41
2015-05-13,3573.1
2015-05-14,3553.42
2015-05-15,3602.22
2015-05-18,3573.07
2015-05-19,3589.22
2015-05-20,3670.52
2015-05-21,3683.48
2015-05-22,3688.72
2015-05-25,3679.14
2015-05-26,3655.41
2015-05-27,3619.3
2015-05-28,3682.87
2015-05-29,3650.71
2015-06-01,3570.78
2015-06-02,3575.04
2015-06-03,3561.89
2015-06-04,3583.82
2015-06-05,3556.38
2015-06-08,3510.01
2015-06-09,3468.31
2015-06-10,3456.79
2015-06-11,3526.48
2015-06-12,3551.91
2015-06-15,3502.77
2015-06-16,3438.07
2015-06-17,3454.09
2015-06-18,3428.76
2015-06-19,3450.45
2015-06-22,3455.8
2015-06-23,3596.07
2015-06-24,3625.97
2015-06-25,3610.95
2015-06-26,3610.91
2015-06-29,3621.37
2015-06-30,3468.9
2015-07-01,3424.3
2015-07-02,3496.28
2015-07-03,3463.25
2015-07-06,3441.76
2015-07-07,3365.2
2015-07-08,3294.19
2015-07-09,3327.5
2015-07-10,3420.03
2015-07-13,3528.81
2015-07-14,3590.43
2015-07-15,3607.19
2015-07-16,3623.87
2015-07-17,3676.41
2015-07-20,3670.34
2015-07-21,3686.58
2015-07-22,3647.96
2015-07-23,3635.58
2015-07-24,3634.64
2015-07-27,3600.0
2015-07-28,3513.1
2015-07-29,3554.11
2015-07-30,3575.53
2015-07-31,3583.79
2015-08-03,3600.69
2015-08-04,3635.4
2015-08-05,3619.31
2015-08-06,3676.75
2015-08-07,3668.47
2015-08-10,3637.8
2015-08-11,3674.94
2015-08-12,3605.28
2015-08-13,3484.41
2015-08-14,3516.15
2015-08-17,3491.03
2015-08-18,3497.9
2015-08-19,3495.38
2015-08-20,3429.84
2015-08-21,3353.48
2015-08-24,3247.26
2015-08-25,3073.39
2015-08-26,3218.01
2015-08-27,3170.73
2015-08-28,3280.78
2015-08-31,3286.59
2015-09-01,3269.63
2015-09-02,3188.73
2015-09-03,3198.86
2015-09-04,3270.09
2015-09-07,3180.25
2015-09-08,3197.97
2015-09-09,3233.84
2015-09-10,3269.98
2015-09-11,3221.14
2015-09-14,3187.94
2015-09-15,3175.62
2015-09-16,3207.6
2015-09-17,3251.79
2015-09-18,3255.79
2015-09-21,3157.3
2015-09-22,3184.72
2015-09-23,3076.05
2015-09-24,3079.99
2015-09-25,3019.34
2015-09-28,3113.16
2015-09-29,3039.44
2015-09-30,3029.86
2015-10-01,3100.67
2015-10-02,3069.05
2015-10-05,3088.18
2015-10-06,3190.39
2015-10-07,3220.09
2015-10-08,3226.4
2015-10-09,3224.96
2015-10-12,3250.31
2015-10-13,3247.33
2015-10-14,3221.28
2015-10-15,3191.57
2015-10-16,3238.81
2015-10-19,3264.93
2015-10-20,3272.04
2015-10-21,3255.72
2015-10-22,3272.23
2015-10-23,3353.11
2015-10-26,3425.81
2015-10-27,3414.6
2015-10-28,3381.01
2015-10-29,3421.09
2015-10-30,3413.39
2015-11-02,3418.23
2015-11-03,3434.5
2015-11-04,3442.68
2015-11-05,3439.16
2015-11-06,3447.49
2015-11-09,3468.21
2015-11-10,3418.36
2015-11-11,3425.4
2015-11-12,3448.42
2015-11-13,3387.7
2015-11-16,3360.65
2015-11-17,3362.23
2015-11-18,3451.94
2015-11-19,3431.92
2015-11-20,3448.93
2015-11-23,3452.45
2015-11-24,3445.26
2015-11-25,3409.6
2015-11-26,3462.06
2015-11-27,3498.62
2015-11-30,3488.99
2015-12-01,3506.45
2015-12-02,3479.64
2015-12-03,3468.66
2015-12-04,3343.34
2015-12-07,3330.75
2015-12-08,3360.21
2015-12-09,3297.46
2015-12-10,3277.21
2015-12-11,3269.97
2015-12-14,3203.21
2015-12-15,3139.24
2015-12-16,3241.51
2015-12-17,3246.78
2015-12-18,3306.47
2015-12-21,3260.72
2015-12-22,3213.01
2015-12-23,3214.32
2015-12-24,3286.68
2015-12-28,3284.47
2015-12-29,3256.49
2015-12-30,3314.28
2015-12-31,3287.98
2016-01-04,3267.52
2016-01-05,3164.76
2016-01-06,3178.01
2016-01-07,3139.32
2016-01-08,3084.68
2016-01-11,3033.47
2016-01-12,3027.49
2016-01-13,3064.66
2016-01-14,3073.02
2016-01-15,3024.0
2016-01-18,2952.48
2016-01-19,2935.39
2016-01-20,2980.49
2016-01-21,2882.59
2016-01-22,2943.92
2016-01-25,3023.21
2016-01-26,3001.78
2016-01-27,3032.84
2016-01-28,3043.47
2016-01-29,2979.42
2016-02-01,3045.09
2016-02-02,3021.01
2016-02-03,2951.85
2016-02-04,2896.63
2016-02-05,2905.3
2016-02-08,2879.39
2016-02-09,2785.17
2016-02-10,2736.5
2016-02-11,2789.05
2016-02-12,2680.35
2016-02-15,2756.16
2016-02-16,2833.87
2016-02-17,2821.26
2016-02-18,2897.72
2016-02-19,2895.15
2016-02-22,2871.05
2016-02-23,2933.91
2016-02-24,2887.38
2016-02-25,2820.24
2016-02-26,2877.42
2016-02-29,2929.16
2016-03-01,2945.75
2016-03-02,2996.39
2016-03-03,3022.14
2016-03-04,3012.87
2016-03-07,3037.35
2016-03-08,3021.09
2016-03-09,3002.01
2016-03-10,3016.18
2016-03-11,2970.78
2016-03-14,3073.8
2016-03-15,3091.98
2016-03-16,3067.21
2016-03-17,3062.05
2016-03-18,3043.1
2016-03-21,3059.77
2016-03-22,3048.77
2016-03-23,3051.23
2016-03-24,3042.42
2016-03-29,2986.73
2016-03-30,3004.87
2016-03-31,3044.1
2016-04-01,3004.93
2016-04-04,2953.28
2016-04-05,2962.28
2016-04-06,2890.35
2016-04-07,2909.36
2016-04-08,2871.57
2016-04-11,2911.98
2016-04-12,2924.23
2016-04-13,2942.09
2016-04-14,3039.19
2016-04-15,3060.86
2016-04-18,3054.34
2016-04-19,3064.03
2016-04-20,3112.99
2016-04-21,3142.52
2016-04-22,3151.69
2016-04-25,3141.12
2016-04-26,3117.62
2016-04-27,3121.29
2016-04-28,3130.43
2016-04-29,3125.43
2016-05-02,3028.21
2016-05-03,3032.6
2016-05-04,2974.2
2016-05-05,2938.75
2016-05-06,2940.35
2016-05-09,2936.84
2016-05-10,2955.83
2016-05-11,2978.97
2016-05-12,2956.71
2016-05-13,2935.46
2016-05-16,2956.63
2016-05-17,2951.39
2016-05-18,2938.09
2016-05-19,2956.43
2016-05-20,2919.22
2016-05-23,2962.16
2016-05-24,2932.93
2016-05-25,3010.12
2016-05-26,3061.6
2016-05-27,3071.21
2016-05-30,3078.48
2016-05-31,3090.01
2016-06-01,3063.48
2016-06-02,3038.77
2016-06-03,3033.86
2016-06-06,2997.55
2016-06-07,3001.9
2016-06-08,3040.69
2016-06-09,3019.76
2016-06-10,2989.03
2016-06-13,2911.11
2016-06-14,2853.52
2016-06-15,2797.18
2016-06-16,2830.3
2016-06-17,2819.3
2016-06-20,2849.17
2016-06-21,2942.88
2016-06-22,2967.34
2016-06-23,2978.31
2016-06-24,3037.86
2016-06-27,2776.09
2016-06-28,2697.44
2016-06-29,2758.67
2016-06-30,2832.18
2016-07-01,2864.74
2016-07-04,2883.06
2016-07-05,2862.21
2016-07-06,2812.88
2016-07-07,2761.37
2016-07-08,2780.1
2016-07-11,2838.01
2016-07-12,2885.32
2016-07-13,2933.44
2016-07-14,2926.14
2016-07-15,2963.07
2016-07-18,2958.65
2016-07-19,2949.17
2016-07-20,2931.1
2016-07-21,2966.95
2016-07-22,2968.49
2016-07-25,2972.23
2016-07-26,2973.22
2016-07-27,2978.9
2016-07-28,2999.48
2016-07-29,2966.1
2016-08-01,2990.76
2016-08-02,2967.31
2016-08-03,2906.98
2016-08-04,2911.06
2016-08-05,2932.34
2016-08-08,2973.71
2016-08-09,2982.92
2016-08-10,3029.18
2016-08-11,3018.46
2016-08-12,3049.03
2016-08-15,3044.94
2016-08-16,3046.65
2016-08-17,3016.19
2016-08-18,2980.54
2016-08-19,2995.3
2016-08-22,2968.2
2016-08-23,2960.37
2016-08-24,2993.73
2016-08-25,3008.59
2016-08-26,2987.69
2016-08-29,3010.36
2016-08-30,2998.5
2016-08-31,3030.75
2016-09-01,3023.13
2016-09-02,3017.49
2016-09-05,3079.74
2016-09-06,3077.66
2016-09-07,3070.16
2016-09-08,3091.66
2016-09-09,3083.54
2016-09-12,3053.2
2016-09-13,3012.88
2016-09-14,2974.8
2016-09-15,2964.9
2016-09-16,2973.77
2016-09-19,2935.25
2016-09-20,2968.31
2016-09-21,2964.86
2016-09-22,2982.18
2016-09-23,3051.69
2016-09-26,3032.31
2016-09-27,2975.88
2016-09-28,2970.84
2016-09-29,2991.11
2016-09-30,2991.58
2016-10-03,3002.24
2016-10-04,2998.5
2016-10-05,3029.5
2016-10-06,3026.28
2016-10-07,3021.58
2016-10-10,3000.57
2016-10-11,3035.76
2016-10-12,3020.69
2016-10-13,3008.03
2016-10-14,2975.04
2016-10-17,3025.19
2016-10-18,3008.72
2016-10-19,3046.99
2016-10-20,3055.94
2016-10-21,3076.63
2016-10-24,3077.65
2016-10-25,3093.86
2016-10-26,3087.41
2016-10-27,3080.98
2016-10-28,3085.17
2016-10-31,3079.24
2016-11-01,3055.25
2016-11-02,3023.15
2016-11-03,2980.17
2016-11-04,2973.49
2016-11-07,2954.53
2016-11-08,3009.28
2016-11-09,3023.43
2016-11-10,3056.29
2016-11-11,3046.59
2016-11-14,3030.02
2016-11-15,3039.8
2016-11-16,3049.72
2016-11-17,3026.36
2016-11-18,3041.79
2016-11-21,3020.83
2016-11-22,3032.97
2016-11-23,3044.33
2016-11-24,3032.14
2016-11-25,3040.6
2016-11-28,3048.38
2016-11-29,3016.8
2016-11-30,3038.42
2016-12-01,3051.61
2016-12-02,3030.98
2016-12-05,3015.13
2016-12-06,3052.75
2016-12-07,3100.76
2016-12-08,3142.24
2016-12-09,3185.79
2016-12-12,3197.54
2016-12-13,3199.11
2016-12-14,3236.71
2016-12-15,3211.71
2016-12-16,3249.74
2016-12-19,3259.24
2016-12-20,3257.85
2016-12-21,3279.41
2016-12-22,3270.75
2016-12-23,3269.51
2016-12-27,3273.97
2016-12-28,3278.53
2016-12-29,3278.72
2016-12-30,3271.76
2017-01-02,3290.52
2017-01-03,3308.67
2017-01-04,3315.02
2017-01-05,3317.52
2017-01-06,3316.47
2017-01-09,3321.17
2017-01-10,3308.97
2017-01-11,3306.21
2017-01-12,3307.94
2017-01-13,3286.7
2017-01-16,3324.34
2017-01-17,3294.53
2017-01-18,3285.04
2017-01-19,3294.0
2017-01-20,3290.33
2017-01-23,3299.44
2017-01-24,3273.04
2017-01-25,3281.53
2017-01-26,3326.15
2017-01-27,3319.13
2017-01-30,3303.33
2017-01-31,3262.72
2017-02-01,3230.68
2017-02-02,3258.92
2017-02-03,3253.61
2017-02-06,3273.11
2017-02-07,3238.31
2017-02-08,3235.71
2017-02-09,3238.04
2017-02-10,3277.79
2017-02-13,3270.83
2017-02-14,3305.23
2017-02-15,3308.89
2017-02-16,3323.71
2017-02-17,3311.04
2017-02-20,3308.81
2017-02-21,3312.39
2017-02-22,3339.33
2017-02-23,3339.27
2017-02-24,3333.96
2017-02-27,3304.09
2017-02-28,3309.3
2017-03-01,3319.61
2017-03-02,3390.2
2017-03-03,3384.71
2017-03-06,3403.39
2017-03-07,3387.46
2017-03-08,3385.12
2017-03-09,3389.62
2017-03-10,3409.89
2017-03-13,3416.27
2017-03-14,3415.49
2017-03-15,3399.43
2017-03-16,3409.32
2017-03-17,3439.96
2017-03-20,3448.41
2017-03-21,3437.48
2017-03-22,3429.62
2017-03-23,3420.7
2017-03-24,3452.18
2017-03-27,3444.15
2017-03-28,3437.14
2017-03-29,3465.07
2017-03-30,3475.27
2017-03-31,3481.58
2017-04-03,3500.93
2017-04-04,3472.94
2017-04-05,3481.66
2017-04-06,3472.58
2017-04-07,3489.57
2017-04-10,3495.8
2017-04-11,3480.44
2017-04-12,3470.04
2017-04-13,3468.51
2017-04-18,3448.26
2017-04-19,3409.78
2017-04-20,3420.99
2017-04-21,3440.03
2017-04-24,3440.27
2017-04-25,3577.38
2017-04-26,3583.16
2017-04-27,3578.71
2017-04-28,3563.29
2017-05-01,3559.59
2017-05-02,3559.59
2017-05-03,3578.21
2017-05-04,3586.25
2017-05-05,3627.88
2017-05-08,3658.79
2017-05-09,3642.11
2017-05-10,3649.08
2017-05-11,3645.74
2017-05-12,3623.55
2017-05-15,3637.52
2017-05-16,3641.88
2017-05-17,3641.89
2017-05-18,3584.83
2017-05-19,3562.22
2017-05-22,3587.01
2017-05-23,3576.53
2017-05-24,3595.03
2017-05-25,3586.62
2017-05-26,3584.55
2017-05-29,3579.02
2017-05-30,3578.95
2017-05-31,3561.22
2017-06-01,3554.59
2017-06-02,3567.02
2017-06-05,3591.82
2017-06-06,3579.55
2017-06-07,3554.18
2017-06-08,3548.84
2017-06-09,3563.88
2017-06-12,3586.07
2017-06-13,3543.95
2017-06-14,3557.87
2017-06-15,3547.15
2017-06-16,3525.46
2017-06-19,3543.88
2017-06-20,3579.58
2017-06-21,3560.66
2017-06-22,3554.35
2017-06-23,3555.76
2017-06-26,3543.68
2017-06-27,3561.76
2017-06-28,3538.32
2017-06-29,3535.7
2017-06-30,3471.33
2017-07-03,3441.88
2017-07-04,3491.81
2017-07-05,3479.47
2017-07-06,3478.41
2017-07-07,3462.06
2017-07-10,3463.84
2017-07-11,3478.06
2017-07-12,3464.48
2017-07-13,3515.23
2017-07-14,3527.83
2017-07-17,3525.94
2017-07-18,3516.35
2017-07-19,3478.68
2017-07-20,3500.28
2017-07-21,3499.49
2017-07-24,3451.71
2017-07-25,3453.17
2017-07-26,3473.54
2017-07-27,3491.19
2017-07-28,3493.14
2017-07-31,3467.73
2017-08-01,3449.36
2017-08-02,3477.39
2017-08-03,3459.32
2017-08-04,3466.37
2017-08-07,3507.41
2017-08-08,3505.8
2017-08-09,3515.63
2017-08-10,3468.45
2017-08-11,3433.54
2017-08-14,3406.34
2017-08-15,3450.66
2017-08-16,3461.91
2017-08-17,3484.57
2017-08-18,3461.97
2017-08-21,3446.03
2017-08-22,3423.53
2017-08-23,3455.59
2017-08-24,3438.63
2017-08-25,3444.73
2017-08-28,3438.55
2017-08-29,3421.03
2017-08-30,3388.22
2017-08-31,3403.71
2017-09-01,3421.47
2017-09-04,3443.88
2017-09-05,3429.98
2017-09-06,3420.86
2017-09-07,3433.8
2017-09-08,3447.66
2017-09-11,3447.69
2017-09-12,3495.19
2017-09-13,3512.56
2017-09-14,3523.14
2017-09-15,3526.48
2017-09-18,3515.55
2017-09-19,3526.74
2017-09-20,3531.18
2017-09-21,3525.55
2017-09-22,3539.59
2017-09-25,3541.42
2017-09-26,3537.81
2017-09-27,3536.38
2017-09-28,3555.17
2017-09-29,3563.64
2017-10-02,3594.85
2017-10-03,3602.69
2017-10-04,3605.73
2017-10-05,3594.91
2017-10-06,3613.54
2017-10-09,3603.32
2017-10-10,3610.5
2017-10-11,3598.79
2017-10-12,3607.39
2017-10-13,3605.54
2017-10-16,3604.55
2017-10-17,3606.27
2017-10-18,3607.77
2017-10-19,3619.65
2017-10-20,3602.08
2017-10-23,3605.09
2017-10-24,3608.87
2017-10-25,3610.69
2017-10-26,3591.46
2017-10-27,3637.2
2017-10-30,3652.23
2017-10-31,3662.18
2017-11-01,3673.95
2017-11-02,3697.4
2017-11-03,3688.8
2017-11-06,3689.96
2017-11-07,3682.36
2017-11-08,3658.77
2017-11-09,3655.04
2017-11-10,3612.5
2017-11-13,3593.76
2017-11-14,3574.52
2017-11-15,3556.38
2017-11-16,3545.72
2017-11-17,3564.8
2017-11-20,3547.46
2017-11-21,3561.41
2017-11-22,3579.32
2017-11-23,3562.65
2017-11-24,3572.07
2017-11-27,3581.23
2017-11-28,3564.02
2017-11-29,3583.49
2017-11-30,3589.91
2017-12-01,3569.93
2017-12-04,3527.55
2017-12-05,3576.22
2017-12-06,3570.57
2017-12-07,3561.57
2017-12-08,3573.13
2017-12-11,3591.45
2017-12-12,3582.21
2017-12-13,3600.35
2017-12-14,3581.75
2017-12-15,3556.22
2017-12-18,3560.53
2017-12-19,3609.42
2017-12-20,3582.22
2017-12-21,3552.65
2017-12-22,3570.78
2017-12-27,3553.39
2017-12-28,3550.17
2017-12-29,3524.31
2018-01-02,3503.96
2018-01-03,3490.19
2018-01-04,3509.88
2018-01-05,3568.88
2018-01-08,3607.63
2018-01-09,3616.45
2018-01-10,3622.87
2018-01-11,3609.83
2018-01-12,3595.24
2018-01-15,3612.61
2018-01-16,3611.81
2018-01-17,3622.01
2018-01-18,3612.78
2018-01-19,3620.91
2018-01-22,3649.07
2018-01-23,3665.28
2018-01-24,3672.29
2018-01-25,3643.22
2018-01-26,3630.15
2018-01-29,3647.41
2018-01-30,3643.04
2018-01-31,3606.75
2018-02-01,3609.29
2018-02-02,3577.35
2018-02-05,3523.28
2018-02-06,3478.77
2018-02-07,3394.92
2018-02-08,3454.52
2018-02-09,3377.3
2018-02-12,3325.99
2018-02-13,3368.25
2018-02-14,3340.93
2018-02-15,3369.83
2018-02-16,3389.63
2018-02-19,3426.8
2018-02-20,3407.79
2018-02-21,3435.08
2018-02-22,3430.16
2018-02-23,3431.99
2018-02-26,3441.46
2018-02-27,3463.18
2018-02-28,3458.03
2018-03-01,3438.96
2018-03-02,3399.16
2018-03-05,3324.75
2018-03-06,3355.32
2018-03-07,3357.86
2018-03-08,3377.36
2018-03-09,3413.28
2018-03-12,3420.54
2018-03-13,3429.48
2018-03-14,3397.35
2018-03-15,3390.98
2018-03-16,3414.13
2018-03-19,3437.4
2018-03-20,3394.79
2018-03-21,3412.08
2018-03-22,3401.04
2018-03-23,3348.19
2018-03-26,3298.07
2018-03-27,3278.72
2018-03-28,3316.95
2018-03-29,3331.25
2018-04-03,3361.5
2018-04-04,3346.93
2018-04-05,3340.35
2018-04-06,3429.95
2018-04-09,3408.1
2018-04-10,3414.85
2018-04-11,3438.78
2018-04-12,3419.71
2018-04-13,3443.97
2018-04-16,3448.0
2018-04-17,3441.04
2018-04-18,3477.91
2018-04-19,3490.89
2018-04-20,3486.6
2018-04-23,3494.2
2018-04-24,3513.06
2018-04-25,3510.88
2018-04-26,3485.83
2018-04-27,3506.03
2018-04-30,3518.78
2018-05-01,3536.52
2018-05-02,3536.26
2018-05-03,3553.79
2018-05-04,3529.12
2018-05-07,3550.59
2018-05-08,3564.19
2018-05-09,3557.88
2018-05-10,3569.74
2018-05-11,3569.71
2018-05-14,3565.52
2018-05-15,3565.74
2018-05-16,3564.29
2018-05-17,3562.85
2018-05-18,3592.18
2018-05-21,3573.76
2018-05-22,3572.57
2018-05-23,3587.25
2018-05-24,3541.82
2018-05-25,3521.76
2018-05-28,3515.36
2018-05-29,3482.64
2018-05-30,3428.14
2018-05-31,3441.19
2018-06-01,3406.65
2018-06-04,3453.54
2018-06-05,3469.57
2018-06-06,3456.79
2018-06-07,3460.82
2018-06-08,3459.77
2018-06-11,3447.3
2018-06-12,3480.22
2018-06-13,3475.58
2018-06-14,3479.56
2018-06-15,3527.11
2018-06-18,3505.02
2018-06-19,3466.65
2018-06-20,3435.3
2018-06-21,3439.6
2018-06-22,3403.51
2018-06-25,3441.6
2018-06-26,3369.21
2018-06-27,3368.72
2018-06-28,3397.13
2018-06-29,3365.52
2018-07-02,3395.6
2018-07-03,3372.21
2018-07-04,3406.34
2018-07-05,3412.03
2018-07-06,3440.92
2018-07-09,3448.49
2018-07-10,3460.44
2018-07-11,3473.31
2018-07-12,3422.35
2018-07-13,3445.49
2018-07-16,3454.54
2018-07-17,3449.08
2018-07-18,3457.5
2018-07-19,3485.08
2018-07-20,3471.64
2018-07-23,3460.03
2018-07-24,3454.05
2018-07-25,3483.31
2018-07-26,3468.45
2018-07-27,3509.26
2018-07-30,3527.18
2018-07-31,3512.31
2018-08-01,3525.49
2018-08-02,3509.23
2018-08-03,3469.21
2018-08-06,3482.4
2018-08-07,3483.3
2018-08-08,3504.37
2018-08-09,3493.6
2018-08-10,3494.13
2018-08-13,3426.28
2018-08-14,3409.68
2018-08-15,3409.44
2018-08-16,3359.08
2018-08-17,3377.56
2018-08-20,3372.94
2018-08-21,3393.67
2018-08-22,3411.66
2018-08-23,3420.18
2018-08-24,3419.26
2018-08-27,3427.44
2018-08-28,3456.01
2018-08-29,3447.57
2018-08-30,3456.13
2018-08-31,3430.99
2018-09-03,3392.9
2018-09-04,3394.99
2018-09-05,3359.36
2018-09-06,3315.62
2018-09-07,3295.95
2018-09-10,3293.36
2018-09-11,3309.28
2018-09-12,3311.66
2018-09-13,3326.6
2018-09-14,3333.68
2018-09-17,3344.63
2018-09-18,3346.11
2018-09-19,3358.46
2018-09-20,3368.56
2018-09-21,3403.12
2018-09-24,3430.81
2018-09-25,3410.44
2018-09-26,3419.78
2018-09-27,3433.15
2018-09-28,3449.79
2018-10-01,3399.2
2018-10-02,3414.16
2018-10-03,3388.99
2018-10-04,3405.48
2018-10-05,3375.08
2018-10-08,3345.51
2018-10-09,3309.72
2018-10-10,3321.79
2018-10-11,3266.9
2018-10-12,3209.19
2018-10-15,3194.41
2018-10-16,3210.37
2018-10-17,3257.34
2018-10-18,3243.08
2018-10-19,3211.59
2018-10-22,3210.82
2018-10-23,3190.09
2018-10-24,3140.94
2018-10-25,3130.33
2018-10-26,3164.4
2018-10-29,3134.89
2018-10-30,3154.93
2018-10-31,3147.13
2018-11-01,3197.51
2018-11-02,3204.21
2018-11-05,3214.41
2018-11-06,3217.37
2018-11-07,3207.42
2018-11-08,3246.16
2018-11-09,3237.6
2018-11-12,3229.49
2018-11-13,3194.08
2018-11-14,3224.82
2018-11-15,3205.36
2018-11-16,3190.31
2018-11-19,3180.74
2018-11-20,3160.33
2018-11-21,3116.07
2018-11-22,3153.91
2018-11-23,3126.67
2018-11-26,3137.21
2018-11-27,3172.71
2018-11-28,3166.42
2018-11-29,3168.29
2018-11-30,3174.16
2018-12-03,3173.13
2018-12-04,3214.99
2018-12-05,3189.25
2018-12-06,3150.27
2018-12-07,3045.94
2018-12-10,3058.53
2018-12-11,3016.99
2018-12-12,3055.32
2018-12-13,3107.97
2018-12-14,3112.17
2018-12-17,3092.6
2018-12-18,3063.65
2018-12-19,3040.13
2018-12-20,3051.38
2018-12-21,3000.06
2018-12-24,3000.61
2018-12-27,2973.78
2018-12-28,2937.36
2018-12-31,2986.53
2019-01-02,3001.42
2019-01-03,2993.18
2019-01-04,2954.66
2019-01-07,3041.85
2019-01-08,3033.64
2019-01-09,3054.94
2019-01-10,3070.24
2019-01-11,3075.73
2019-01-14,3070.04
2019-01-15,3055.18
2019-01-16,3068.05
2019-01-17,3077.22
2019-01-18,3069.35
2019-01-21,3134.92
2019-01-22,3125.07
2019-01-23,3112.8
2019-01-24,3112.13
2019-01-25,3126.31
2019-01-28,3163.24
2019-01-29,3137.27
2019-01-30,3153.42
2019-01-31,3161.74
2019-02-01,3159.43
2019-02-04,3171.12
2019-02-05,3165.2
2019-02-06,3215.04
2019-02-07,3212.75
2019-02-08,3150.76
2019-02-11,3135.62
2019-02-12,3165.61
2019-02-13,3190.75
2019-02-14,3202.37
2019-02-15,3182.66
2019-02-18,3241.25
2019-02-19,3244.79
2019-02-20,3239.41
2019-02-21,3259.49
2019-02-22,3263.7
2019-02-25,3270.55
2019-02-26,3280.01
2019-02-27,3289.32
2019-02-28,3282.77
2019-03-01,3298.26
2019-03-04,3312.1
2019-03-05,3317.12
2019-03-06,3327.19
2019-03-07,3324.67
2019-03-08,3308.85
2019-03-11,3283.6
2019-03-12,3304.44
2019-03-13,3303.95
2019-03-14,3323.45
2019-03-15,3342.03
2019-03-18,3386.08
2019-03-19,3387.94
2019-03-20,3409.0
2019-03-21,3372.38
2019-03-22,3367.4
2019-03-25,3305.73
2019-03-26,3300.48
2019-03-27,3319.53
2019-03-28,3322.04
2019-03-29,3320.29
2019-04-01,3351.71
2019-04-02,3385.38
2019-04-03,3395.7
2019-04-04,3435.56
2019-04-05,3441.93
2019-04-08,3447.47
2019-04-09,3438.06
2019-04-10,3417.22
2019-04-11,3424.65
2019-04-12,3435.34
2019-04-15,3447.83
2019-04-16,3450.46
2019-04-17,3463.36
2019-04-18,3477.73
2019-04-23,3499.23
2019-04-24,3503.85
2019-04-25,3502.63
2019-04-26,3491.92
2019-04-29,3500.41
2019-04-30,3501.94
2019-05-01,3514.62
2019-05-02,3514.62
2019-05-03,3488.93
2019-05-06,3502.48
2019-05-07,3462.95
2019-05-08,3401.16
2019-05-09,3417.26
2019-05-10,3350.71
2019-05-13,3361.05
2019-05-14,3320.78
2019-05-15,3364.38
2019-05-16,3385.78
2019-05-17,3438.56
2019-05-20,3425.64
2019-05-21,3369.78
2019-05-22,3386.51
2019-05-23,3386.72
2019-05-24,3327.2
2019-05-27,3350.7
2019-05-28,3364.04
2019-05-29,3348.86
2019-05-30,3297.81
2019-05-31,3318.15
2019-06-03,3280.43
2019-06-04,3300.22
2019-06-05,3333.49
2019-06-06,3339.95
2019-06-07,3338.41
2019-06-10,3378.38
2019-06-11,3386.45
2019-06-12,3401.1
2019-06-13,3386.63
2019-06-14,3390.5
2019-06-17,3379.19
2019-06-18,3383.21
2019-06-19,3452.89
2019-06-20,3454.7
2019-06-21,3468.08
2019-06-24,3466.92
2019-06-25,3455.57
2019-06-26,3444.36
2019-06-27,3442.95
2019-06-28,3442.38
2019-07-01,3473.69
2019-07-02,3497.59
2019-07-03,3507.98
2019-07-04,3540.63
2019-07-05,3544.15
2019-07-08,3527.98
2019-07-09,3523.76
2019-07-10,3509.75
2019-07-11,3501.52
2019-07-12,3496.73
2019-07-15,3497.63
2019-07-16,3502.22
2019-07-17,3521.36
2019-07-18,3501.58
2019-07-19,3482.83
2019-07-22,3480.18
2019-07-23,3489.92
2019-07-24,3532.87
2019-07-25,3532.9
2019-07-26,3510.15
2019-07-29,3524.47
2019-07-30,3523.58
2019-07-31,3462.85
2019-08-01,3466.85
2019-08-02,3490.03
2019-08-05,3376.12
2019-08-06,3310.93
2019-08-07,3291.66
2019-08-08,3309.99
2019-08-09,3375.38
2019-08-12,3333.74
2019-08-13,3326.55
2019-08-14,3357.16
2019-08-15,3288.7
2019-08-16,3282.78
2019-08-19,3329.08
2019-08-20,3369.19
2019-08-21,3350.23
2019-08-22,3394.89
2019-08-23,3373.67
2019-08-26,3334.25
2019-08-27,3348.84
2019-08-28,3370.47
2019-08-29,3365.38
2019-08-30,3411.33
2019-09-02,3426.76
2019-09-03,3432.54
2019-09-04,3420.74
2019-09-05,3450.83
2019-09-06,3484.7
2019-09-09,3495.19
2019-09-10,3495.02
2019-09-11,3498.99
2019-09-12,3516.82
2019-09-13,3538.86
2019-09-16,3550.11
2019-09-17,3518.45
2019-09-18,3521.26
2019-09-19,3528.04
2019-09-20,3552.65
2019-09-23,3571.39
2019-09-24,3536.97
2019-09-25,3532.05
2019-09-26,3513.03
2019-09-27,3532.18
2019-09-30,3545.88
2019-10-01,3569.45
2019-10-02,3518.25
2019-10-03,3413.31
2019-10-04,3417.37
2019-10-07,3446.71
2019-10-08,3471.24
2019-10-09,3432.76
2019-10-10,3462.11
2019-10-11,3493.96
2019-10-14,3569.92
2019-10-15,3556.26
2019-10-16,3598.65
2019-10-17,3599.25
2019-10-18,3588.62
2019-10-21,3579.41
2019-10-22,3600.08
2019-10-23,3604.82
2019-10-24,3606.89
2019-10-25,3621.37
2019-10-28,3624.68
2019-10-29,3625.69
2019-10-30,3622.09
2019-10-31,3620.29
2019-11-01,3604.41
2019-11-04,3623.74
2019-11-05,3665.21
2019-11-06,3676.52
2019-11-07,3688.74
2019-11-08,3706.68
2019-11-11,3699.65
2019-11-12,3696.82
2019-11-13,3712.2
2019-11-14,3699.5
2019-11-15,3688.81
2019-11-18,3711.61
2019-11-19,3704.92
2019-11-20,3696.56
2019-11-21,3683.88
2019-11-22,3679.66
2019-11-25,3687.32
2019-11-26,3707.68
2019-11-27,3705.55
2019-11-28,3712.85
2019-11-29,3704.48
2019-12-02,3703.58
2019-12-03,3626.66
2019-12-04,3610.99
2019-12-05,3660.02
2019-12-06,3648.13
2019-12-09,3692.34
2019-12-10,3672.18
2019-12-11,3671.78
2019-12-12,3687.45
2019-12-13,3706.35
2019-12-16,3731.07
2019-12-17,3772.74
2019-12-18,3745.28
2019-12-19,3739.0
2019-12-20,3739.17
2019-12-23,3776.56
2019-12-24,3776.66
2019-12-27,3774.39
2019-12-30,3782.27
2019-12-31,3748.47
2020-01-02,3745.15
2020-01-03,3793.24
2020-01-06,3773.37
2020-01-07,3752.52
2020-01-08,3759.25
2020-01-09,3772.56
2020-01-10,3795.88
2020-01-13,3789.52
