Index,UKX
2010-01-05,5500.34
2010-01-06,5522.5
2010-01-07,5530.04
2010-01-08,5526.72
2010-01-11,5534.24
2010-01-12,5538.07
2010-01-13,5498.71
2010-01-14,5473.48
2010-01-15,5498.2
2010-01-18,5455.37
2010-01-19,5494.39
2010-01-20,5513.14
2010-01-21,5420.8
2010-01-22,5335.1
2010-01-25,5302.99
2010-01-26,5260.31
2010-01-27,5276.85
2010-01-28,5217.47
2010-01-29,5145.74
2010-02-01,5188.52
2010-02-02,5247.41
2010-02-03,5283.31
2010-02-04,5253.15
2010-02-05,5139.31
2010-02-08,5060.92
2010-02-09,5092.33
2010-02-10,5111.84
2010-02-11,5131.99
2010-02-12,5161.48
2010-02-15,5142.45
2010-02-16,5167.47
2010-02-17,5244.06
2010-02-18,5276.64
2010-02-19,5325.09
2010-02-22,5358.17
2010-02-23,5352.07
2010-02-24,5315.09
2010-02-25,5342.92
2010-02-26,5278.22
2010-03-01,5354.52
2010-03-02,5405.94
2010-03-03,5484.06
2010-03-04,5533.21
2010-03-05,5527.16
2010-03-08,5599.76
2010-03-09,5606.72
2010-03-10,5602.3
2010-03-11,5640.57
2010-03-12,5617.26
2010-03-15,5625.65
2010-03-16,5593.85
2010-03-17,5620.43
2010-03-18,5644.63
2010-03-19,5642.62
2010-03-22,5650.12
2010-03-23,5644.54
2010-03-24,5673.63
2010-03-25,5677.88
2010-03-26,5727.65
2010-03-29,5703.02
2010-03-30,5710.66
2010-03-31,5672.32
2010-04-01,5679.64
2010-04-06,5744.89
2010-04-07,5780.35
2010-04-08,5762.06
2010-04-09,5712.7
2010-04-12,5770.98
2010-04-13,5777.65
2010-04-14,5761.66
2010-04-15,5796.25
2010-04-16,5825.01
2010-04-19,5743.96
2010-04-20,5727.91
2010-04-21,5783.69
2010-04-22,5723.43
2010-04-23,5665.33
2010-04-26,5723.65
2010-04-27,5753.85
2010-04-28,5603.52
2010-04-29,5586.61
2010-04-30,5617.84
2010-05-03,5553.29
2010-05-04,
2010-05-05,5411.11
2010-05-06,5341.93
2010-05-07,5260.99
2010-05-10,5123.02
2010-05-11,5387.42
2010-05-12,5334.21
2010-05-13,5383.45
2010-05-14,5433.73
2010-05-17,5262.85
2010-05-18,5262.54
2010-05-19,5307.34
2010-05-20,5158.08
2010-05-21,5073.13
2010-05-24,5062.93
2010-05-25,5069.61
2010-05-26,4940.68
2010-05-27,5038.08
2010-05-28,5195.17
2010-05-31,5188.43
2010-06-01,
2010-06-02,5163.3
2010-06-03,5151.32
2010-06-04,5211.18
2010-06-07,5126.0
2010-06-08,5069.06
2010-06-09,5028.15
2010-06-10,5085.86
2010-06-11,5132.5
2010-06-14,5163.68
2010-06-15,5202.13
2010-06-16,5217.82
2010-06-17,5237.92
2010-06-18,5253.89
2010-06-21,5250.84
2010-06-22,5299.11
2010-06-23,5246.98
2010-06-24,5178.52
2010-06-25,5100.23
2010-06-28,5046.47
2010-06-29,5071.68
2010-06-30,4914.22
2010-07-01,4916.87
2010-07-02,4805.75
2010-07-05,4838.09
2010-07-06,4823.53
2010-07-07,4965.0
2010-07-08,5014.82
2010-07-09,5105.45
2010-07-12,5132.94
2010-07-13,5167.02
2010-07-14,5271.02
2010-07-15,5253.52
2010-07-16,5211.29
2010-07-19,5158.85
2010-07-20,5148.28
2010-07-21,5139.46
2010-07-22,5214.64
2010-07-23,5313.81
2010-07-26,5312.62
2010-07-27,5351.12
2010-07-28,5365.67
2010-07-29,5319.68
2010-07-30,5313.95
2010-08-02,5258.02
2010-08-03,5397.11
2010-08-04,5396.48
2010-08-05,5386.16
2010-08-06,5365.78
2010-08-09,5332.39
2010-08-10,5410.52
2010-08-11,5376.41
2010-08-12,5245.21
2010-08-13,5266.06
2010-08-16,5275.44
2010-08-17,5276.1
2010-08-18,5350.55
2010-08-19,5302.87
2010-08-20,5211.29
2010-08-23,5195.28
2010-08-24,5234.84
2010-08-25,5155.95
2010-08-26,5109.4
2010-08-27,5155.84
2010-08-30,5201.56
2010-08-31,
2010-09-01,5225.22
2010-09-02,5366.41
2010-09-03,5371.04
2010-09-06,5428.15
2010-09-07,5439.19
2010-09-08,5407.82
2010-09-09,5429.74
2010-09-10,5494.16
2010-09-13,5501.64
2010-09-14,5565.53
2010-09-15,5567.41
2010-09-16,5555.56
2010-09-17,5540.14
2010-09-20,5508.45
2010-09-21,5602.54
2010-09-22,5576.19
2010-09-23,5551.91
2010-09-24,5547.08
2010-09-27,5598.48
2010-09-28,5573.42
2010-09-29,5578.44
2010-09-30,5569.27
2010-10-01,5548.62
2010-10-04,5592.9
2010-10-05,5555.97
2010-10-06,5635.76
2010-10-07,5681.39
2010-10-08,5662.13
2010-10-11,5657.61
2010-10-12,5672.4
2010-10-13,5661.59
2010-10-14,5747.35
2010-10-15,5727.21
2010-10-18,5703.37
2010-10-19,5742.52
2010-10-20,5703.89
2010-10-21,5728.93
2010-10-22,5757.86
2010-10-25,5741.37
2010-10-26,5751.98
2010-10-27,5707.3
2010-10-28,5646.02
2010-10-29,5677.89
2010-11-01,5675.16
2010-11-02,5694.62
2010-11-03,5757.43
2010-11-04,5748.97
2010-11-05,5862.79
2010-11-08,5875.35
2010-11-09,5849.96
2010-11-10,5875.19
2010-11-11,5816.94
2010-11-12,5815.23
2010-11-15,5796.87
2010-11-16,5820.41
2010-11-17,5681.9
2010-11-18,5692.56
2010-11-19,5768.71
2010-11-22,5732.83
2010-11-23,5680.83
2010-11-24,5581.28
2010-11-25,5657.1
2010-11-26,5698.93
2010-11-29,5668.7
2010-11-30,5550.95
2010-12-01,5528.27
2010-12-02,5642.5
2010-12-03,5767.56
2010-12-06,5745.32
2010-12-07,5770.28
2010-12-08,5808.45
2010-12-09,5794.53
2010-12-10,5807.96
2010-12-13,5812.95
2010-12-14,5860.75
2010-12-15,5891.21
2010-12-16,5882.18
2010-12-17,5881.12
2010-12-20,5871.75
2010-12-21,5891.61
2010-12-22,5951.8
2010-12-23,5983.49
2010-12-24,5996.07
2010-12-28,6008.92
2010-12-29,
2010-12-30,5996.36
2010-12-31,5971.01
2011-01-03,5899.94
2011-01-04,
2011-01-05,6013.87
2011-01-06,6043.86
2011-01-07,6019.51
2011-01-10,5984.33
2011-01-11,5956.3
2011-01-12,6014.03
2011-01-13,6050.72
2011-01-14,6023.88
2011-01-17,6002.07
2011-01-18,5985.7
2011-01-19,6056.43
2011-01-20,5976.7
2011-01-21,5867.91
2011-01-24,5896.25
2011-01-25,5943.85
2011-01-26,5917.71
2011-01-27,5969.21
2011-01-28,5965.08
2011-01-31,5881.37
2011-02-01,5862.94
2011-02-02,5957.82
2011-02-03,6000.07
2011-02-04,5983.34
2011-02-07,5997.38
2011-02-08,6051.03
2011-02-09,6091.33
2011-02-10,6052.29
2011-02-11,6020.01
2011-02-14,6062.9
2011-02-15,6060.09
2011-02-16,6037.08
2011-02-17,6085.27
2011-02-18,6087.38
2011-02-21,6082.99
2011-02-22,6014.8
2011-02-23,5996.76
2011-02-24,5923.53
2011-02-25,5919.98
2011-02-28,6001.2
2011-03-01,5994.01
2011-03-02,5935.76
2011-03-03,5914.89
2011-03-04,6005.09
2011-03-07,5990.39
2011-03-08,5973.78
2011-03-09,5974.76
2011-03-10,5937.3
2011-03-11,5845.29
2011-03-14,5828.67
2011-03-15,5775.24
2011-03-16,5695.28
2011-03-17,5598.23
2011-03-18,5696.11
2011-03-21,5718.13
2011-03-22,5786.09
2011-03-23,5762.71
2011-03-24,5795.88
2011-03-25,5880.87
2011-03-28,5900.76
2011-03-29,5904.49
2011-03-30,5932.17
2011-03-31,5948.3
2011-04-01,5908.76
2011-04-04,6009.92
2011-04-05,6016.98
2011-04-06,6007.06
2011-04-07,6041.13
2011-04-08,6007.37
2011-04-11,6055.75
2011-04-12,6053.44
2011-04-13,5964.47
2011-04-14,6010.44
2011-04-15,5963.8
2011-04-18,5996.01
2011-04-19,5870.08
2011-04-20,5896.87
2011-04-21,6022.26
2011-04-26,6018.3
2011-04-27,6069.36
2011-04-28,6068.16
2011-04-29,6069.9
2011-05-03,
2011-05-04,6082.88
2011-05-05,5984.07
2011-05-06,5919.98
2011-05-09,5976.77
2011-05-10,5942.69
2011-05-11,6018.89
2011-05-12,5976.0
2011-05-13,5944.96
2011-05-16,5925.87
2011-05-17,5923.69
2011-05-18,5861.0
2011-05-19,5923.49
2011-05-20,5955.99
2011-05-23,5948.49
2011-05-24,5835.89
2011-05-25,5858.41
2011-05-26,5870.14
2011-05-27,5880.99
2011-05-30,5938.87
2011-05-31,
2011-06-01,5989.99
2011-06-02,5928.61
2011-06-03,5847.92
2011-06-06,5855.01
2011-06-07,5863.16
2011-06-08,5864.65
2011-06-09,5808.89
2011-06-10,5856.34
2011-06-13,5765.8
2011-06-14,5773.46
2011-06-15,5803.13
2011-06-16,5742.55
2011-06-17,5698.81
2011-06-20,5714.94
2011-06-21,5693.39
2011-06-22,5775.31
2011-06-23,5772.99
2011-06-24,5674.38
2011-06-27,5697.72
2011-06-28,5722.34
2011-06-29,5766.88
2011-06-30,5855.95
2011-07-01,5945.71
2011-07-04,5989.76
2011-07-05,6017.54
2011-07-06,6024.03
2011-07-07,6002.92
2011-07-08,6054.55
2011-07-11,5990.58
2011-07-12,5929.16
2011-07-13,5868.96
2011-07-14,5906.43
2011-07-15,5846.95
2011-07-18,5843.66
2011-07-19,5752.81
2011-07-20,5789.99
2011-07-21,5853.82
2011-07-22,5899.89
2011-07-25,5935.02
2011-07-26,5925.26
2011-07-27,5929.73
2011-07-28,5856.58
2011-07-29,5873.21
2011-08-01,5815.19
2011-08-02,5774.43
2011-08-03,5718.39
2011-08-04,5584.51
2011-08-05,5393.14
2011-08-08,5246.99
2011-08-09,5068.95
2011-08-10,5164.92
2011-08-11,5007.16
2011-08-12,5162.83
2011-08-15,5320.03
2011-08-16,5350.58
2011-08-17,5357.63
2011-08-18,5331.6
2011-08-19,5092.23
2011-08-22,5040.76
2011-08-23,5095.3
2011-08-24,5129.42
2011-08-25,5205.85
2011-08-26,5131.1
2011-08-29,5129.92
2011-08-30,
2011-08-31,5268.66
2011-09-01,5394.53
2011-09-02,5418.65
2011-09-05,5292.03
2011-09-06,5102.58
2011-09-07,5156.84
2011-09-08,5318.59
2011-09-09,5340.38
2011-09-12,5214.65
2011-09-13,5129.62
2011-09-14,5174.25
2011-09-15,5227.02
2011-09-16,5337.54
2011-09-19,5368.41
2011-09-20,5259.56
2011-09-21,5363.71
2011-09-22,5288.41
2011-09-23,5041.61
2011-09-26,5066.81
2011-09-27,5089.37
2011-09-28,5294.05
2011-09-29,5217.63
2011-09-30,5196.84
2011-10-03,5128.48
2011-10-04,5075.5
2011-10-05,4944.44
2011-10-06,5102.17
2011-10-07,5291.26
2011-10-10,5303.4
2011-10-11,5399.0
2011-10-12,5395.7
2011-10-13,5441.8
2011-10-14,5403.38
2011-10-17,5466.36
2011-10-18,5436.7
2011-10-19,5410.35
2011-10-20,5450.49
2011-10-21,5384.68
2011-10-24,5488.65
2011-10-25,5548.06
2011-10-26,5525.54
2011-10-27,5553.24
2011-10-28,5713.82
2011-10-31,5702.24
2011-11-01,5544.22
2011-11-02,5421.57
2011-11-03,5484.1
2011-11-04,5545.64
2011-11-07,5527.16
2011-11-08,5510.82
2011-11-09,5567.34
2011-11-10,5460.38
2011-11-11,5444.82
2011-11-14,5545.38
2011-11-15,5519.04
2011-11-16,5517.44
2011-11-17,5509.02
2011-11-18,5423.14
2011-11-21,5362.94
2011-11-22,5222.6
2011-11-23,5206.82
2011-11-24,5139.78
2011-11-25,5127.57
2011-11-28,5164.65
2011-11-29,5312.76
2011-11-30,5337.0
2011-12-01,5505.42
2011-12-02,5489.34
2011-12-05,5552.29
2011-12-06,5567.96
2011-12-07,5568.72
2011-12-08,5546.91
2011-12-09,5483.77
2011-12-12,5529.21
2011-12-13,5427.86
2011-12-14,5490.15
2011-12-15,5366.8
2011-12-16,5400.85
2011-12-19,5387.34
2011-12-20,5364.99
2011-12-21,5419.6
2011-12-22,5389.74
2011-12-23,5456.97
2011-12-27,5512.7
2011-12-28,
2011-12-29,5507.4
2011-12-30,5566.77
2012-01-02,5572.28
2012-01-03,
2012-01-04,5699.91
2012-01-05,5668.45
2012-01-06,5624.26
2012-01-09,5649.68
2012-01-10,5612.26
2012-01-11,5696.7
2012-01-12,5670.82
2012-01-13,5662.42
2012-01-16,5636.64
2012-01-17,5657.44
2012-01-18,5693.95
2012-01-19,5702.37
2012-01-20,5741.15
2012-01-23,5728.55
2012-01-24,5782.56
2012-01-25,5751.9
2012-01-26,5723.0
2012-01-27,5795.2
2012-01-30,5733.45
2012-01-31,5671.09
2012-02-01,5681.61
2012-02-02,5790.72
2012-02-03,5796.07
2012-02-06,5901.07
2012-02-07,5892.2
2012-02-08,5890.26
2012-02-09,5875.93
2012-02-10,5895.47
2012-02-13,5852.39
2012-02-14,5905.7
2012-02-15,5899.87
2012-02-16,5892.16
2012-02-17,5885.38
2012-02-20,5905.07
2012-02-21,5945.25
2012-02-22,5928.2
2012-02-23,5916.55
2012-02-24,5937.89
2012-02-27,5935.13
2012-02-28,5915.55
2012-02-29,5927.91
2012-03-01,5871.51
2012-03-02,5931.25
2012-03-05,5911.13
2012-03-06,5874.82
2012-03-07,5765.8
2012-03-08,5791.41
2012-03-09,5859.73
2012-03-12,5887.49
2012-03-13,5892.75
2012-03-14,5955.91
2012-03-15,5945.43
2012-03-16,5940.72
2012-03-19,5965.58
2012-03-20,5961.11
2012-03-21,5891.41
2012-03-22,5891.95
2012-03-23,5845.65
2012-03-26,5854.89
2012-03-27,5902.7
2012-03-28,5869.55
2012-03-29,5808.99
2012-03-30,5742.03
2012-04-02,5768.45
2012-04-03,5874.89
2012-04-04,5838.34
2012-04-05,5703.77
2012-04-09,5723.67
2012-04-10,
2012-04-11,5595.55
2012-04-12,5634.74
2012-04-13,5710.46
2012-04-16,5651.79
2012-04-17,5666.28
2012-04-18,5766.95
2012-04-19,5745.29
2012-04-20,5744.55
2012-04-23,5772.15
2012-04-24,5665.57
2012-04-25,5709.49
2012-04-26,5718.89
2012-04-27,5748.72
2012-04-30,5777.11
2012-05-01,5737.78
2012-05-02,5812.23
2012-05-03,5758.11
2012-05-04,5766.55
2012-05-07,5655.06
2012-05-08,
2012-05-09,5554.55
2012-05-10,5530.05
2012-05-11,5543.95
2012-05-14,5575.52
2012-05-15,5465.52
2012-05-16,5437.62
2012-05-17,5405.25
2012-05-18,5338.38
2012-05-21,5267.62
2012-05-22,5304.48
2012-05-23,5403.28
2012-05-24,5266.41
2012-05-25,5350.05
2012-05-28,5351.53
2012-05-29,5356.34
2012-05-30,5391.14
2012-05-31,5297.28
2012-06-01,5320.86
2012-06-04,5260.19
2012-06-05,
2012-06-06,
2012-06-07,5384.11
2012-06-08,5447.79
2012-06-11,5435.08
2012-06-12,5432.37
2012-06-13,5473.74
2012-06-14,5483.81
2012-06-15,5467.05
2012-06-18,5478.81
2012-06-19,5491.09
2012-06-20,5586.31
2012-06-21,5622.29
2012-06-22,5566.36
2012-06-25,5513.69
2012-06-26,5450.65
2012-06-27,5446.96
2012-06-28,5523.92
2012-06-29,5493.06
2012-07-02,5571.15
2012-07-03,5640.64
2012-07-04,5687.73
2012-07-05,5684.47
2012-07-06,5692.63
2012-07-09,5662.63
2012-07-10,5627.33
2012-07-11,5664.07
2012-07-12,5664.48
2012-07-13,5608.25
2012-07-16,5666.13
2012-07-17,5662.43
2012-07-18,5629.09
2012-07-19,5685.77
2012-07-20,5714.19
2012-07-23,5651.77
2012-07-24,5533.87
2012-07-25,5499.23
2012-07-26,5498.32
2012-07-27,5573.16
2012-07-30,5627.21
2012-07-31,5693.63
2012-08-01,5635.28
2012-08-02,5712.82
2012-08-03,5662.3
2012-08-06,5787.28
2012-08-07,5808.77
2012-08-08,5841.24
2012-08-09,5845.92
2012-08-10,5851.51
2012-08-13,5847.11
2012-08-14,5831.88
2012-08-15,5864.78
2012-08-16,5833.04
2012-08-17,5834.51
2012-08-20,5852.42
2012-08-21,5824.37
2012-08-22,5857.52
2012-08-23,5774.2
2012-08-24,5776.6
2012-08-27,5776.6
2012-08-28,
2012-08-29,5775.71
2012-08-30,5743.53
2012-08-31,5719.45
2012-09-03,5711.48
2012-09-04,5758.41
2012-09-05,5672.01
2012-09-06,5657.86
2012-09-07,5777.34
2012-09-10,5794.8
2012-09-11,5793.2
2012-09-12,5792.19
2012-09-13,5782.08
2012-09-14,5819.92
2012-09-17,5915.55
2012-09-18,5893.52
2012-09-19,5868.16
2012-09-20,5888.48
2012-09-21,5854.64
2012-09-24,5852.62
2012-09-25,5838.84
2012-09-26,5859.71
2012-09-27,5768.09
2012-09-28,5779.42
2012-10-01,5742.07
2012-10-02,5820.45
2012-10-03,5809.45
2012-10-04,5825.81
2012-10-05,5827.78
2012-10-08,5871.02
2012-10-09,5841.74
2012-10-10,5810.25
2012-10-11,5776.71
2012-10-12,5829.75
2012-10-15,5793.32
2012-10-16,5805.61
2012-10-17,5870.54
2012-10-18,5910.91
2012-10-19,5917.05
2012-10-22,5896.15
2012-10-23,5882.91
2012-10-24,5797.91
2012-10-25,5804.78
2012-10-26,5805.05
2012-10-29,5806.71
2012-10-30,5795.1
2012-10-31,5849.9
2012-11-01,5782.7
2012-11-02,5861.92
2012-11-05,5868.55
2012-11-06,5839.06
2012-11-07,5884.9
2012-11-08,5791.63
2012-11-09,5776.05
2012-11-12,5769.68
2012-11-13,5767.27
2012-11-14,5786.25
2012-11-15,5722.01
2012-11-16,5677.75
2012-11-19,5605.59
2012-11-20,5737.66
2012-11-21,5748.1
2012-11-22,5752.03
2012-11-23,5791.03
2012-11-26,5819.14
2012-11-27,5786.72
2012-11-28,5799.71
2012-11-29,5803.28
2012-11-30,5870.3
2012-12-03,5866.82
2012-12-04,5871.24
2012-12-05,5869.04
2012-12-06,5892.08
2012-12-07,5901.42
2012-12-10,5914.4
2012-12-11,5921.63
2012-12-12,5924.97
2012-12-13,5945.85
2012-12-14,5929.61
2012-12-17,5921.76
2012-12-18,5912.15
2012-12-19,5935.9
2012-12-20,5961.59
2012-12-21,5958.34
2012-12-24,5939.99
2012-12-27,5954.18
2012-12-28,5954.3
2012-12-31,5925.37
2013-01-02,5897.81
2013-01-03,6027.37
2013-01-04,6047.34
2013-01-07,6089.84
2013-01-08,6064.58
2013-01-09,6053.63
2013-01-10,6098.65
2013-01-11,6101.51
2013-01-14,6121.58
2013-01-15,6107.86
2013-01-16,6117.31
2013-01-17,6103.98
2013-01-18,6132.36
2013-01-21,6154.41
2013-01-22,6180.98
2013-01-23,6179.17
2013-01-24,6197.64
2013-01-25,6264.91
2013-01-28,6284.45
2013-01-29,6294.41
2013-01-30,6339.19
2013-01-31,6323.11
2013-02-01,6276.88
2013-02-04,6347.24
2013-02-05,6246.84
2013-02-06,6282.76
2013-02-07,6295.34
2013-02-08,6228.42
2013-02-11,6263.93
2013-02-12,6277.06
2013-02-13,6338.38
2013-02-14,6359.11
2013-02-15,6327.36
2013-02-18,6328.26
2013-02-19,6318.19
2013-02-20,6379.07
2013-02-21,6395.37
2013-02-22,6291.54
2013-02-25,6335.7
2013-02-26,6355.37
2013-02-27,6270.44
2013-02-28,6325.88
2013-03-01,6360.81
2013-03-04,6378.6
2013-03-05,6345.63
2013-03-06,6431.95
2013-03-07,6427.64
2013-03-08,6439.16
2013-03-11,6483.58
2013-03-12,6503.63
2013-03-13,6510.62
2013-03-14,6481.5
2013-03-15,6529.41
2013-03-18,6489.65
2013-03-19,6457.92
2013-03-20,6441.32
2013-03-21,6432.7
2013-03-22,6388.55
2013-03-25,6392.76
2013-03-26,6378.38
2013-03-27,6399.37
2013-03-28,6387.56
2013-04-01,6411.74
2013-04-02,
2013-04-03,6490.66
2013-04-04,6420.28
2013-04-05,6344.12
2013-04-08,6249.78
2013-04-09,6276.94
2013-04-10,6313.21
2013-04-11,6387.37
2013-04-12,6416.14
2013-04-15,6384.39
2013-04-16,6343.6
2013-04-17,6304.58
2013-04-18,6244.21
2013-04-19,6243.67
2013-04-22,6286.59
2013-04-23,6280.62
2013-04-24,6406.12
2013-04-25,6431.76
2013-04-26,6442.59
2013-04-29,6426.42
2013-04-30,6458.02
2013-05-01,6430.12
2013-05-02,6451.29
2013-05-03,6460.71
2013-05-06,6521.46
2013-05-07,
2013-05-08,6557.3
2013-05-09,6583.48
2013-05-10,6592.74
2013-05-13,6624.98
2013-05-14,6631.76
2013-05-15,6686.06
2013-05-16,6693.55
2013-05-17,6687.8
2013-05-20,6723.06
2013-05-21,6755.63
2013-05-22,6803.87
2013-05-23,6840.27
2013-05-24,6696.79
2013-05-27,6654.34
2013-05-28,
2013-05-29,6762.01
2013-05-30,6627.17
2013-05-31,6656.99
2013-06-03,6583.09
2013-06-04,6525.12
2013-06-05,6558.58
2013-06-06,6419.31
2013-06-07,6336.11
2013-06-10,6411.99
2013-06-11,6400.45
2013-06-12,6340.08
2013-06-13,6299.45
2013-06-14,6304.63
2013-06-17,6308.26
2013-06-18,6330.49
2013-06-19,6374.21
2013-06-20,6348.82
2013-06-21,6159.51
2013-06-24,6116.17
2013-06-25,6029.1
2013-06-26,6101.91
2013-06-27,6165.48
2013-06-28,6243.4
2013-07-01,6215.47
2013-07-02,6307.78
2013-07-03,6303.94
2013-07-04,6229.87
2013-07-05,6421.67
2013-07-08,6375.52
2013-07-09,6450.07
2013-07-10,6513.08
2013-07-11,6504.96
2013-07-12,6543.41
2013-07-15,6544.94
2013-07-16,6586.11
2013-07-17,6556.35
2013-07-18,6571.93
2013-07-19,6634.36
2013-07-22,6630.67
2013-07-23,6623.17
2013-07-24,6597.44
2013-07-25,6620.43
2013-07-26,6587.95
2013-07-29,6554.79
2013-07-30,6560.25
2013-07-31,6570.95
2013-08-01,6621.06
2013-08-02,6681.98
2013-08-05,6647.87
2013-08-06,6619.58
2013-08-07,6604.21
2013-08-08,6511.21
2013-08-09,6529.68
2013-08-12,6583.39
2013-08-13,6574.34
2013-08-14,6611.94
2013-08-15,6587.43
2013-08-16,6483.34
2013-08-19,6499.99
2013-08-20,6465.73
2013-08-21,6453.46
2013-08-22,6390.84
2013-08-23,6446.87
2013-08-26,6492.1
2013-08-27,
2013-08-28,6440.97
2013-08-29,6430.06
2013-08-30,6483.05
2013-09-02,6412.93
2013-09-03,6506.19
2013-09-04,6468.41
2013-09-05,6474.74
2013-09-06,6532.44
2013-09-09,6547.33
2013-09-10,6530.74
2013-09-11,6583.99
2013-09-12,6588.43
2013-09-13,6588.98
2013-09-16,6583.8
2013-09-17,6622.86
2013-09-18,6570.17
2013-09-19,6558.82
2013-09-20,6625.39
2013-09-23,6596.43
2013-09-24,6557.37
2013-09-25,6571.46
2013-09-26,6551.53
2013-09-27,6565.59
2013-09-30,6512.66
2013-10-01,6462.22
2013-10-02,6460.01
2013-10-03,6437.5
2013-10-04,6449.04
2013-10-07,6453.88
2013-10-08,6437.28
2013-10-09,6365.83
2013-10-10,6337.91
2013-10-11,6430.49
2013-10-14,6487.19
2013-10-15,6507.65
2013-10-16,6549.11
2013-10-17,6571.59
2013-10-18,6576.16
2013-10-21,6622.58
2013-10-22,6654.2
2013-10-23,6695.66
2013-10-24,6674.48
2013-10-25,6713.18
2013-10-28,6721.34
2013-10-29,6725.82
2013-10-30,6774.73
2013-10-31,6777.7
2013-11-01,6731.43
2013-11-04,6734.74
2013-11-05,6763.62
2013-11-06,6746.84
2013-11-07,6741.69
2013-11-08,6697.22
2013-11-11,6708.42
2013-11-12,6728.37
2013-11-13,6726.79
2013-11-14,6630.0
2013-11-15,6666.13
2013-11-18,6693.44
2013-11-19,6723.46
2013-11-20,6698.01
2013-11-21,6681.08
2013-11-22,6681.33
2013-11-25,6674.3
2013-11-26,6694.62
2013-11-27,6636.22
2013-11-28,6649.47
2013-11-29,6654.47
2013-12-02,6650.57
2013-12-03,6595.33
2013-12-04,6532.43
2013-12-05,6509.97
2013-12-06,6498.33
2013-12-09,6551.99
2013-12-10,6559.48
2013-12-11,6523.31
2013-12-12,6507.72
2013-12-13,6445.25
2013-12-16,6439.96
2013-12-17,6522.2
2013-12-18,6486.19
2013-12-19,6492.08
2013-12-20,6584.7
2013-12-23,6606.58
2013-12-24,6678.61
2013-12-27,6694.17
2013-12-30,6750.87
2013-12-31,6731.27
2014-01-02,6749.09
2014-01-03,6717.91
2014-01-06,6730.67
2014-01-07,6730.73
2014-01-08,6755.45
2014-01-09,6721.78
2014-01-10,6691.34
2014-01-13,6739.94
2014-01-14,6757.15
2014-01-15,6766.86
2014-01-16,6819.86
2014-01-17,6815.42
2014-01-20,6829.3
2014-01-21,6836.73
2014-01-22,6834.26
2014-01-23,6826.33
2014-01-24,6773.28
2014-01-27,6663.74
2014-01-28,6550.66
2014-01-29,6572.33
2014-01-30,6544.28
2014-01-31,6538.45
2014-02-03,6510.44
2014-02-04,6465.66
2014-02-05,6449.27
2014-02-06,6457.89
2014-02-07,6558.28
2014-02-10,6571.68
2014-02-11,6591.55
2014-02-12,6672.66
2014-02-13,6675.03
2014-02-14,6659.42
2014-02-17,6663.62
2014-02-18,6736.0
2014-02-19,6796.43
2014-02-20,6796.71
2014-02-21,6812.99
2014-02-24,6838.06
2014-02-25,6865.86
2014-02-26,6830.5
2014-02-27,6799.15
2014-02-28,6810.27
2014-03-03,6809.7
2014-03-04,6708.35
2014-03-05,6823.77
2014-03-06,6775.42
2014-03-07,6788.49
2014-03-10,6712.67
2014-03-11,6689.45
2014-03-12,6685.52
2014-03-13,6620.9
2014-03-14,6553.78
2014-03-17,6527.89
2014-03-18,6568.35
2014-03-19,6605.28
2014-03-20,6573.13
2014-03-21,6542.44
2014-03-24,6557.17
2014-03-25,6520.39
2014-03-26,6604.89
2014-03-27,6605.3
2014-03-28,6588.32
2014-03-31,6615.58
2014-04-01,6598.37
2014-04-02,6652.61
2014-04-03,6659.04
2014-04-04,6649.14
2014-04-07,6695.55
2014-04-08,6622.84
2014-04-09,6590.69
2014-04-10,6635.61
2014-04-11,6641.97
2014-04-14,6561.7
2014-04-15,6583.76
2014-04-16,6541.61
2014-04-17,6584.17
2014-04-21,6625.25
2014-04-22,
2014-04-23,6681.76
2014-04-24,6674.74
2014-04-25,6703.0
2014-04-28,6685.69
2014-04-29,6700.16
2014-04-30,6769.91
2014-05-01,6780.03
2014-05-02,6808.87
2014-05-05,6822.42
2014-05-06,
2014-05-07,6798.56
2014-05-08,6796.44
2014-05-09,6839.25
2014-05-12,6814.57
2014-05-13,6851.75
2014-05-14,6873.08
2014-05-15,6878.49
2014-05-16,6840.89
2014-05-19,6855.81
2014-05-20,6844.55
2014-05-21,6802.0
2014-05-22,6821.04
2014-05-23,6820.56
2014-05-26,6815.75
2014-05-27,
2014-05-28,6844.94
2014-05-29,6851.22
2014-05-30,6871.29
2014-06-02,6844.51
2014-06-03,6864.1
2014-06-04,6836.3
2014-06-05,6818.63
2014-06-06,6813.49
2014-06-09,6858.21
2014-06-10,6875.0
2014-06-11,6873.55
2014-06-12,6838.87
2014-06-13,6843.11
2014-06-16,6777.85
2014-06-17,6754.64
2014-06-18,6766.77
2014-06-19,6778.56
2014-06-20,6808.11
2014-06-23,6825.2
2014-06-24,6800.56
2014-06-25,6787.07
2014-06-26,6733.62
2014-06-27,6735.12
2014-06-30,6757.77
2014-07-01,6743.94
2014-07-02,6802.92
2014-07-03,6816.37
2014-07-04,6865.21
2014-07-07,6866.05
2014-07-08,6823.51
2014-07-09,6738.45
2014-07-10,6718.04
2014-07-11,6672.37
2014-07-14,6690.17
2014-07-15,6746.14
2014-07-16,6710.45
2014-07-17,6784.67
2014-07-18,6738.32
2014-07-21,6749.45
2014-07-22,6728.44
2014-07-23,6795.34
2014-07-24,6798.15
2014-07-25,6821.46
2014-07-28,6791.55
2014-07-29,6788.07
2014-07-30,6807.75
2014-07-31,6773.44
2014-08-01,6730.11
2014-08-04,6679.18
2014-08-05,6677.52
2014-08-06,6682.48
2014-08-07,6636.16
2014-08-08,6597.37
2014-08-11,6567.36
2014-08-12,6632.82
2014-08-13,6632.42
2014-08-14,6656.68
2014-08-15,6685.26
2014-08-18,6689.08
2014-08-19,6741.25
2014-08-20,6779.31
2014-08-21,6755.48
2014-08-22,6777.66
2014-08-25,6775.25
2014-08-26,
2014-08-27,6822.76
2014-08-28,6830.66
2014-08-29,6805.8
2014-09-01,6819.75
2014-09-02,6825.31
2014-09-03,6829.17
2014-09-04,6873.58
2014-09-05,6877.97
2014-09-08,6855.1
2014-09-09,6834.77
2014-09-10,6829.0
2014-09-11,6830.11
2014-09-12,6799.62
2014-09-15,6806.96
2014-09-16,6804.21
2014-09-17,6792.24
2014-09-18,6780.9
2014-09-19,6819.29
2014-09-22,6837.92
2014-09-23,6773.63
2014-09-24,6676.08
2014-09-25,6706.27
2014-09-26,6639.71
2014-09-29,6649.39
2014-09-30,6646.6
2014-10-01,6622.72
2014-10-02,6557.52
2014-10-03,6446.39
2014-10-06,6527.91
2014-10-07,6563.65
2014-10-08,6495.58
2014-10-09,6482.24
2014-10-10,6431.85
2014-10-13,6339.97
2014-10-14,6366.24
2014-10-15,6392.68
2014-10-16,6211.64
2014-10-17,6195.91
2014-10-20,6310.29
2014-10-21,6267.07
2014-10-22,6372.33
2014-10-23,6399.73
2014-10-24,6419.15
2014-10-27,6388.73
2014-10-28,6363.46
2014-10-29,6402.17
2014-10-30,6453.87
2014-10-31,6463.55
2014-11-03,6546.47
2014-11-04,6487.97
2014-11-05,6453.97
2014-11-06,6539.14
2014-11-07,6551.15
2014-11-10,6567.24
2014-11-11,6611.25
2014-11-12,6627.4
2014-11-13,6611.04
2014-11-14,6635.45
2014-11-17,6654.37
2014-11-18,6671.97
2014-11-19,6709.13
2014-11-20,6696.6
2014-11-21,6678.9
2014-11-24,6750.76
2014-11-25,6729.79
2014-11-26,6731.14
2014-11-27,6729.17
2014-11-28,6723.42
2014-12-01,6722.62
2014-12-02,6656.37
2014-12-03,6742.1
2014-12-04,6716.63
2014-12-05,6679.37
2014-12-08,6742.84
2014-12-09,6672.15
2014-12-10,6529.47
2014-12-11,6500.04
2014-12-12,6461.7
2014-12-15,6300.63
2014-12-16,6182.72
2014-12-17,6331.83
2014-12-18,6336.48
2014-12-19,6466.0
2014-12-22,6545.27
2014-12-23,6576.74
2014-12-24,6598.18
2014-12-29,6609.93
2014-12-30,6633.51
2014-12-31,6547.0
2015-01-02,6566.09
2015-01-05,6547.8
2015-01-06,6417.16
2015-01-07,6366.51
2015-01-08,6419.83
2015-01-09,6569.96
2015-01-12,6501.14
2015-01-13,6501.42
2015-01-14,6542.2
2015-01-15,6388.46
2015-01-16,6498.78
2015-01-19,6550.27
2015-01-20,6585.53
2015-01-21,6620.1
2015-01-22,6728.04
2015-01-23,6796.63
2015-01-26,6832.83
2015-01-27,6852.4
2015-01-28,6811.61
2015-01-29,6825.94
2015-01-30,6810.6
2015-02-02,6749.4
2015-02-03,6782.55
2015-02-04,6871.8
2015-02-05,6860.02
2015-02-06,6865.93
2015-02-09,6853.44
2015-02-10,6837.15
2015-02-11,6829.12
2015-02-12,6818.17
2015-02-13,6828.11
2015-02-16,6873.52
2015-02-17,6857.05
2015-02-18,6898.13
2015-02-19,6898.08
2015-02-20,6888.9
2015-02-23,6915.2
2015-02-24,6912.16
2015-02-25,6949.63
2015-02-26,6935.38
2015-02-27,6949.73
2015-03-02,6946.66
2015-03-03,6940.64
2015-03-04,6889.13
2015-03-05,6919.24
2015-03-06,6961.14
2015-03-09,6911.8
2015-03-10,6876.47
2015-03-11,6702.84
2015-03-12,6721.51
2015-03-13,6761.07
2015-03-16,6740.58
2015-03-17,6804.08
2015-03-18,6837.61
2015-03-19,6945.2
2015-03-20,6962.32
2015-03-23,7022.51
2015-03-24,7037.67
2015-03-25,7019.68
2015-03-26,6990.97
2015-03-27,6895.33
2015-03-30,6855.02
2015-03-31,6891.43
2015-04-01,6773.04
2015-04-02,6809.5
2015-04-06,6833.46
2015-04-07,
2015-04-08,6961.77
2015-04-09,6937.41
2015-04-10,7015.36
2015-04-13,7089.77
2015-04-14,7064.3
2015-04-15,7075.26
2015-04-16,7096.78
2015-04-17,7060.45
2015-04-20,6994.63
2015-04-21,7052.13
2015-04-22,7062.93
2015-04-23,7028.24
2015-04-24,7053.67
2015-04-27,7070.7
2015-04-28,7103.98
2015-04-29,7030.53
2015-04-30,6946.28
2015-05-01,6960.63
2015-05-04,6985.95
2015-05-05,
2015-05-06,6927.58
2015-05-07,6933.74
2015-05-08,6886.95
2015-05-11,7046.82
2015-05-12,7029.85
2015-05-13,6933.8
2015-05-14,6949.63
2015-05-15,6973.04
2015-05-18,6960.49
2015-05-19,6968.87
2015-05-20,6995.1
2015-05-21,7007.26
2015-05-22,7013.47
2015-05-26,7031.72
2015-05-27,6948.99
2015-05-28,7033.33
2015-05-29,7040.92
2015-06-01,6984.43
2015-06-02,6953.58
2015-06-03,6928.27
2015-06-04,6950.46
2015-06-05,6859.24
2015-06-08,6804.6
2015-06-09,6790.04
2015-06-10,6753.8
2015-06-11,6830.27
2015-06-12,6846.74
2015-06-15,6784.92
2015-06-16,6710.52
2015-06-17,6710.1
2015-06-18,6680.55
2015-06-19,6707.88
2015-06-22,6710.45
2015-06-23,6825.67
2015-06-24,6834.87
2015-06-25,6844.8
2015-06-26,6807.82
2015-06-29,6753.7
2015-06-30,6620.48
2015-07-01,6520.98
2015-07-02,6608.59
2015-07-03,6630.47
2015-07-06,6585.78
2015-07-07,6535.68
2015-07-08,6432.21
2015-07-09,6490.7
2015-07-10,6581.63
2015-07-13,6673.38
2015-07-14,6737.95
2015-07-15,6753.75
2015-07-16,6753.75
2015-07-17,6796.45
2015-07-20,6775.08
2015-07-21,6788.69
2015-07-22,6769.07
2015-07-23,6667.34
2015-07-24,6655.01
2015-07-27,6579.81
2015-07-28,6505.13
2015-07-29,6555.28
2015-07-30,6631.0
2015-07-31,6668.87
2015-08-03,6696.28
2015-08-04,6688.62
2015-08-05,6686.57
2015-08-06,6752.41
2015-08-07,6747.09
2015-08-10,6718.49
2015-08-11,6736.22
2015-08-12,6664.54
2015-08-13,6571.19
2015-08-14,6568.33
2015-08-17,6550.74
2015-08-18,6550.3
2015-08-19,6526.29
2015-08-20,6403.45
2015-08-21,6367.89
2015-08-24,6187.65
2015-08-25,5898.87
2015-08-26,6081.34
2015-08-27,5979.2
2015-08-28,6192.03
2015-08-31,6247.94
2015-09-01,
2015-09-02,6058.54
2015-09-03,6083.31
2015-09-04,6194.1
2015-09-07,6042.92
2015-09-08,6074.52
2015-09-09,6146.1
2015-09-10,6229.01
2015-09-11,6155.81
2015-09-14,6117.76
2015-09-15,6084.59
2015-09-16,6137.6
2015-09-17,6229.21
2015-09-18,6186.99
2015-09-21,6104.11
2015-09-22,6108.71
2015-09-23,5935.84
2015-09-24,6032.24
2015-09-25,5961.49
2015-09-28,6109.01
2015-09-29,5958.86
2015-09-30,5909.24
2015-10-01,6061.61
2015-10-02,6072.47
2015-10-05,6129.98
2015-10-06,6298.92
2015-10-07,6326.16
2015-10-08,6336.35
2015-10-09,6374.82
2015-10-12,6416.16
2015-10-13,6371.18
2015-10-14,6342.28
2015-10-15,6269.61
2015-10-16,6338.67
2015-10-19,6378.04
2015-10-20,6352.33
2015-10-21,6345.13
2015-10-22,6348.42
2015-10-23,6376.28
2015-10-26,6444.08
2015-10-27,6417.02
2015-10-28,6365.27
2015-10-29,6437.8
2015-10-30,6395.8
2015-11-02,6361.09
2015-11-03,6361.8
2015-11-04,6383.61
2015-11-05,6412.88
2015-11-06,6364.9
2015-11-09,6353.83
2015-11-10,6295.16
2015-11-11,6275.28
2015-11-12,6297.2
2015-11-13,6178.68
2015-11-16,6118.28
2015-11-17,6146.38
2015-11-18,6268.76
2015-11-19,6278.97
2015-11-20,6329.93
2015-11-23,6334.63
2015-11-24,6305.49
2015-11-25,6277.23
2015-11-26,6337.64
2015-11-27,6393.13
2015-11-30,6375.15
2015-12-01,6356.09
2015-12-02,6395.65
2015-12-03,6420.93
2015-12-04,6275.0
2015-12-07,6238.29
2015-12-08,6223.52
2015-12-09,6135.22
2015-12-10,6126.68
2015-12-11,6088.05
2015-12-14,5952.78
2015-12-15,5874.06
2015-12-16,6017.79
2015-12-17,6061.19
2015-12-18,6102.54
2015-12-21,6052.42
2015-12-22,6034.84
2015-12-23,6083.1
2015-12-24,6240.98
2015-12-28,6254.64
2015-12-29,
2015-12-30,6314.57
2015-12-31,6274.05
2016-01-04,6242.32
2016-01-05,6093.43
2016-01-06,6137.24
2016-01-07,6073.38
2016-01-08,5954.08
2016-01-11,5912.44
2016-01-12,5871.83
2016-01-13,5929.24
2016-01-14,5960.97
2016-01-15,5918.23
2016-01-18,5804.1
2016-01-19,5779.92
2016-01-20,5876.8
2016-01-21,5673.58
2016-01-22,5773.79
2016-01-25,5900.01
2016-01-26,5877.0
2016-01-27,5911.46
2016-01-28,5990.37
2016-01-29,5931.78
2016-02-01,6083.79
2016-02-02,6060.1
2016-02-03,5922.01
2016-02-04,5837.14
2016-02-05,5898.76
2016-02-08,5848.06
2016-02-09,5689.36
2016-02-10,5632.19
2016-02-11,5672.3
2016-02-12,5536.97
2016-02-15,5707.6
2016-02-16,5824.28
2016-02-17,5862.17
2016-02-18,6030.32
2016-02-19,5971.95
2016-02-22,5950.23
2016-02-23,6037.73
2016-02-24,5962.31
2016-02-25,5867.18
2016-02-26,6012.81
2016-02-29,6096.01
2016-03-01,6097.09
2016-03-02,6152.88
2016-03-03,6147.06
2016-03-04,6130.46
2016-03-07,6199.43
2016-03-08,6182.4
2016-03-09,6125.44
2016-03-10,6146.32
2016-03-11,6036.7
2016-03-14,6139.79
2016-03-15,6174.57
2016-03-16,6139.97
2016-03-17,6175.49
2016-03-18,6201.12
2016-03-21,6189.64
2016-03-22,6184.58
2016-03-23,6192.74
2016-03-24,6199.11
2016-03-29,6106.48
2016-03-30,6105.9
2016-03-31,6203.17
2016-04-01,6174.9
2016-04-04,6146.05
2016-04-05,6164.72
2016-04-06,6091.23
2016-04-07,6161.63
2016-04-08,6136.89
2016-04-11,6204.41
2016-04-12,6200.12
2016-04-13,6242.39
2016-04-14,6362.89
2016-04-15,6365.1
2016-04-18,6343.75
2016-04-19,6353.52
2016-04-20,6405.35
2016-04-21,6410.26
2016-04-22,6381.44
2016-04-25,6310.44
2016-04-26,6260.92
2016-04-27,6284.52
2016-04-28,6319.91
2016-04-29,6322.4
2016-05-02,6241.89
2016-05-03,
2016-05-04,6185.59
2016-05-05,6112.02
2016-05-06,6117.25
2016-05-09,6125.7
2016-05-10,6114.81
2016-05-11,6156.65
2016-05-12,6162.49
2016-05-13,6104.19
2016-05-16,6138.5
2016-05-17,6151.4
2016-05-18,6167.77
2016-05-19,6165.8
2016-05-20,6053.35
2016-05-23,6156.32
2016-05-24,6136.43
2016-05-25,6219.26
2016-05-26,6262.85
2016-05-27,6265.65
2016-05-30,6270.79
2016-05-31,
2016-06-01,6230.79
2016-06-02,6191.93
2016-06-03,6185.61
2016-06-06,6209.63
2016-06-07,6273.4
2016-06-08,6284.53
2016-06-09,6301.52
2016-06-10,6231.89
2016-06-13,6115.76
2016-06-14,6044.97
2016-06-15,5923.53
2016-06-16,5966.8
2016-06-17,5950.48
2016-06-20,6021.09
2016-06-21,6204.0
2016-06-22,6226.55
2016-06-23,6261.19
2016-06-24,6338.1
2016-06-27,6138.69
2016-06-28,5982.2
2016-06-29,6140.39
2016-06-30,6360.06
2016-07-01,6504.33
2016-07-04,6577.83
2016-07-05,6522.26
2016-07-06,6545.37
2016-07-07,6463.59
2016-07-08,6533.79
2016-07-11,6590.64
2016-07-12,6682.86
2016-07-13,6680.69
2016-07-14,6670.4
2016-07-15,6654.47
2016-07-18,6669.24
2016-07-19,6695.42
2016-07-20,6697.37
2016-07-21,6728.99
2016-07-22,6699.89
2016-07-25,6730.48
2016-07-26,6710.13
2016-07-27,6724.03
2016-07-28,6750.43
2016-07-29,6721.06
2016-08-01,6724.43
2016-08-02,6693.95
2016-08-03,6645.4
2016-08-04,6634.4
2016-08-05,6740.16
2016-08-08,6793.47
2016-08-09,6809.13
2016-08-10,6851.3
2016-08-11,6866.42
2016-08-12,6914.71
2016-08-15,6916.02
2016-08-16,6941.19
2016-08-17,6893.92
2016-08-18,6859.15
2016-08-19,6868.96
2016-08-22,6858.95
2016-08-23,6828.54
2016-08-24,6868.51
2016-08-25,6835.78
2016-08-26,6816.9
2016-08-29,6838.05
2016-08-30,
2016-08-31,6820.79
2016-09-01,6781.51
2016-09-02,6745.97
2016-09-05,6894.6
2016-09-06,6879.42
2016-09-07,6826.05
2016-09-08,6846.58
2016-09-09,6858.7
2016-09-12,6776.95
2016-09-13,6700.9
2016-09-14,6665.63
2016-09-15,6673.31
2016-09-16,6730.3
2016-09-19,6710.28
2016-09-20,6813.55
2016-09-21,6830.79
2016-09-22,6834.77
2016-09-23,6911.4
2016-09-26,6909.43
2016-09-27,6818.04
2016-09-28,6807.67
2016-09-29,6849.38
2016-09-30,6919.42
2016-10-03,6899.33
2016-10-04,6983.52
2016-10-05,7074.34
2016-10-06,7033.25
2016-10-07,6999.96
2016-10-10,7044.39
2016-10-11,7097.5
2016-10-12,7070.88
2016-10-13,7024.01
2016-10-14,6977.74
2016-10-17,7013.55
2016-10-18,6947.55
2016-10-19,7000.06
2016-10-20,7021.92
2016-10-21,7026.9
2016-10-24,7020.47
2016-10-25,6986.4
2016-10-26,7017.64
2016-10-27,6958.09
2016-10-28,6986.57
2016-10-31,6996.26
2016-11-01,6954.22
2016-11-02,6917.14
2016-11-03,6845.42
2016-11-04,6790.51
2016-11-07,6693.26
2016-11-08,6806.9
2016-11-09,6843.13
2016-11-10,6911.84
2016-11-11,6827.98
2016-11-14,6730.43
2016-11-15,6753.18
2016-11-16,6792.74
2016-11-17,6749.72
2016-11-18,6794.71
2016-11-21,6775.77
2016-11-22,6777.96
2016-11-23,6819.72
2016-11-24,6817.71
2016-11-25,6829.2
2016-11-28,6840.75
2016-11-29,6799.47
2016-11-30,6772.0
2016-12-01,6783.79
2016-12-02,6752.93
2016-12-05,6730.72
2016-12-06,6746.83
2016-12-07,6779.84
2016-12-08,6902.23
2016-12-09,6931.55
2016-12-12,6954.21
2016-12-13,6890.42
2016-12-14,6968.57
2016-12-15,6949.19
2016-12-16,6999.01
2016-12-19,7011.64
2016-12-20,7017.16
2016-12-21,7043.96
2016-12-22,7041.42
2016-12-23,7063.68
2016-12-27,7068.17
2016-12-28,
2016-12-29,7106.08
2016-12-30,7120.26
2017-01-02,7142.83
2017-01-03,
2017-01-04,7177.89
2017-01-05,7189.74
2017-01-06,7195.31
2017-01-09,7210.05
2017-01-10,7237.77
2017-01-11,7275.47
2017-01-12,7290.49
2017-01-13,7292.37
2017-01-16,7337.81
2017-01-17,7327.13
2017-01-18,7220.38
2017-01-19,7247.61
2017-01-20,7208.44
2017-01-23,7198.44
2017-01-24,7151.18
2017-01-25,7150.34
2017-01-26,7164.43
2017-01-27,7161.49
2017-01-30,7184.49
2017-01-31,7118.48
2017-02-01,7099.15
2017-02-02,7107.65
2017-02-03,7140.75
2017-02-06,7188.3
2017-02-07,7172.15
2017-02-08,7186.22
2017-02-09,7188.82
2017-02-10,7229.5
2017-02-13,7258.75
2017-02-14,7278.92
2017-02-15,7268.56
2017-02-16,7302.41
2017-02-17,7277.92
2017-02-20,7299.96
2017-02-21,7299.86
2017-02-22,7274.83
2017-02-23,7302.25
2017-02-24,7271.37
2017-02-27,7243.7
2017-02-28,7253.0
2017-03-01,7263.44
2017-03-02,7382.9
2017-03-03,7382.35
2017-03-06,7374.26
2017-03-07,7350.12
2017-03-08,7338.99
2017-03-09,7334.61
2017-03-10,7314.96
2017-03-13,7343.08
2017-03-14,7367.08
2017-03-15,7357.85
2017-03-16,7368.64
2017-03-17,7415.95
2017-03-20,7424.96
2017-03-21,7429.81
2017-03-22,7378.34
2017-03-23,7324.72
2017-03-24,7340.71
2017-03-27,7336.82
2017-03-28,7293.5
2017-03-29,7343.42
2017-03-30,7373.72
2017-03-31,7369.52
2017-04-03,7322.92
2017-04-04,7282.69
2017-04-05,7321.82
2017-04-06,7331.68
2017-04-07,7303.2
2017-04-10,7349.37
2017-04-11,7348.94
2017-04-12,7365.5
2017-04-13,7348.99
2017-04-17,7327.59
2017-04-18,
2017-04-19,7147.5
2017-04-20,7114.36
2017-04-21,7118.54
2017-04-24,7114.55
2017-04-25,7264.68
2017-04-26,7275.64
2017-04-27,7288.72
2017-04-28,7237.17
2017-05-01,7203.94
2017-05-02,
2017-05-03,7250.05
2017-05-04,7234.53
2017-05-05,7248.1
2017-05-08,7297.43
2017-05-09,7300.86
2017-05-10,7342.21
2017-05-11,7385.24
2017-05-12,7386.63
2017-05-15,7435.39
2017-05-16,7454.37
2017-05-17,7522.03
2017-05-18,7503.47
2017-05-19,7436.42
2017-05-22,7470.71
2017-05-23,7496.34
2017-05-24,7485.29
2017-05-25,7514.9
2017-05-26,7517.71
2017-05-29,7547.63
2017-05-30,
2017-05-31,7526.51
2017-06-01,7519.95
2017-06-02,7543.77
2017-06-05,7547.63
2017-06-06,7525.76
2017-06-07,7524.95
2017-06-08,7478.62
2017-06-09,7449.98
2017-06-12,7527.33
2017-06-13,7511.87
2017-06-14,7500.44
2017-06-15,7474.4
2017-06-16,7419.36
2017-06-19,7463.54
2017-06-20,7523.81
2017-06-21,7472.71
2017-06-22,7447.79
2017-06-23,7439.29
2017-06-26,7424.13
2017-06-27,7446.8
2017-06-28,7434.36
2017-06-29,7387.8
2017-06-30,7350.32
2017-07-03,7312.72
2017-07-04,7377.09
2017-07-05,7357.23
2017-07-06,7367.6
2017-07-07,7337.28
2017-07-10,7350.92
2017-07-11,7370.03
2017-07-12,7329.76
2017-07-13,7416.93
2017-07-14,7413.44
2017-07-17,7378.39
2017-07-18,7404.13
2017-07-19,7390.22
2017-07-20,7430.91
2017-07-21,7487.87
2017-07-24,7452.91
2017-07-25,7377.73
2017-07-26,7434.82
2017-07-27,7452.32
2017-07-28,7443.01
2017-07-31,7368.37
2017-08-01,7372.0
2017-08-02,7423.66
2017-08-03,7411.43
2017-08-04,7474.77
2017-08-07,7511.71
2017-08-08,7531.94
2017-08-09,7542.73
2017-08-10,7498.06
2017-08-11,7389.94
2017-08-14,7309.96
2017-08-15,7353.89
2017-08-16,7383.85
2017-08-17,7433.03
2017-08-18,7387.87
2017-08-21,7323.98
2017-08-22,7318.88
2017-08-23,7381.74
2017-08-24,7382.65
2017-08-25,7407.06
2017-08-28,7401.46
2017-08-29,
2017-08-30,7337.43
2017-08-31,7365.26
2017-09-01,7430.62
2017-09-04,7438.5
2017-09-05,7411.47
2017-09-06,7372.92
2017-09-07,7354.13
2017-09-08,7396.98
2017-09-11,7377.6
2017-09-12,7413.59
2017-09-13,7400.69
2017-09-14,7379.7
2017-09-15,7295.39
2017-09-18,7215.47
2017-09-19,7253.28
2017-09-20,7275.25
2017-09-21,7271.95
2017-09-22,7263.9
2017-09-25,7310.64
2017-09-26,7301.29
2017-09-27,7285.74
2017-09-28,7313.51
2017-09-29,7322.82
2017-10-02,7372.76
2017-10-03,7438.84
2017-10-04,7468.11
2017-10-05,7467.58
2017-10-06,7507.99
2017-10-09,7522.87
2017-10-10,7507.89
2017-10-11,7538.27
2017-10-12,7533.81
2017-10-13,7556.24
2017-10-16,7535.44
2017-10-17,7526.97
2017-10-18,7516.17
2017-10-19,7542.87
2017-10-20,7523.04
2017-10-23,7523.23
2017-10-24,7524.45
2017-10-25,7526.54
2017-10-26,7447.21
2017-10-27,7486.5
2017-10-30,7505.03
2017-10-31,7487.81
2017-11-01,7493.08
2017-11-02,7487.96
2017-11-03,7555.32
2017-11-06,7560.35
2017-11-07,7562.28
2017-11-08,7513.11
2017-11-09,7529.72
2017-11-10,7484.1
2017-11-13,7432.99
2017-11-14,7415.18
2017-11-15,7414.42
2017-11-16,7372.61
2017-11-17,7386.94
2017-11-20,7380.68
2017-11-21,7389.46
2017-11-22,7411.34
2017-11-23,7419.02
2017-11-24,7417.24
2017-11-27,7409.64
2017-11-28,7383.9
2017-11-29,7460.65
2017-11-30,7393.56
2017-12-01,7326.67
2017-12-04,7300.49
2017-12-05,7338.97
2017-12-06,7327.5
2017-12-07,7348.03
2017-12-08,7320.75
2017-12-11,7393.96
2017-12-12,7453.48
2017-12-13,7500.41
2017-12-14,7496.51
2017-12-15,7448.12
2017-12-18,7490.57
2017-12-19,7537.01
2017-12-20,7544.09
2017-12-21,7525.22
2017-12-22,7603.98
2017-12-27,7592.66
2017-12-28,7620.68
2017-12-29,7622.88
2018-01-02,7687.77
2018-01-03,7648.1
2018-01-04,7671.11
2018-01-05,7695.88
2018-01-08,7724.22
2018-01-09,7696.51
2018-01-10,7731.02
2018-01-11,7748.51
2018-01-12,7762.94
2018-01-15,7778.64
2018-01-16,7769.14
2018-01-17,7755.93
2018-01-18,7725.43
2018-01-19,7700.96
2018-01-22,7730.79
2018-01-23,7715.44
2018-01-24,7731.83
2018-01-25,7643.43
2018-01-26,7615.84
2018-01-29,7665.54
2018-01-30,7671.53
2018-01-31,7587.98
2018-02-01,7533.55
2018-02-02,7490.39
2018-02-05,7443.43
2018-02-06,7334.98
2018-02-07,7141.4
2018-02-08,7279.42
2018-02-09,7170.69
2018-02-12,7092.43
2018-02-13,7177.06
2018-02-14,7168.01
2018-02-15,7213.97
2018-02-16,7234.81
2018-02-19,7294.7
2018-02-20,7247.66
2018-02-21,7246.77
2018-02-22,7281.57
2018-02-23,7252.39
2018-02-26,7244.41
2018-02-27,7289.58
2018-02-28,7282.45
2018-03-01,7231.91
2018-03-02,7175.64
2018-03-05,7069.9
2018-03-06,7115.98
2018-03-07,7146.75
2018-03-08,7157.84
2018-03-09,7203.24
2018-03-12,7224.51
2018-03-13,7214.76
2018-03-14,7138.78
2018-03-15,7132.69
2018-03-16,7139.76
2018-03-19,7164.14
2018-03-20,7042.93
2018-03-21,7061.27
2018-03-22,7038.97
2018-03-23,6952.59
2018-03-26,6921.94
2018-03-27,6888.69
2018-03-28,7000.14
2018-03-29,7044.74
2018-04-03,7056.61
2018-04-04,7030.46
2018-04-05,7034.01
2018-04-06,7199.5
2018-04-09,7183.64
2018-04-10,7194.75
2018-04-11,7266.75
2018-04-12,7257.14
2018-04-13,7258.34
2018-04-16,7264.56
2018-04-17,7198.2
2018-04-18,7226.05
2018-04-19,7317.34
2018-04-20,7328.92
2018-04-23,7368.17
2018-04-24,7398.87
2018-04-25,7425.4
2018-04-26,7379.32
2018-04-27,7421.43
2018-04-30,7502.21
2018-05-01,7509.3
2018-05-02,7520.36
2018-05-03,7543.2
2018-05-04,7502.69
2018-05-08,7567.14
2018-05-09,7565.75
2018-05-10,7662.52
2018-05-11,7700.97
2018-05-14,7724.55
2018-05-15,7710.98
2018-05-16,7722.98
2018-05-17,7734.2
2018-05-18,7787.97
2018-05-21,7778.79
2018-05-22,7859.17
2018-05-23,7877.45
2018-05-24,7788.44
2018-05-25,7716.74
2018-05-29,7730.28
2018-05-30,7632.64
2018-05-31,7689.57
2018-06-01,7678.2
2018-06-04,7701.77
2018-06-05,7741.29
2018-06-06,7686.8
2018-06-07,7712.37
2018-06-08,7704.4
2018-06-11,7681.07
2018-06-12,7737.43
2018-06-13,7703.81
2018-06-14,7703.71
2018-06-15,7765.79
2018-06-18,7633.91
2018-06-19,7631.33
2018-06-20,7603.85
2018-06-21,7627.4
2018-06-22,7556.44
2018-06-25,7682.27
2018-06-26,7509.84
2018-06-27,7537.92
2018-06-28,7621.69
2018-06-29,7615.63
2018-07-02,7636.93
2018-07-03,7547.85
2018-07-04,7593.29
2018-07-05,7573.09
2018-07-06,7603.22
2018-07-09,7617.7
2018-07-10,7687.99
2018-07-11,7692.04
2018-07-12,7591.96
2018-07-13,7651.33
2018-07-16,7661.87
2018-07-17,7600.45
2018-07-18,7626.33
2018-07-19,7676.28
2018-07-20,7683.97
2018-07-23,7678.79
2018-07-24,7655.79
2018-07-25,7709.05
2018-07-26,7658.26
2018-07-27,7663.17
2018-07-30,7701.31
2018-07-31,7700.85
2018-08-01,7748.76
2018-08-02,7652.91
2018-08-03,7575.93
2018-08-06,7659.1
2018-08-07,7663.78
2018-08-08,7718.48
2018-08-09,7776.65
2018-08-10,7741.77
2018-08-13,7667.01
2018-08-14,7642.45
2018-08-15,7611.64
2018-08-16,7497.87
2018-08-17,7556.38
2018-08-20,7558.59
2018-08-21,7591.26
2018-08-22,7565.7
2018-08-23,7574.24
2018-08-24,7563.22
2018-08-27,7577.49
2018-08-28,
2018-08-29,7617.22
2018-08-30,7563.21
2018-08-31,7516.03
2018-09-03,7432.42
2018-09-04,7504.6
2018-09-05,7457.86
2018-09-06,7383.28
2018-09-07,7318.96
2018-09-10,7277.7
2018-09-11,7279.3
2018-09-12,7273.54
2018-09-13,7313.36
2018-09-14,7281.57
2018-09-17,7304.04
2018-09-18,7302.1
2018-09-19,7300.23
2018-09-20,7331.12
2018-09-21,7367.32
2018-09-24,7490.23
2018-09-25,7458.41
2018-09-26,7507.56
2018-09-27,7511.49
2018-09-28,7545.44
2018-10-01,7510.2
2018-10-02,7495.67
2018-10-03,7474.55
2018-10-04,7510.28
2018-10-05,7418.34
2018-10-08,7318.54
2018-10-09,7233.33
2018-10-10,7237.59
2018-10-11,7145.74
2018-10-12,7006.93
2018-10-15,6995.91
2018-10-16,7029.22
2018-10-17,7059.4
2018-10-18,7054.6
2018-10-19,7026.99
2018-10-22,7049.8
2018-10-23,7042.8
2018-10-24,6955.21
2018-10-25,6962.98
2018-10-26,7004.1
2018-10-29,6939.56
2018-10-30,7026.32
2018-10-31,7035.85
2018-11-01,7128.1
2018-11-02,7114.66
2018-11-05,7094.12
2018-11-06,7103.84
2018-11-07,7040.68
2018-11-08,7117.28
2018-11-09,7140.68
2018-11-12,7105.34
2018-11-13,7053.08
2018-11-14,7053.76
2018-11-15,7033.79
2018-11-16,7038.01
2018-11-19,7013.88
2018-11-20,7000.89
2018-11-21,6947.92
2018-11-22,7050.23
2018-11-23,6960.32
2018-11-26,6952.86
2018-11-27,7036.0
2018-11-28,7016.85
2018-11-29,7004.52
2018-11-30,7038.95
2018-12-03,6980.24
2018-12-04,7062.41
2018-12-05,7022.76
2018-12-06,6921.84
2018-12-07,6704.05
2018-12-10,6778.11
2018-12-11,6721.54
2018-12-12,6806.94
2018-12-13,6880.19
2018-12-14,6877.5
2018-12-17,6845.17
2018-12-18,6773.24
2018-12-19,6701.59
2018-12-20,6765.94
2018-12-21,6711.93
2018-12-24,6721.17
2018-12-27,6685.99
2018-12-28,6584.68
2018-12-31,6733.97
2019-01-02,6728.13
2019-01-03,6734.23
2019-01-04,6692.66
2019-01-07,6837.42
2019-01-08,6810.88
2019-01-09,6861.6
2019-01-10,6906.63
2019-01-11,6942.87
2019-01-14,6918.18
2019-01-15,6855.02
2019-01-16,6895.02
2019-01-17,6862.68
2019-01-18,6834.92
2019-01-21,6968.33
2019-01-22,6970.59
2019-01-23,6901.39
2019-01-24,6842.88
2019-01-25,6818.95
2019-01-28,6809.22
2019-01-29,6747.1
2019-01-30,6833.93
2019-01-31,6941.63
2019-02-01,6968.85
2019-02-04,7020.22
2019-02-05,7034.13
2019-02-06,7177.37
2019-02-07,7173.09
2019-02-08,7093.58
2019-02-11,7071.18
2019-02-12,7129.11
2019-02-13,7133.14
2019-02-14,7190.84
2019-02-15,7197.01
2019-02-18,7236.68
2019-02-19,7219.47
2019-02-20,7179.17
2019-02-21,7228.62
2019-02-22,7167.39
2019-02-25,7178.6
2019-02-26,7183.74
2019-02-27,7151.12
2019-02-28,7107.2
2019-03-01,7074.73
2019-03-04,7106.73
2019-03-05,7134.39
2019-03-06,7183.43
2019-03-07,7196.0
2019-03-08,7157.55
2019-03-11,7104.31
2019-03-12,7130.62
2019-03-13,7151.15
2019-03-14,7159.19
2019-03-15,7185.43
2019-03-18,7228.28
2019-03-19,7299.19
2019-03-20,7324.0
2019-03-21,7291.01
2019-03-22,7355.31
2019-03-25,7207.59
2019-03-26,7177.58
2019-03-27,7196.29
2019-03-28,7194.19
2019-03-29,7234.33
2019-04-01,7279.19
2019-04-02,7317.38
2019-04-03,7391.12
2019-04-04,7418.28
2019-04-05,7401.94
2019-04-08,7446.87
2019-04-09,7451.89
2019-04-10,7425.57
2019-04-11,7421.91
2019-04-12,7417.95
2019-04-15,7437.06
2019-04-16,7436.87
2019-04-17,7469.92
2019-04-18,7471.32
2019-04-23,7459.88
2019-04-24,7523.07
2019-04-25,7471.75
2019-04-26,7434.13
2019-04-29,7428.19
2019-04-30,7440.66
2019-05-01,7418.22
2019-05-02,7385.26
2019-05-03,7351.31
2019-05-07,7380.64
2019-05-08,7260.47
2019-05-09,7271.0
2019-05-10,7207.41
2019-05-13,7203.29
2019-05-14,7163.68
2019-05-15,7241.6
2019-05-16,7296.95
2019-05-17,7353.51
2019-05-20,7348.62
2019-05-21,7310.88
2019-05-22,7328.92
2019-05-23,7334.19
2019-05-24,7231.04
2019-05-28,7277.73
2019-05-29,7268.95
2019-05-30,7185.3
2019-05-31,7218.16
2019-06-03,7161.71
2019-06-04,7184.8
2019-06-05,7214.29
2019-06-06,7220.22
2019-06-07,7259.85
2019-06-10,7331.94
2019-06-11,7375.54
2019-06-12,7398.45
2019-06-13,7367.62
2019-06-14,7368.57
2019-06-17,7345.78
2019-06-18,7357.31
2019-06-19,7443.04
2019-06-20,7403.54
2019-06-21,7424.44
2019-06-24,7407.5
2019-06-25,7416.69
2019-06-26,7422.43
2019-06-27,7416.39
2019-06-28,7402.33
2019-07-01,7425.63
2019-07-02,7497.5
2019-07-03,7559.19
2019-07-04,7609.32
2019-07-05,7603.58
2019-07-08,7553.14
2019-07-09,7549.27
2019-07-10,7536.47
2019-07-11,7530.69
2019-07-12,7509.82
2019-07-15,7505.97
2019-07-16,7531.72
2019-07-17,7577.2
2019-07-18,7535.46
2019-07-19,7493.09
2019-07-22,7508.7
2019-07-23,7514.93
2019-07-24,7556.86
2019-07-25,7501.46
2019-07-26,7489.05
2019-07-29,7549.06
2019-07-30,7686.61
2019-07-31,7646.77
2019-08-01,7586.78
2019-08-02,7584.87
2019-08-05,7407.06
2019-08-06,7223.85
2019-08-07,7171.69
2019-08-08,7198.7
2019-08-09,7285.9
2019-08-12,7253.85
2019-08-13,7226.72
2019-08-14,7250.9
2019-08-15,7147.88
2019-08-16,7067.01
2019-08-19,7117.15
2019-08-20,7189.65
2019-08-21,7125.0
2019-08-22,7203.97
2019-08-23,7128.18
2019-08-27,7094.98
2019-08-28,7089.58
2019-08-29,7114.71
2019-08-30,7184.32
2019-09-02,7207.18
2019-09-03,7281.94
2019-09-04,7268.19
2019-09-05,7311.26
2019-09-06,7271.17
2019-09-09,7282.34
2019-09-10,7235.81
2019-09-11,7267.95
2019-09-12,7338.03
2019-09-13,7344.67
2019-09-16,7367.46
2019-09-17,7321.41
2019-09-18,7320.4
2019-09-19,7314.05
2019-09-20,7356.42
2019-09-23,7344.92
2019-09-24,7326.08
2019-09-25,7291.43
2019-09-26,7289.99
2019-09-27,7351.08
2019-09-30,7426.21
2019-10-01,7408.21
2019-10-02,7360.32
2019-10-03,7122.54
2019-10-04,7077.64
2019-10-07,7155.38
2019-10-08,7197.88
2019-10-09,7143.15
2019-10-10,7166.5
2019-10-11,7186.36
2019-10-14,7247.08
2019-10-15,7213.45
2019-10-16,7211.64
2019-10-17,7167.95
2019-10-18,7182.32
2019-10-21,7150.57
2019-10-22,7163.64
2019-10-23,7212.49
2019-10-24,7260.74
2019-10-25,7328.25
2019-10-28,7324.47
2019-10-29,7331.28
2019-10-30,7306.26
2019-10-31,7330.78
2019-11-01,7248.38
2019-11-04,7302.42
2019-11-05,7369.69
2019-11-06,7388.08
2019-11-07,7396.65
2019-11-08,7406.41
2019-11-11,7359.38
2019-11-12,7328.54
2019-11-13,7365.44
2019-11-14,7351.21
2019-11-15,7292.76
2019-11-18,7302.94
2019-11-19,7307.7
2019-11-20,7323.8
2019-11-21,7262.49
2019-11-22,7238.55
2019-11-25,7326.81
2019-11-26,7396.29
2019-11-27,7403.14
2019-11-28,7429.78
2019-11-29,7416.43
2019-12-02,7346.53
2019-12-03,7285.94
2019-12-04,7158.76
2019-12-05,7188.5
2019-12-06,7137.85
2019-12-09,7239.66
2019-12-10,7233.9
2019-12-11,7213.76
2019-12-12,7216.25
2019-12-13,7273.47
2019-12-16,7353.44
2019-12-17,7519.05
2019-12-18,7525.28
2019-12-19,7540.75
2019-12-20,7573.82
2019-12-23,7582.48
2019-12-24,7623.59
2019-12-27,7632.24
2019-12-30,7644.9
2019-12-31,7587.05
2020-01-02,7542.44
2020-01-03,7604.3
2020-01-06,7622.4
2020-01-07,7575.34
2020-01-08,7573.85
2020-01-09,7574.93
2020-01-10,7598.12
2020-01-13,7587.85
